order_id,customer_id,product,category,quantity,unit_price,discount_pct,order_date,city,payment_method,order_status
100001,C1654,Monitor,Electronics,1,16086.98,0,2026-04-25,Mumbai,UPI,CANCELLED
100002,C1758,Mechanical Keyboard,Electronics,1,6676.46,0,2026-01-16,Bengaluru,Credit Card,COMPLETED
100003,C1517,Desk Lamp,Furniture,1,1629.4,15,2026-08-03,Delhi,Net Banking,PENDING
100004,C1284,Laptop,Electronics,2,63566.51,0,2026-05-23,Mumbai,Credit Card,COMPLETED
100005,C1104,Keyboard,Electronics,4,2197.54,20,2026-06-26,Kochi,Debit Card,COMPLETED
100006,C1747,Backpack,Accessories,5,-1200,5,2026-02-10,Ahmedabad,Debit Card,CANCELLED
100007,C1633,SSD 1TB,Electronics,5,6353.81,0,2026-01-24,Delhi,Debit Card,COMPLETED
100008,C1875,Laptop Stand,Accessories,1,1735.27,5,2026-07-06,Mumbai,Debit Card,COMPLETED
100009,C1214,Office Chair,Furniture,6,13571.96,15,2026-02-06,Kochi,Credit Card,PENDING
100010,C1746,Laptop Stand,Accessories,2,1779.62,0,2026-04-23,Pune,UPI,COMPLETED
100011,C1841,Mouse,Electronics,3,776.28,0,2026-04-19,Kochi,Debit Card,COMPLETED
100012,C1671,Printer,Electronics,4,15615.67,15,2026-08-23,Mumbai,Debit Card,COMPLETED
100013,C1252,Mechanical Keyboard,Electronics,5,6037.35,10,2026-08-08,Kochi,Net Banking,COMPLETED
100014,C1224,USB Cable,Accessories,5,499.03,20,2026-01-25,Bengaluru,Credit Card,CANCELLED
100015,C1163,Tablet,Electronics,5,24333.63,5,2026-08-28,Ahmedabad,Debit Card,PENDING
100016,C1881,Laptop,Electronics,-1,63972.99,15,2026-10-02,Hyderabad,Debit Card,COMPLETED
100017,C1300,Tablet,Electronics,2,27611.28,15,2026-05-15,Ahmedabad,Credit Card,PENDING
100018,C1934,Monitor,Electronics,6,14093.0,15,2026-09-17,Kochi,Credit Card,COMPLETED
100019,C1382,Headphones,Electronics,5,3408.15,10,2026-01-01,Kochi,Debit Card,SHIPPED
100020,C1019,Monitor,Electronics,3,16704.25,20,2026-06-07,Delhi,UPI,COMPLETED
100021,C1899,Smartwatch,Electronics,1,7881.26,5,2026-02-05,Ahmedabad,Credit Card,COMPLETED
100022,C1675,Printer,Electronics,5,12593.53,10,2026-08-05,Delhi,COD,CANCELLED
100023,C1706,Webcam,Electronics,6,4245.82,15,2026-07-11,Jaipur,COD,SHIPPED
100024,C1123,Laptop Stand,Accessories,2,1564.57,0,2026-04-28,Kochi,Credit Card,COMPLETED
100025,C1072,Mouse,Electronics,2,696.18,0,2026-06-19,Bengaluru,COD,COMPLETED
100026,C1285,Printer,Electronics,2,14164.78,15,2026-08-31,Delhi,Net Banking,SHIPPED
100027,C1194,Monitor,Electronics,1,15715.42,0,2026-08-05,Chennai,Net Banking,CANCELLED
100028,C1055,Monitor,Electronics,1,14561.8,0,2026-02-25,Delhi,Credit Card,COMPLETED
100029,C1549,Backpack,Accessories,2,2441.41,0,2026-08-25,Delhi,UPI,SHIPPED
100030,C1827,Mechanical Keyboard,Electronics,1,5623.65,10,2026-01-08,Bengaluru,Credit Card,COMPLETED
100031,C1416,Printer,Electronics,4,12797.74,5,2026-01-31,Mumbai,Net Banking,COMPLETED
100032,C1399,Office Chair,Furniture,4,11226.9,15,2026-09-07,Mumbai,Credit Card,COMPLETED
100033,C1222,Mouse,Electronics,5,856.58,0,2026-06-10,Kolkata,UPI,PENDING
100034,C1488,Router,Electronics,5,2871.14,10,2026-02-11,Mumbai,UPI,PENDING
100035,C1069,Laptop Stand,Accessories,4,1594.74,10,2026-05-07,Kochi,COD,COMPLETED
100036,C1634,Keyboard,Electronics,4,2618.03,10,2026-09-25,Pune,Debit Card,COMPLETED
100037,C1685,Power Bank,Electronics,2,2045.31,0,2026-06-03,Jaipur,Debit Card,COMPLETED
100038,C1009,Backpack,Accessories,5,2873.84,0,2026-02-07,Ahmedabad,Credit Card,PENDING
100039,C1271,USB Cable,Accessories,3,557.13,0,2026-07-09,Hyderabad,Credit Card,SHIPPED
100040,C1853,Mechanical Keyboard,Electronics,6,6114.91,20,2026-15-45,Kolkata,COD,COMPLETED
100041,C1954,Monitor,Electronics,2,13940.1,0,2026-03-21,Hyderabad,Debit Card,PENDING
100042,C1215,Power Bank,Electronics,2,2323.75,20,2026-05-16,Ahmedabad,Net Banking,COMPLETED
100043,C1927,Mouse,Electronics,1,832.23,20,2026-15-45,Kolkata,UPI,COMPLETED
102662,C1759,Smartphone,Electronics,5,38477.55,0,2026-06-10,Mumbai,COD,COMPLETED
100045,C1009,,Electronics,1,17002.73,15,2026-03-18,Ahmedabad,UPI,COMPLETED
100046,C1596,Mechanical Keyboard,Electronics,2,6363.08,0,2026-06-07,Pune,UPI,COMPLETED
100047,C1215,Laptop Stand,Accessories,6,1585.51,20,2026-07-28,Kochi,Credit Card,COMPLETED
100048,C1885,Headphones,Electronics,2,3343.27,0,2026-04-02,Pune,Net Banking,CANCELLED
100049,C1884,Laptop Stand,Accessories,3,1615.97,15,2026-02-25,Chennai,UPI,SHIPPED
100050,C1227,Webcam,Electronics,4,4297.04,20,2026-04-27,Delhi,UPI,CANCELLED
100051,C1197,Smartphone,Electronics,3,32675.33,0,2026-05-23,Pune,COD,SHIPPED
100052,C1695,Mechanical Keyboard,Electronics,3,7356.51,0,2026-05-14,Mumbai,COD,COMPLETED
100053,C1039,Monitor,Electronics,5,14705.54,15,2026-06-10,Chennai,COD,PENDING
100054,C1118,Smartphone,Electronics,5,31745.83,0,2026-08-12,Kolkata,COD,PENDING
100055,C1703,Webcam,Electronics,3,4407.25,15,2026-06-19,Kochi,Debit Card,CANCELLED
100056,C1868,Monitor,Electronics,-2,16800.21,10,2026-06-08,Chennai,Debit Card,SHIPPED
100057,C1713,Desk,Furniture,5,15987.35,5,2026-07-14,Mumbai,COD,PENDING
100058,C1308,Smartphone,Electronics,5,38504.11,0,2026-05-27,Delhi,Net Banking,PENDING
100059,C1621,Power Bank,Electronics,4,2161.58,15,2026-04-20,Ahmedabad,Net Banking,CANCELLED
100060,C1173,,Electronics,3,2511.59,15,2026-06-21,Bengaluru,Credit Card,CANCELLED
100061,C1317,,Accessories,2,1609.57,0,2026-05-06,Jaipur,COD,COMPLETED
100062,C1466,Tablet,Electronics,6,28635.64,15,2026-07-16,Jaipur,Net Banking,COMPLETED
100063,C1151,Laptop,Electronics,1,65011.57,0,2026-04-01,Ahmedabad,Net Banking,COMPLETED
100064,C1570,Laptop Stand,Accessories,1,1776.49,20,2026-08-26,Ahmedabad,COD,PENDING
100065,C1324,Backpack,Accessories,5,2736.25,10,wrong_date,Ahmedabad,Net Banking,COMPLETED
100066,C1761,Printer,Electronics,4,12988.6,0,wrong_date,Ahmedabad,Net Banking,CANCELLED
100067,C1244,Office Chair,Furniture,4,10478.94,0,2026-05-01,Hyderabad,Debit Card,COMPLETED
100068,C1914,Mechanical Keyboard,Electronics,1,5794.83,0,2026-07-16,Mumbai,Credit Card,COMPLETED
100069,C1424,Tablet,Electronics,3,28357.93,5,2026-02-01,Delhi,Net Banking,SHIPPED
100070,C1926,Smartwatch,Electronics,6,7702.74,20,2026-07-14,Jaipur,UPI,COMPLETED
100071,C1305,Smartphone,Electronics,4,35401.32,110,2026-04-23,Jaipur,Credit Card,COMPLETED
100072,C1446,Printer,Electronics,1,13533.2,15,2026-07-27,Mumbai,Net Banking,COMPLETED
100073,C1637,Mechanical Keyboard,Electronics,1,7293.51,10,2026-01-14,Bengaluru,Net Banking,COMPLETED
100074,C1887,Backpack,Accessories,2,2162.71,5,2026-06-17,Delhi,Net Banking,COMPLETED
100075,C1345,Smartphone,Electronics,3,37646.1,20,2026-08-04,Hyderabad,UPI,SHIPPED
100076,C1019,Mechanical Keyboard,Electronics,1,7474.82,0,2026-04-25,Bengaluru,UPI,COMPLETED
100077,C1972,Laptop Stand,Accessories,2,1983.18,10,2026-03-20,Delhi,Credit Card,SHIPPED
100078,C1685,Monitor,Electronics,5,17014.91,5,2026-05-12,Pune,Credit Card,PENDING
100079,C1621,Monitor,Electronics,2,17091.24,0,2026-01-14,Hyderabad,COD,CANCELLED
100080,C1929,Smartphone,Electronics,4,39635.44,0,2026-02-08,Kochi,Credit Card,COMPLETED
100081,C1713,Desk,Furniture,6,18542.22,0,2026-01-22,Pune,COD,SHIPPED
100082,C1677,SSD 1TB,Electronics,1,7012.52,0,2026-01-07,Chennai,Net Banking,COMPLETED
100083,C1443,SSD 1TB,Electronics,6,7822.31,5,2026-03-20,Chennai,Credit Card,CANCELLED
100084,C1534,Office Chair,Furniture,5,13109.52,10,2026-09-05,Jaipur,Net Banking,CANCELLED
100085,C1606,Office Chair,Furniture,3,13266.17,20,2026-02-14,Hyderabad,Net Banking,COMPLETED
100086,C1768,Backpack,Accessories,5,2582.75,5,2026-06-22,Kolkata,Net Banking,COMPLETED
100087,C1186,Printer,Electronics,2,13390.26,0,2026-06-24,Hyderabad,COD,CANCELLED
100088,C1901,Office Chair,Furniture,5,10236.54,0,2026-02-13,Delhi,Net Banking,SHIPPED
100089,C1568,Laptop Stand,Accessories,6,1787.09,15,2026-09-09,Jaipur,UPI,COMPLETED
100090,C1301,Laptop Stand,Accessories,4,1903.57,0,2026-07-08,Jaipur,COD,PENDING
100091,C1352,Tablet,Electronics,6,28423.26,0,2026-08-21,Hyderabad,Debit Card,COMPLETED
100092,C1236,Monitor,Electronics,6,13616.63,0,2026-10-02,Mumbai,Credit Card,COMPLETED
100093,C1756,Printer,Electronics,3,14943.26,20,2026-09-26,Kochi,Debit Card,COMPLETED
100094,C1852,Webcam,Electronics,0,4132.1,0,2026-06-04,Kolkata,COD,COMPLETED
100095,C1280,Mouse,Electronics,1,-50,15,2026-03-06,Jaipur,UPI,COMPLETED
100096,C1587,Desk,Furniture,4,17885.06,0,2026-04-05,Kolkata,Debit Card,SHIPPED
100097,C1116,Keyboard,Electronics,4,2493.81,10,2026-01-28,Mumbai,Credit Card,PENDING
100098,C1971,Desk,Furniture,1,20667.16,0,2026-08-02,Kochi,COD,PENDING
100099,C1231,Router,Electronics,4,3152.49,5,2026-06-02,Kochi,Net Banking,COMPLETED
100100,,Desk Lamp,Furniture,1,1652.62,15,2026-02-20,Delhi,Credit Card,COMPLETED
100101,C1676,Keyboard,Electronics,2,2304.9,10,2026-02-08,Mumbai,UPI,SHIPPED
100102,C1461,Desk Lamp,Furniture,4,1499.8,0,2026-05-28,Hyderabad,Net Banking,COMPLETED
100103,C1703,Laptop Stand,Accessories,3,1955.43,15,2026-04-12,Chennai,UPI,PENDING
100104,C1230,USB Cable,Accessories,3,548.99,0,2026-01-31,Mumbai,Debit Card,PENDING
100105,C1766,Smartwatch,Electronics,3,8835.71,5,2026-06-05,Chennai,Debit Card,PENDING
100106,C1552,Printer,Electronics,4,12237.86,0,2026-08-10,Pune,COD,COMPLETED
100107,C1026,Keyboard,Electronics,2,2846.43,20,2026-01-11,Hyderabad,COD,COMPLETED
100108,C1781,Headphones,Electronics,4,3017.07,5,2026-05-23,Mumbai,COD,SHIPPED
100109,C1650,Printer,Electronics,1,13874.04,5,2026-06-20,Pune,UPI,COMPLETED
100110,C1337,Tablet,Electronics,6,27961.94,15,2026-07-25,Ahmedabad,UPI,SHIPPED
100111,C1090,Power Bank,Electronics,3,2083.36,20,2026-07-26,Ahmedabad,UPI,CANCELLED
100112,C1890,Mechanical Keyboard,Electronics,4,6330.83,0,2026-09-23,Pune,COD,SHIPPED
100113,C1640,Backpack,Accessories,-1,2277.67,10,2026-03-09,Hyderabad,Net Banking,CANCELLED
100114,C1496,Monitor,Electronics,1,17129.16,10,2026-05-03,Mumbai,Debit Card,PENDING
100115,C1014,Mechanical Keyboard,Electronics,4,5706.76,20,2026-02-28,Jaipur,UPI,CANCELLED
100116,C1852,USB Cable,Accessories,4,564.9,0,2026-09-18,Hyderabad,Net Banking,SHIPPED
100117,C1483,Laptop Stand,Accessories,4,1827.68,5,2026-04-08,Kochi,COD,CANCELLED
100118,C1900,USB Cable,Accessories,1,466.44,20,2026-08-01,Pune,COD,COMPLETED
100119,C1840,Laptop,Electronics,3,64068.92,20,2026-09-08,Mumbai,Net Banking,PENDING
100120,C1495,SSD 1TB,Electronics,3,7109.03,10,2026-07-13,Jaipur,Debit Card,COMPLETED
100121,C1714,Laptop Stand,Accessories,5,1736.8,20,2026-07-30,Kolkata,Debit Card,CANCELLED
100122,C1484,Smartphone,Electronics,4,40128.35,20,2026-03-19,Jaipur,UPI,COMPLETED
100123,C1514,Smartwatch,Electronics,3,9998.19,20,2026-08-14,Bengaluru,COD,SHIPPED
100124,C1015,USB Cable,Accessories,4,555.64,0,2026-02-08,Jaipur,Debit Card,COMPLETED
100125,C1638,Smartphone,Electronics,6,30593.31,0,2026-10-01,Chennai,Debit Card,CANCELLED
100126,C1735,Printer,Electronics,5,12050.78,0,2026-05-01,Hyderabad,Credit Card,CANCELLED
100127,C1092,Tablet,Electronics,1,30187.11,15,2026-02-21,Jaipur,Credit Card,CANCELLED
100128,C1306,Laptop,Electronics,-1,56838.74,0,2026-05-31,Pune,Debit Card,SHIPPED
100129,C1149,Laptop Stand,Accessories,5,1752.51,15,2026-04-03,Mumbai,Credit Card,COMPLETED
100130,C1624,Smartphone,Electronics,5,36922.91,5,2026-03-15,Delhi,Net Banking,CANCELLED
100131,C1260,Backpack,Accessories,3,2625.13,20,2026-08-27,Hyderabad,COD,COMPLETED
100132,C1075,Backpack,Accessories,3,2865.74,0,2026-08-06,Hyderabad,Net Banking,COMPLETED
100133,C1203,Smartphone,Electronics,4,30869.86,5,2026-07-03,Kochi,Debit Card,CANCELLED
100134,C1302,Laptop,Electronics,6,58124.5,0,2026-01-26,Kochi,Net Banking,COMPLETED
100135,C1794,Laptop Stand,Accessories,5,1963.04,0,2026-04-08,Kochi,Debit Card,CANCELLED
100136,C1773,USB Cable,Accessories,6,439.57,15,2026-01-21,Hyderabad,Net Banking,COMPLETED
100137,C1593,SSD 1TB,Electronics,6,6225.96,0,2026-06-17,Chennai,Credit Card,COMPLETED
100138,C1135,Mechanical Keyboard,Electronics,3,6560.16,0,2026-03-26,Hyderabad,Net Banking,COMPLETED
100139,C1764,Power Bank,Electronics,1,2179.1,0,2026-03-14,Delhi,Net Banking,PENDING
100140,C1374,Keyboard,Electronics,4,2135.44,10,2026-03-05,Jaipur,Debit Card,CANCELLED
100141,C1766,Office Chair,Furniture,5,11571.69,15,2026-07-10,Bengaluru,Credit Card,SHIPPED
100142,C1025,Desk Lamp,Furniture,5,1517.44,10,2026-04-24,Bengaluru,Net Banking,CANCELLED
100143,C1309,Tablet,Electronics,1,24974.13,0,2026-06-05,Jaipur,UPI,COMPLETED
100144,C1240,Mechanical Keyboard,Electronics,2,6282.86,0,2026-08-03,Kochi,Credit Card,SHIPPED
100145,C1670,Monitor,Electronics,4,15520.43,0,2026-01-17,Pune,Credit Card,SHIPPED
100146,C1455,Laptop Stand,Accessories,3,1583.65,15,2026-07-08,Ahmedabad,Debit Card,COMPLETED
101105,C1193,Mechanical Keyboard,Electronics,3,7064.7,0,2026-05-07,Kolkata,Debit Card,COMPLETED
100148,C1654,Desk Lamp,Furniture,1,1384.28,0,2026-05-05,Mumbai,COD,COMPLETED
100149,C1070,Mechanical Keyboard,Electronics,2,6668.45,20,2026-04-30,Pune,Credit Card,PENDING
100150,C1002,Office Chair,Furniture,2,13755.1,10,2026-05-09,Mumbai,UPI,CANCELLED
104654,C1207,Laptop Stand,Accessories,1,1700.48,15,2026-07-08,Hyderabad,Credit Card,SHIPPED
100152,C1178,Office Chair,Furniture,1,10656.33,5,2026-09-27,Bengaluru,UPI,SHIPPED
100153,C1459,SSD 1TB,Electronics,5,7196.7,5,wrong_date,Delhi,COD,COMPLETED
100154,C1744,Router,Electronics,3,3159.72,0,2026-02-01,Jaipur,Net Banking,SHIPPED
100155,C1702,Monitor,Electronics,4,15955.81,5,2026-02-07,Bengaluru,Debit Card,PENDING
100156,C1151,Keyboard,Electronics,2,2331.26,15,2026-06-16,Chennai,COD,PENDING
100157,C1301,Backpack,Accessories,5,2579.07,0,wrong_date,Ahmedabad,Credit Card,SHIPPED
100158,C1462,Laptop Stand,Accessories,4,1713.02,5,2026-07-24,Chennai,UPI,COMPLETED
100159,C1437,Power Bank,Electronics,6,2038.23,0,2026-08-31,Bengaluru,UPI,COMPLETED
100160,C1095,Tablet,Electronics,1,30054.55,0,2026-03-08,Ahmedabad,UPI,PENDING
100161,C1979,Mechanical Keyboard,Electronics,5,6167.81,0,2026-07-30,Pune,Net Banking,CANCELLED
100162,C1052,Desk,Furniture,5,16987.22,0,2026-09-17,Delhi,Credit Card,CANCELLED
100163,C1493,Laptop Stand,Accessories,1,1719.06,10,2026-07-08,Bengaluru,Debit Card,PENDING
100164,C1231,Tablet,Electronics,5,31986.19,20,2026-01-14,Kochi,Debit Card,COMPLETED
100165,,Office Chair,Furniture,6,12944.67,0,2026-06-29,Kolkata,Credit Card,COMPLETED
100166,C1579,Smartphone,Electronics,1,31239.68,15,2026-01-16,Bengaluru,COD,COMPLETED
100167,C1385,Tablet,Electronics,4,26663.53,0,2026-06-09,Pune,COD,PENDING
100168,C1086,Mouse,Electronics,2,717.78,10,2026-01-26,Bengaluru,Debit Card,SHIPPED
100169,C1677,Tablet,Electronics,4,28899.44,5,2026-05-20,Delhi,COD,COMPLETED
100170,C1353,Tablet,Electronics,1,26179.27,15,2026-09-07,Ahmedabad,Debit Card,COMPLETED
100171,C1225,Smartphone,Electronics,5,30325.21,0,2026-06-04,Delhi,Credit Card,COMPLETED
100172,C1296,Power Bank,Electronics,1,1875.1,15,2026-08-09,Mumbai,Credit Card,SHIPPED
100173,,Laptop Stand,Accessories,5,1831.71,15,2026-07-01,Bengaluru,Net Banking,CANCELLED
100174,C1043,Tablet,Electronics,1,27661.94,0,2026-06-10,Kochi,Net Banking,PENDING
100175,C1414,Tablet,Electronics,3,24767.46,0,2026-06-16,Mumbai,COD,SHIPPED
100176,C1851,SSD 1TB,Electronics,1,6867.09,0,2026-05-05,Chennai,COD,SHIPPED
100177,C1536,Keyboard,Electronics,4,2777.89,15,2026-06-23,Delhi,Debit Card,COMPLETED
100178,C1078,Router,Electronics,6,2829.47,10,wrong_date,Pune,Debit Card,CANCELLED
100179,C1981,USB Cable,Accessories,2,440.42,0,2026-04-12,Mumbai,COD,COMPLETED
100180,C1778,Keyboard,Electronics,2,2838.47,15,2026-09-10,Jaipur,COD,PENDING
100181,C1459,Smartwatch,Electronics,6,9365.31,10,2026-06-15,Pune,Credit Card,SHIPPED
104025,C1247,Keyboard,Electronics,6,2752.39,0,2026-01-14,Ahmedabad,COD,SHIPPED
100183,C1519,Keyboard,Electronics,3,2471.31,0,2026-01-30,Pune,Debit Card,COMPLETED
100184,C1660,Keyboard,Electronics,5,2570.56,5,2026-08-25,Kochi,COD,CANCELLED
100185,C1917,Mouse,Electronics,4,898.17,10,2026-04-07,Pune,COD,SHIPPED
100186,C1513,USB Cable,Accessories,1,492.58,20,2026-06-25,Bengaluru,COD,CANCELLED
100187,C1176,Mouse,Electronics,2,849.83,5,2026-09-26,Ahmedabad,COD,COMPLETED
100188,C1372,SSD 1TB,Electronics,3,6763.57,20,2026-06-23,Kochi,UPI,CANCELLED
100189,C1662,Power Bank,Electronics,1,2087.6,10,2026-07-17,Hyderabad,Debit Card,CANCELLED
100190,C1872,Desk Lamp,Furniture,2,1520.01,10,2026-03-14,Pune,Debit Card,CANCELLED
100191,C1715,Smartphone,Electronics,2,35997.93,0,2026-06-08,Ahmedabad,Net Banking,CANCELLED
100192,C1810,Power Bank,Electronics,2,2312.28,20,2026-09-27,Bengaluru,Net Banking,PENDING
100193,C1370,Laptop,Electronics,3,56559.59,0,2026-06-24,Jaipur,Credit Card,COMPLETED
100194,C1140,USB Cable,Accessories,1,469.37,20,2026-02-21,Ahmedabad,COD,CANCELLED
100195,C1904,Router,Electronics,1,3355.45,20,2026-03-09,Kochi,Net Banking,COMPLETED
100196,C1166,Headphones,Electronics,6,3243.99,20,2026-03-26,Jaipur,UPI,SHIPPED
100197,C1373,Laptop Stand,Accessories,4,1859.72,20,2026-08-18,Delhi,COD,COMPLETED
100198,C1316,Printer,Electronics,2,13444.93,10,2026-08-14,Jaipur,Debit Card,SHIPPED
100199,C1514,Router,Electronics,4,3647.62,20,2026-04-13,Kochi,Credit Card,COMPLETED
100200,C1053,Printer,Electronics,3,14229.07,0,2026-09-22,Bengaluru,Debit Card,COMPLETED
100201,C1781,Headphones,Electronics,3,2954.39,10,2026-03-17,Chennai,UPI,COMPLETED
100202,C1836,Backpack,Accessories,3,2822.85,5,2026-01-28,Chennai,COD,COMPLETED
100203,C1241,Smartphone,Electronics,1,33686.58,0,2026-06-13,Bengaluru,Debit Card,COMPLETED
100204,C1140,Mouse,Electronics,3,900.18,5,2026-03-13,Jaipur,Net Banking,PENDING
100205,C1005,Keyboard,Electronics,1,2316.94,20,2026-03-18,Ahmedabad,COD,PENDING
100206,C1433,Monitor,Electronics,3,13819.38,0,2026-01-25,Delhi,Net Banking,CANCELLED
100207,C1812,Desk Lamp,Furniture,4,1390.15,20,2026-09-13,Kochi,COD,COMPLETED
100208,C1647,Router,Electronics,5,2952.26,0,2026-05-30,Chennai,UPI,PENDING
100209,C1361,Laptop Stand,Accessories,5,1754.95,15,2026-02-13,Ahmedabad,Debit Card,COMPLETED
100210,C1976,Router,Electronics,5,3207.03,10,2026-01-11,Chennai,Net Banking,COMPLETED
100211,C1650,Smartphone,Electronics,3,32413.33,0,2026-07-02,Bengaluru,Debit Card,COMPLETED
100212,C1750,Monitor,Electronics,5,16058.34,0,2026-03-10,Kolkata,Debit Card,PENDING
100213,C1346,Headphones,Electronics,6,2968.16,15,2026-09-03,Mumbai,Credit Card,COMPLETED
100214,C1733,Backpack,Accessories,1,2345.08,0,2026-04-13,Kolkata,Debit Card,COMPLETED
100215,C1527,Smartphone,Electronics,5,34720.7,0,2026-04-08,Hyderabad,Debit Card,COMPLETED
100216,C1886,Power Bank,Electronics,-5,1952.15,0,2026-08-12,Chennai,Net Banking,SHIPPED
100217,C1347,Headphones,Electronics,4,3172.86,0,2026-09-23,Hyderabad,UPI,CANCELLED
100218,C1434,Keyboard,Electronics,4,2576.84,20,2026-04-03,Ahmedabad,Debit Card,COMPLETED
100219,C1105,Keyboard,Electronics,3,2620.69,0,2026-08-17,Kochi,Net Banking,COMPLETED
100220,C1706,Backpack,Accessories,3,2460.35,15,2026-06-30,Kochi,Net Banking,COMPLETED
100221,C1654,Mouse,Electronics,1,841.08,5,2026-07-06,Ahmedabad,Credit Card,COMPLETED
100222,C1146,Desk Lamp,Furniture,6,1735.03,0,2026-03-06,Bengaluru,Credit Card,CANCELLED
100223,C1375,SSD 1TB,Electronics,4,7943.88,0,2026-03-20,Jaipur,Debit Card,COMPLETED
100224,C1454,Keyboard,Electronics,5,2228.27,0,2026-07-23,Pune,Debit Card,COMPLETED
100225,C1983,Monitor,Electronics,1,16060.54,5,2026-09-23,Chennai,COD,COMPLETED
100226,C1268,Office Chair,Furniture,6,11806.58,10,2026-05-27,Jaipur,Credit Card,COMPLETED
100227,C1138,Keyboard,Electronics,4,2254.49,15,2026-08-16,Bengaluru,Debit Card,CANCELLED
100228,C1355,Keyboard,Electronics,5,2531.63,0,2026-03-22,Mumbai,Debit Card,PENDING
100229,C1229,Monitor,Electronics,2,16314.3,0,2026-09-10,Kolkata,Debit Card,PENDING
100230,C1586,SSD 1TB,Electronics,4,7637.69,10,2026-03-08,Kochi,UPI,COMPLETED
100231,C1316,Smartphone,Electronics,6,37298.13,10,2026-07-30,Chennai,COD,COMPLETED
100232,C1128,Power Bank,Electronics,6,1918.95,5,2026-09-22,Pune,Credit Card,PENDING
100233,,Smartwatch,Electronics,2,9723.01,0,2026-08-10,Ahmedabad,UPI,COMPLETED
100234,C1530,USB Cable,Accessories,3,449.7,0,2026-04-26,Pune,COD,COMPLETED
100235,C1866,Keyboard,Electronics,3,2272.23,10,2026-05-21,Mumbai,Debit Card,PENDING
100236,C1546,Keyboard,Electronics,5,2605.74,10,2026-03-20,Mumbai,COD,CANCELLED
100237,C1923,Desk Lamp,Furniture,3,1764.41,10,2026-01-22,Kolkata,UPI,COMPLETED
100238,C1971,Smartwatch,Electronics,3,9408.05,20,2026-08-02,Kochi,UPI,SHIPPED
100239,C1910,Mechanical Keyboard,Electronics,3,6776.72,0,2026-09-05,Delhi,Net Banking,COMPLETED
100240,C1464,Keyboard,Electronics,6,2169.93,5,2026-08-01,Jaipur,Net Banking,COMPLETED
100241,C1348,Desk Lamp,Furniture,2,1510.04,15,not_available,Pune,Net Banking,COMPLETED
100242,C1778,SSD 1TB,Electronics,5,7129.47,0,2026-05-04,Jaipur,UPI,COMPLETED
100243,C1460,Laptop Stand,Accessories,2,1582.28,0,2026-07-16,Kochi,Net Banking,COMPLETED
100244,C1985,Headphones,Electronics,3,3390.38,15,2026-06-10,Delhi,Credit Card,SHIPPED
100245,C1527,Backpack,Accessories,4,2784.31,5,2026-01-12,Bengaluru,Net Banking,PENDING
100246,C1468,Laptop Stand,Accessories,2,1845.01,0,2026-01-26,Hyderabad,Net Banking,PENDING
100247,C1903,Printer,Electronics,3,14154.1,20,2026-02-25,Chennai,Credit Card,COMPLETED
100248,C1744,SSD 1TB,Electronics,4,6718.47,5,2026-01-27,Kochi,COD,COMPLETED
100249,C1371,Mechanical Keyboard,Electronics,3,5668.39,10,2026-08-19,Ahmedabad,Debit Card,PENDING
100250,C1696,Desk Lamp,Furniture,1,,0,2026-07-21,Pune,Debit Card,PENDING
100251,C1961,SSD 1TB,Electronics,2,6368.02,10,2026-07-25,Ahmedabad,UPI,COMPLETED
100252,C1039,USB Cable,Accessories,6,474.96,5,2026-09-23,Jaipur,Credit Card,PENDING
100253,C1914,Router,Electronics,2,3034.85,10,2026-06-13,Mumbai,Net Banking,PENDING
100254,C1757,Desk,Furniture,5,17116.42,20,2026-09-18,Ahmedabad,Net Banking,CANCELLED
100255,C1576,Desk,Furniture,4,19705.04,0,2026-06-19,Bengaluru,Net Banking,PENDING
100256,C1315,Laptop,Electronics,5,59542.62,15,2026-04-27,Kolkata,COD,SHIPPED
100257,C1174,Router,Electronics,6,3412.34,20,2026-07-14,Mumbai,Credit Card,COMPLETED
100258,C1586,Monitor,Electronics,2,12835.22,0,2026-08-03,Mumbai,Net Banking,CANCELLED
100259,C1208,Tablet,Electronics,5,30309.77,5,2026-02-01,Mumbai,COD,COMPLETED
100260,C1574,Power Bank,Electronics,6,2185.72,5,2026-06-10,Mumbai,Net Banking,PENDING
100261,C1350,Mechanical Keyboard,Electronics,3,6842.94,20,2026-05-16,Kochi,Net Banking,COMPLETED
100262,C1980,Laptop Stand,Accessories,3,1831.37,0,2026-06-02,Hyderabad,Credit Card,CANCELLED
100263,C1721,Printer,Electronics,3,13915.17,10,2026-05-21,Hyderabad,UPI,PENDING
100264,C1692,Mechanical Keyboard,Electronics,4,7271.73,5,2026-06-26,Mumbai,Debit Card,COMPLETED
100265,C1294,Keyboard,Electronics,3,2818.01,15,2026-05-12,Jaipur,Credit Card,COMPLETED
100266,C1847,Mechanical Keyboard,Electronics,3,7344.4,15,2026-05-20,Mumbai,UPI,PENDING
100267,C1758,Smartwatch,Electronics,2,8304.64,15,2026-09-29,Delhi,Credit Card,COMPLETED
100268,C1102,Tablet,Electronics,3,29825.81,0,2026-03-12,Kolkata,COD,COMPLETED
100269,C1416,Printer,Electronics,4,14632.26,20,2026-05-28,Pune,Debit Card,CANCELLED
100530,C1754,Mechanical Keyboard,Electronics,6,5948.82,0,2026-05-29,Pune,Credit Card,CANCELLED
100271,C1956,Mouse,Electronics,4,869.11,0,2026-05-29,Kolkata,UPI,COMPLETED
100272,C1581,Desk Lamp,Furniture,1,1805.66,0,2026-05-26,Jaipur,COD,PENDING
100273,C1505,USB Cable,Accessories,5,495.2,0,2026-02-27,Pune,Credit Card,CANCELLED
100274,C1469,Office Chair,Furniture,6,10870.32,15,2026-06-22,Hyderabad,COD,CANCELLED
100275,C1775,Webcam,Electronics,2,4649.79,15,2026-07-27,Chennai,COD,COMPLETED
100276,C1088,Smartphone,Electronics,6,30751.54,0,2026-09-02,Pune,Credit Card,COMPLETED
100277,C1267,Smartphone,Electronics,2,34440.72,0,2026-06-18,Hyderabad,COD,CANCELLED
100278,C1586,Laptop,Electronics,3,62766.3,15,2026-05-01,Kolkata,UPI,SHIPPED
100279,C1314,Headphones,Electronics,4,3167.47,15,2026-06-09,Bengaluru,Debit Card,COMPLETED
100280,C1629,Laptop Stand,Accessories,2,2046.97,5,2026-03-20,Jaipur,COD,COMPLETED
100281,C1425,Mechanical Keyboard,Electronics,4,7001.83,20,2026-04-22,Delhi,COD,COMPLETED
100282,C1538,Backpack,Accessories,5,2652.82,0,2026-02-27,Kolkata,COD,PENDING
100283,C1207,Smartwatch,Electronics,5,8054.6,110,2026-09-24,Jaipur,UPI,CANCELLED
100284,C1210,Smartwatch,Electronics,4,7895.54,10,2026-08-17,Kolkata,Net Banking,COMPLETED
100285,C1525,Tablet,Electronics,4,28536.85,10,2026-08-25,Hyderabad,UPI,SHIPPED
100286,C1260,Laptop,Electronics,6,54922.22,0,2026-15-45,Chennai,Debit Card,CANCELLED
100287,C1065,Mechanical Keyboard,Electronics,0,7347.44,0,2026-08-30,Kolkata,Debit Card,SHIPPED
100288,C1184,USB Cable,Accessories,6,571.75,15,2026-08-04,Pune,Net Banking,SHIPPED
100289,C1890,Smartphone,Electronics,4,30592.62,15,2026-03-10,Pune,UPI,COMPLETED
100290,C1550,Smartphone,Electronics,5,31087.14,0,2026-01-02,Kolkata,Debit Card,SHIPPED
100291,C1689,Mechanical Keyboard,Electronics,4,6562.27,20,2026-04-28,Delhi,Net Banking,COMPLETED
100292,C1158,Office Chair,Furniture,2,13574.68,15,2026-02-27,Kolkata,Net Banking,PENDING
100293,C1784,Laptop,Electronics,2,54709.47,0,2026-01-18,Jaipur,COD,CANCELLED
100294,C1720,Mouse,Electronics,2,857.73,5,2026-08-13,Delhi,COD,COMPLETED
100295,C1772,Mouse,Electronics,2,800.94,0,2026-04-30,Kochi,Debit Card,PENDING
100296,C1612,Power Bank,Electronics,2,2069.16,0,2026-09-24,Delhi,Net Banking,COMPLETED
100297,C1281,Mouse,Electronics,5,907.64,15,2026-03-31,Chennai,COD,SHIPPED
100298,C1048,SSD 1TB,Electronics,6,7359.82,20,2026-09-26,Pune,Net Banking,SHIPPED
100299,C1152,Desk,Furniture,4,16292.95,10,31/31/2026,Delhi,Credit Card,COMPLETED
100300,C1878,USB Cable,Accessories,4,562.21,10,2026-07-31,Chennai,COD,PENDING
100301,C1137,Smartphone,Electronics,2,32427.45,0,2026-02-10,Jaipur,Debit Card,COMPLETED
100302,C1548,Webcam,Electronics,1,4187.42,15,2026-01-21,Bengaluru,Credit Card,PENDING
100303,C1741,Mechanical Keyboard,Electronics,2,6459.82,20,2026-06-20,Hyderabad,UPI,COMPLETED
100304,C1959,Webcam,Electronics,-5,3983.38,20,2026-09-03,Delhi,COD,CANCELLED
100305,C1209,Smartphone,Electronics,2,35546.83,20,2026-05-25,Chennai,Net Banking,PENDING
100306,C1664,SSD 1TB,Electronics,3,6499.28,10,2026-09-12,Jaipur,UPI,CANCELLED
100307,C1480,Power Bank,Electronics,2,2114.67,5,2026-01-24,Kochi,Credit Card,CANCELLED
100308,C1149,Laptop,Electronics,3,60959.61,10,2026-08-02,Hyderabad,Credit Card,COMPLETED
100309,C1337,Laptop Stand,Accessories,4,1837.69,0,2026-09-13,Ahmedabad,Debit Card,COMPLETED
100310,C1781,Printer,Electronics,6,14595.12,5,2026-08-24,Mumbai,Debit Card,COMPLETED
100311,C1143,Mechanical Keyboard,Electronics,4,5883.89,10,2026-01-31,Ahmedabad,UPI,COMPLETED
100312,C1967,Mouse,Electronics,1,778.97,20,2026-04-29,Bengaluru,Credit Card,COMPLETED
100313,C1223,Router,Electronics,4,3078.27,10,2026-09-05,Jaipur,UPI,COMPLETED
100314,C1544,Mechanical Keyboard,Electronics,4,-500,10,2026-05-21,Ahmedabad,Debit Card,COMPLETED
100315,C1514,Tablet,Electronics,2,24698.94,0,2026-09-26,Mumbai,Credit Card,COMPLETED
100316,C1634,Router,Electronics,3,3502.61,0,2026-07-23,Bengaluru,Debit Card,SHIPPED
100317,,Smartwatch,Electronics,2,10323.63,0,2026-06-03,Bengaluru,UPI,COMPLETED
100318,C1415,Smartphone,Electronics,4,35553.37,0,2026-01-05,Mumbai,UPI,SHIPPED
100319,C1865,Tablet,Electronics,6,30388.76,10,2026-02-18,Ahmedabad,UPI,COMPLETED
100320,C1216,Smartwatch,Electronics,4,8381.96,0,2026-05-24,Ahmedabad,COD,CANCELLED
100321,C1033,Headphones,Electronics,3,2564.09,0,2026-03-15,Chennai,UPI,COMPLETED
100322,C1166,Smartwatch,Electronics,2,9180.08,20,2026-07-19,Ahmedabad,Debit Card,SHIPPED
100323,C1773,USB Cable,Accessories,6,533.62,10,2026-06-27,Kolkata,UPI,SHIPPED
100324,C1237,Keyboard,Electronics,3,2578.88,10,2026-07-23,Pune,UPI,CANCELLED
100325,C1279,Backpack,Accessories,4,2296.1,10,2026-07-12,Chennai,Credit Card,CANCELLED
100326,C1599,Smartphone,Electronics,1,37857.76,0,2026-05-07,Bengaluru,UPI,COMPLETED
100327,C1157,Smartphone,Electronics,6,37980.85,0,2026-07-19,Pune,Debit Card,COMPLETED
100328,C1093,Laptop,Electronics,3,59005.25,20,2026-05-19,Bengaluru,Credit Card,COMPLETED
100329,C1191,Tablet,Electronics,4,28478.67,10,2026-07-28,Bengaluru,UPI,COMPLETED
100330,C1362,Mechanical Keyboard,Electronics,1,6689.0,20,2026-06-16,Chennai,UPI,COMPLETED
100331,C1423,Smartphone,Electronics,1,37360.86,10,2026-05-05,Kochi,COD,COMPLETED
100332,C1701,Smartphone,Electronics,2,31207.82,0,2026-05-18,Jaipur,Credit Card,COMPLETED
100333,C1171,Tablet,Electronics,3,,5,2026-02-09,Pune,Debit Card,COMPLETED
100334,C1738,Printer,Electronics,5,14490.01,5,2026-02-24,Mumbai,Debit Card,COMPLETED
100335,C1971,Smartphone,Electronics,3,38586.94,5,2026-06-18,Jaipur,Debit Card,SHIPPED
100336,C1835,Desk Lamp,Furniture,2,1504.21,150,2026-04-13,Jaipur,Debit Card,COMPLETED
100337,C1987,Smartphone,Electronics,3,32810.21,15,2026-09-09,Kochi,Credit Card,COMPLETED
100338,C1385,Office Chair,Furniture,4,11514.06,10,2026-04-13,Kochi,COD,COMPLETED
100339,C1698,Mechanical Keyboard,Electronics,1,7383.36,5,2026-04-18,Jaipur,Debit Card,CANCELLED
100340,C1070,Tablet,Electronics,6,27994.15,15,2026-06-05,Delhi,Debit Card,CANCELLED
100341,C1157,Tablet,Electronics,4,24421.31,10,2026-09-03,Kochi,Net Banking,PENDING
100342,C1518,Tablet,Electronics,5,24108.83,0,2026-10-02,Kochi,UPI,COMPLETED
104202,C1078,Laptop Stand,Accessories,3,1976.45,5,2026-03-02,Ahmedabad,Credit Card,COMPLETED
100344,C1988,Tablet,Electronics,1,23888.6,0,2026-04-24,Ahmedabad,COD,PENDING
100345,C1594,Smartwatch,Electronics,2,8853.6,5,2026-08-26,Kochi,COD,COMPLETED
100346,C1353,Laptop,Electronics,-2,52881.89,5,2026-02-13,Bengaluru,Credit Card,COMPLETED
100347,C1319,Power Bank,Electronics,4,2387.62,10,2026-09-05,Pune,Net Banking,COMPLETED
100348,C1448,Backpack,Accessories,3,2175.38,0,2026-02-28,Kolkata,Debit Card,CANCELLED
100349,C1111,Headphones,Electronics,6,2769.52,0,2026-03-23,Pune,COD,SHIPPED
100350,C1981,Backpack,Accessories,2,2723.32,15,2026-04-05,Mumbai,Net Banking,SHIPPED
100351,C1029,Desk Lamp,Furniture,2,1575.8,5,2026-07-19,Kolkata,Credit Card,COMPLETED
100352,C1285,Keyboard,Electronics,5,2201.31,20,2026-10-02,Mumbai,Debit Card,COMPLETED
100353,C1201,Backpack,Accessories,1,2321.77,20,2026-09-08,Ahmedabad,Debit Card,PENDING
100354,C1397,Desk Lamp,Furniture,4,1641.76,0,2026-06-30,Jaipur,COD,COMPLETED
100355,C1833,Desk,Furniture,5,18486.91,15,2026-03-10,Pune,UPI,COMPLETED
100356,C1312,Monitor,Electronics,2,14429.88,0,2026-09-19,Chennai,Net Banking,PENDING
100357,C1141,Smartwatch,Electronics,4,8792.2,5,2026-10-03,Mumbai,COD,COMPLETED
100358,C1501,Desk,Furniture,2,16310.33,20,2026-08-19,Kochi,UPI,COMPLETED
100359,C1974,Laptop,Electronics,4,53457.62,20,2026-07-16,Ahmedabad,COD,CANCELLED
100360,C1506,Tablet,Electronics,6,27930.5,15,2026-08-16,Jaipur,Credit Card,COMPLETED
100361,C1578,Laptop,Electronics,2,56257.62,0,2026-04-26,Ahmedabad,Debit Card,COMPLETED
100362,C1799,Backpack,Accessories,5,2681.89,20,2026-09-11,Ahmedabad,COD,COMPLETED
100363,,Monitor,Electronics,3,16238.01,20,2026-07-07,Ahmedabad,UPI,CANCELLED
100364,C1451,Mechanical Keyboard,Electronics,2,7455.06,0,2026-05-07,Hyderabad,UPI,SHIPPED
100365,C1269,SSD 1TB,Electronics,1,6872.05,0,2026-05-02,Delhi,COD,CANCELLED
100366,C1359,Desk Lamp,Furniture,6,1565.52,10,2026-03-13,Delhi,Credit Card,COMPLETED
100367,,SSD 1TB,Electronics,5,6540.28,10,2026-03-28,Pune,Debit Card,COMPLETED
100368,C1586,Office Chair,Furniture,5,13747.76,15,31/31/2026,Mumbai,Net Banking,COMPLETED
100369,C1283,USB Cable,Accessories,6,554.91,0,2026-03-16,Pune,Credit Card,CANCELLED
100370,C1402,Printer,Electronics,2,14325.19,0,2026-08-01,Chennai,Net Banking,COMPLETED
100371,C1648,Keyboard,Electronics,4,2511.71,0,2026-07-08,Jaipur,Net Banking,COMPLETED
100372,C1595,Laptop,Electronics,6,52676.55,5,2026-07-03,Bengaluru,COD,SHIPPED
100373,C1223,Tablet,Electronics,2,27955.61,0,2026-05-26,Pune,COD,PENDING
100374,C1133,Smartwatch,Electronics,4,9778.42,15,2026-01-25,Kolkata,UPI,CANCELLED
100375,C1802,Backpack,Accessories,1,2218.18,20,2026-03-22,Jaipur,Net Banking,COMPLETED
100376,C1981,Tablet,Electronics,2,32163.83,0,2026-06-04,Mumbai,Debit Card,COMPLETED
101014,C1051,Backpack,Accessories,4,2846.99,20,2026-02-26,Bengaluru,COD,PENDING
100378,C1312,Laptop Stand,Accessories,4,1883.96,15,2026-02-18,Kolkata,Credit Card,SHIPPED
100379,C1079,USB Cable,Accessories,5,458.93,15,2026-08-16,Kolkata,UPI,CANCELLED
100380,C1351,Monitor,Electronics,4,15873.14,5,2026-02-06,Delhi,Net Banking,COMPLETED
100381,C1748,Monitor,Electronics,1,14160.08,0,2026-03-12,Chennai,Credit Card,CANCELLED
100382,C1693,USB Cable,Accessories,1,504.58,0,2026-03-26,Jaipur,Debit Card,CANCELLED
100383,C1218,USB Cable,Accessories,4,517.41,5,2026-04-22,Bengaluru,UPI,COMPLETED
100384,C1770,Monitor,Electronics,5,16035.04,0,2026-08-08,Pune,Credit Card,COMPLETED
100385,C1283,Keyboard,Electronics,2,2540.05,10,2026-05-26,Kolkata,Debit Card,COMPLETED
100386,C1530,Desk Lamp,Furniture,5,1450.55,5,2026-06-01,Kolkata,Credit Card,SHIPPED
100387,C1395,Monitor,Electronics,2,14998.12,10,2026-02-06,Ahmedabad,UPI,COMPLETED
100388,C1956,Power Bank,Electronics,2,2125.31,20,2026-08-04,Pune,COD,CANCELLED
100389,C1176,Printer,Electronics,1,11970.1,0,2026-01-08,Hyderabad,Credit Card,COMPLETED
100390,C1944,Mouse,Electronics,4,801.59,15,2026-09-14,Chennai,Net Banking,CANCELLED
103796,C1641,USB Cable,Accessories,5,479.66,0,2026-03-29,Bengaluru,Debit Card,COMPLETED
100392,C1080,Router,Electronics,2,3655.34,0,2026-10-02,Pune,Net Banking,PENDING
100393,C1649,Keyboard,Electronics,3,2649.01,15,2026-05-03,Kolkata,Credit Card,COMPLETED
100394,C1946,Tablet,Electronics,1,27608.32,10,2026-01-29,Hyderabad,Credit Card,COMPLETED
100395,C1012,USB Cable,Accessories,6,426.7,5,2026-06-27,Ahmedabad,COD,CANCELLED
100396,C1265,Headphones,Electronics,3,2664.24,20,2026-05-18,Bengaluru,UPI,COMPLETED
100397,,Tablet,Electronics,3,28200.38,0,2026-02-09,Jaipur,Net Banking,PENDING
100398,C1368,Mouse,Electronics,4,886.25,0,2026-07-08,Mumbai,Debit Card,COMPLETED
100399,C1915,Smartwatch,Electronics,6,9601.5,0,2026-09-18,Kolkata,UPI,COMPLETED
100400,C1250,Mouse,Electronics,4,767.35,0,2026-04-02,Kolkata,COD,CANCELLED
100401,C1758,Tablet,Electronics,2,26503.14,5,2026-06-13,Hyderabad,UPI,PENDING
100402,C1381,Monitor,Electronics,5,15779.97,0,2026-04-02,Delhi,COD,COMPLETED
100403,C1976,Smartphone,Electronics,1,38958.41,20,2026-05-25,Hyderabad,Debit Card,COMPLETED
100404,C1566,Backpack,Accessories,1,2401.69,0,2026-06-05,Kochi,Credit Card,SHIPPED
100405,C1377,Smartwatch,Electronics,4,10344.03,20,2026-04-11,Ahmedabad,Credit Card,COMPLETED
100406,C1006,Tablet,Electronics,1,25757.18,0,2026-01-05,Pune,UPI,CANCELLED
100407,C1385,Desk,Furniture,1,16408.05,0,2026-08-03,Jaipur,UPI,COMPLETED
100408,C1728,Office Chair,Furniture,1,10358.04,0,2026-09-24,Chennai,Debit Card,SHIPPED
100409,,Keyboard,Electronics,5,2196.68,0,2026-07-21,Bengaluru,COD,PENDING
100410,C1063,Tablet,Electronics,6,31899.43,0,2026-05-30,Hyderabad,Debit Card,SHIPPED
100411,C1717,Power Bank,Electronics,3,2168.82,0,2026-02-08,Delhi,Credit Card,PENDING
100412,C1111,USB Cable,Accessories,1,449.66,5,2026-06-10,Chennai,UPI,PENDING
100413,C1366,Webcam,Electronics,4,4241.22,0,2026-03-03,Bengaluru,Credit Card,CANCELLED
100414,C1311,Desk Lamp,Furniture,1,1463.21,20,2026-06-17,Mumbai,UPI,CANCELLED
100415,C1254,SSD 1TB,Electronics,4,7028.27,15,2026-06-03,Hyderabad,Credit Card,COMPLETED
104938,C1448,USB Cable,Accessories,4,478.55,0,2026-06-22,Pune,Debit Card,PENDING
100417,C1823,USB Cable,Accessories,1,426.79,20,2026-04-24,Mumbai,Credit Card,SHIPPED
100418,C1381,Keyboard,Electronics,5,2564.59,20,2026-02-08,Kolkata,UPI,COMPLETED
100419,C1924,Backpack,Accessories,2,2193.98,20,2026-06-19,Bengaluru,UPI,SHIPPED
100420,C1051,Headphones,Electronics,5,2939.84,15,2026-07-22,Jaipur,UPI,SHIPPED
100421,C1699,Tablet,Electronics,2,26773.12,0,2026-05-21,Hyderabad,Net Banking,COMPLETED
100422,C1035,Desk Lamp,Furniture,5,1656.15,15,2026-06-01,Jaipur,Net Banking,PENDING
100423,C1490,Mouse,Electronics,1,747.15,0,2026-08-03,Delhi,COD,COMPLETED
100424,C1645,Mechanical Keyboard,Electronics,1,7454.34,20,2026-07-03,Jaipur,COD,SHIPPED
100425,C1352,Smartwatch,Electronics,5,8518.33,0,2026-04-03,Kolkata,Debit Card,PENDING
100426,C1224,Laptop,Electronics,3,52054.64,5,2026-09-29,Pune,COD,COMPLETED
100427,C1997,Headphones,Electronics,1,2773.07,0,2026-05-17,Ahmedabad,UPI,COMPLETED
100428,C1589,Smartphone,Electronics,-1,39569.66,20,2026-03-30,Mumbai,Credit Card,PENDING
100429,C1325,SSD 1TB,Electronics,5,6009.23,15,2026-06-30,Kochi,COD,COMPLETED
100430,C1576,Webcam,Electronics,4,4556.87,0,2026-09-09,Kolkata,UPI,COMPLETED
100431,C1238,Desk Lamp,Furniture,2,1369.57,5,2026-01-01,Pune,COD,COMPLETED
100432,C1825,USB Cable,Accessories,3,532.54,20,2026-06-15,Kolkata,UPI,COMPLETED
100433,C1600,USB Cable,Accessories,1,551.97,20,2026-07-06,Bengaluru,Debit Card,CANCELLED
100434,C1964,Smartphone,Electronics,5,30810.84,0,2026-06-15,Mumbai,Credit Card,CANCELLED
100435,C1971,Tablet,Electronics,6,31869.56,15,2026-06-12,Mumbai,COD,CANCELLED
100436,C1910,Desk Lamp,Furniture,3,1467.15,10,2026-03-31,Chennai,Debit Card,CANCELLED
100437,C1705,Desk,Furniture,2,16259.62,0,2026-07-20,Kochi,UPI,COMPLETED
100438,C1616,Power Bank,Electronics,5,2015.79,10,2026-02-23,Jaipur,Credit Card,COMPLETED
100439,,Keyboard,Electronics,2,2385.11,0,2026-03-27,Bengaluru,Debit Card,SHIPPED
100440,C1011,Office Chair,Furniture,2,11098.35,0,2026-06-29,Hyderabad,UPI,CANCELLED
100441,C1001,Mouse,Electronics,4,785.17,5,2026-03-27,Chennai,Net Banking,SHIPPED
100442,C1359,Mechanical Keyboard,Electronics,4,,5,2026-04-26,Mumbai,Net Banking,COMPLETED
100443,C1818,Mouse,Electronics,3,684.82,0,2026-02-23,Bengaluru,Debit Card,COMPLETED
100444,C1909,Smartphone,Electronics,2,37435.84,10,2026-02-17,Pune,COD,PENDING
100445,C1914,Printer,Electronics,6,12030.17,15,2026-03-26,Kochi,Net Banking,COMPLETED
100446,C1054,Monitor,Electronics,3,13674.98,0,2026-07-29,Ahmedabad,COD,COMPLETED
100447,C1676,Desk,Furniture,3,16582.76,0,2026-07-21,Kochi,COD,SHIPPED
100448,C1157,Mouse,Electronics,3,680.92,0,2026-05-31,Kochi,Net Banking,COMPLETED
100449,C1099,Laptop,Electronics,2,54074.98,0,2026-02-11,Jaipur,UPI,COMPLETED
100450,C1803,Smartphone,Electronics,4,34885.52,15,2026-05-16,Bengaluru,COD,SHIPPED
100451,C1189,SSD 1TB,Electronics,4,6725.74,5,2026-01-23,Hyderabad,Net Banking,SHIPPED
100452,C1269,Laptop Stand,Accessories,3,1834.69,0,2026-02-19,Bengaluru,Debit Card,PENDING
100453,C1423,Smartwatch,Electronics,2,9144.73,20,2026-07-18,Ahmedabad,Net Banking,PENDING
100454,C1703,Printer,Electronics,5,15602.95,5,2026-06-03,Bengaluru,Net Banking,CANCELLED
100455,C1035,Router,Electronics,5,3584.44,20,2026-03-17,Bengaluru,Net Banking,COMPLETED
100456,C1971,Headphones,Electronics,2,3277.61,0,2026-01-22,Chennai,UPI,CANCELLED
100457,C1445,Webcam,Electronics,6,4024.64,10,2026-05-13,Pune,UPI,COMPLETED
100458,C1397,Mechanical Keyboard,Electronics,4,6601.51,20,2026-05-22,Ahmedabad,Net Banking,COMPLETED
100459,C1805,Desk Lamp,Furniture,5,1610.83,5,2026-02-27,Chennai,Credit Card,COMPLETED
100460,C1580,Smartwatch,Electronics,5,9697.62,0,2026-02-24,Kochi,UPI,COMPLETED
100461,C1888,Mechanical Keyboard,Electronics,3,7236.89,0,2026-07-16,Jaipur,COD,PENDING
100462,C1484,Mouse,Electronics,2,746.1,0,2026-07-25,Kolkata,Net Banking,COMPLETED
100463,C1707,Laptop Stand,Accessories,1,1932.7,0,2026-07-10,Kolkata,Debit Card,COMPLETED
100464,C1318,Office Chair,Furniture,4,13289.65,15,2026-02-20,Delhi,Credit Card,COMPLETED
100465,C1997,Backpack,Accessories,3,2327.06,5,2026-02-15,Delhi,Net Banking,COMPLETED
100466,C1935,Tablet,Electronics,6,27869.47,10,2026-07-11,Kolkata,COD,COMPLETED
100467,C1067,Desk,Furniture,6,18036.69,0,2026-09-26,Kochi,UPI,COMPLETED
100538,C1559,Desk Lamp,Furniture,2,1732.55,0,2026-05-31,Jaipur,Credit Card,CANCELLED
100469,C1377,Backpack,Accessories,-2,2422.71,0,2026-01-16,Delhi,Debit Card,SHIPPED
100470,C1608,Backpack,Accessories,2,2845.39,5,2026-06-29,Pune,Credit Card,COMPLETED
100471,C1766,Keyboard,Electronics,3,2145.59,0,2026-03-25,Kochi,Credit Card,COMPLETED
100472,C1662,Laptop Stand,Accessories,6,1641.63,15,2026-07-29,Ahmedabad,UPI,CANCELLED
100473,C1009,Printer,Electronics,2,14618.96,10,2026-01-05,Delhi,Debit Card,PENDING
100474,,Desk,Furniture,6,20521.93,15,2026-05-21,Chennai,Net Banking,COMPLETED
100475,C1470,Office Chair,Furniture,2,11880.11,15,2026-09-24,Kochi,Net Banking,PENDING
100476,C1104,Laptop,Electronics,5,68989.73,20,2026-07-11,Ahmedabad,COD,PENDING
100477,C1289,Desk,Furniture,6,15883.76,0,2026-06-22,Hyderabad,Debit Card,COMPLETED
100478,C1267,Desk,Furniture,2,16109.62,20,2026-05-04,Kolkata,COD,SHIPPED
103675,C1264,Backpack,Accessories,1,2726.93,10,2026-04-14,Kolkata,UPI,PENDING
100480,C1414,Smartphone,Electronics,6,30120.85,15,2026-04-08,Pune,Credit Card,CANCELLED
100481,C1547,Printer,Electronics,6,13405.69,0,2026-03-29,Ahmedabad,Credit Card,COMPLETED
100482,C1099,Printer,Electronics,2,15011.86,15,2026-04-04,Pune,UPI,COMPLETED
100483,C1363,Laptop Stand,Accessories,6,2000.57,5,2026-06-19,Pune,Debit Card,PENDING
100484,C1301,Backpack,Accessories,1,2477.9,20,2026-02-06,Jaipur,Credit Card,PENDING
100485,C1122,Smartphone,Electronics,5,32882.74,0,2026-03-19,Mumbai,Credit Card,COMPLETED
100486,C1419,Smartwatch,Electronics,4,8036.71,20,2026-04-03,Bengaluru,Net Banking,COMPLETED
100487,C1646,Headphones,Electronics,3,3121.05,0,2026-08-20,Hyderabad,Credit Card,COMPLETED
100488,C1590,Headphones,Electronics,4,3256.69,20,2026-02-15,Mumbai,COD,SHIPPED
100489,C1648,Tablet,Electronics,4,27403.81,5,2026-07-16,Kolkata,UPI,PENDING
100490,C1204,SSD 1TB,Electronics,1,7823.21,20,2026-09-29,Delhi,UPI,CANCELLED
100491,C1004,Laptop Stand,Accessories,2,1904.5,0,2026-06-09,Mumbai,UPI,SHIPPED
100492,C1515,Smartwatch,Electronics,3,8100.95,20,2026-01-24,Hyderabad,Debit Card,SHIPPED
100493,C1745,Router,Electronics,5,3223.15,5,2026-03-10,Pune,Net Banking,COMPLETED
100494,C1768,Webcam,Electronics,2,5104.91,20,2026-07-26,Kolkata,Credit Card,COMPLETED
100495,C1744,USB Cable,Accessories,2,535.11,10,2026-09-16,Mumbai,UPI,COMPLETED
100496,C1728,Mouse,Electronics,4,890.37,0,2026-10-01,Kochi,UPI,PENDING
100497,C1049,Monitor,Electronics,6,16512.54,0,2026-03-01,Chennai,Net Banking,SHIPPED
100886,C1899,USB Cable,Accessories,3,449.5,0,2026-07-04,Chennai,Debit Card,COMPLETED
100499,C1677,Monitor,Electronics,6,15091.39,10,2026-03-12,Chennai,UPI,PENDING
100500,C1736,Desk Lamp,Furniture,1,1495.7,20,2026-02-24,Jaipur,Credit Card,PENDING
100501,C1204,Office Chair,Furniture,5,13703.23,0,2026-07-29,Hyderabad,Credit Card,COMPLETED
100502,C1561,Printer,Electronics,2,14790.46,5,2026-06-19,Delhi,UPI,COMPLETED
100503,C1687,Keyboard,Electronics,1,2751.42,15,2026-09-10,Mumbai,UPI,PENDING
100504,C1076,Monitor,Electronics,3,15649.52,5,2026-06-01,Hyderabad,Net Banking,COMPLETED
100505,C1102,Headphones,Electronics,1,3317.02,0,2026-06-10,Chennai,UPI,COMPLETED
100506,C1871,Mouse,Electronics,1,884.48,15,2026-03-29,Pune,Debit Card,SHIPPED
100507,C1978,Desk Lamp,Furniture,3,1781.67,0,2026-07-10,Pune,Credit Card,COMPLETED
100508,C1410,Smartphone,Electronics,4,32604.25,5,2026-09-02,Chennai,Credit Card,COMPLETED
100509,C1135,Mouse,Electronics,2,704.89,10,2026-09-05,Kochi,Net Banking,COMPLETED
100510,C1625,Smartphone,Electronics,3,36169.26,20,2026-03-08,Jaipur,Net Banking,COMPLETED
100511,C1908,Tablet,Electronics,4,24186.17,0,2026-06-10,Kolkata,COD,CANCELLED
100512,C1590,Smartwatch,Electronics,2,10290.32,15,2026-06-23,Ahmedabad,COD,CANCELLED
100513,C1717,Desk Lamp,Furniture,1,1567.77,15,2026-05-08,Jaipur,Debit Card,CANCELLED
100514,C1692,Smartphone,Electronics,2,38559.85,10,2026-01-28,Kolkata,Credit Card,PENDING
100515,C1869,Printer,Electronics,4,15551.55,0,2026-09-09,Pune,Credit Card,COMPLETED
100516,C1993,Office Chair,Furniture,1,12024.95,10,2026-07-13,Chennai,Credit Card,COMPLETED
100517,C1470,Backpack,Accessories,5,2461.07,20,2026-09-13,Jaipur,Debit Card,COMPLETED
100518,C1509,Laptop,Electronics,1,58261.91,0,2026-01-01,Bengaluru,COD,PENDING
100519,C1652,Desk,Furniture,5,18336.6,15,2026-08-22,Pune,Debit Card,COMPLETED
100520,C1836,Laptop Stand,Accessories,4,1709.27,20,2026-08-31,Pune,Net Banking,COMPLETED
100521,C1099,Laptop Stand,Accessories,1,1714.33,20,2026-05-30,Ahmedabad,COD,COMPLETED
100522,C1718,Monitor,Electronics,1,16785.95,5,2026-03-13,Chennai,UPI,COMPLETED
100523,C1625,Webcam,Electronics,2,3988.01,20,2026-07-21,Delhi,Net Banking,COMPLETED
100524,C1733,Power Bank,Electronics,1,2369.72,0,2026-03-05,Jaipur,Net Banking,CANCELLED
100525,C1603,Router,Electronics,2,3645.3,0,2026-09-29,Kolkata,COD,SHIPPED
100526,C1858,Smartwatch,Electronics,4,10145.8,20,2026-04-01,Kochi,Credit Card,CANCELLED
100527,C1834,USB Cable,Accessories,1,483.11,10,2026-06-14,Ahmedabad,Net Banking,SHIPPED
100528,C1623,Laptop Stand,Accessories,3,1744.85,0,2026-05-31,Jaipur,Credit Card,COMPLETED
100529,C1422,Desk Lamp,Furniture,6,1785.49,10,2026-06-03,Ahmedabad,Debit Card,CANCELLED
100530,C1754,Mechanical Keyboard,Electronics,6,5948.82,0,2026-05-29,Pune,Credit Card,CANCELLED
100531,C1665,Headphones,Electronics,5,3038.24,15,2026-06-15,Bengaluru,Debit Card,PENDING
100532,C1491,Smartwatch,Electronics,5,10195.22,15,2026-08-02,Ahmedabad,Debit Card,SHIPPED
100533,C1827,Laptop,Electronics,5,52916.47,5,2026-03-16,Kolkata,UPI,COMPLETED
100534,C1273,Headphones,Electronics,3,3165.05,0,2026-02-01,Hyderabad,Credit Card,PENDING
100535,C1033,SSD 1TB,Electronics,4,6165.21,20,2026-04-25,Ahmedabad,Net Banking,COMPLETED
100536,C1523,Desk,Furniture,6,18888.27,5,2026-07-18,Chennai,Debit Card,PENDING
100537,C1055,Laptop,Electronics,6,55524.14,10,2026-08-15,Delhi,Debit Card,PENDING
100538,C1559,Desk Lamp,Furniture,2,1732.55,0,2026-05-31,Jaipur,Credit Card,CANCELLED
100539,C1076,Headphones,Electronics,2,3211.57,0,2026-07-13,Kolkata,Net Banking,COMPLETED
100540,C1569,Office Chair,Furniture,2,10779.34,20,2026-05-11,Kolkata,Debit Card,SHIPPED
100541,C1726,USB Cable,Accessories,1,448.06,0,2026-01-27,Kochi,Debit Card,SHIPPED
100542,C1808,Smartwatch,Electronics,5,8616.83,20,2026-06-12,Ahmedabad,Credit Card,COMPLETED
100543,C1533,Keyboard,Electronics,5,2244.53,10,2026-10-02,Chennai,UPI,COMPLETED
100544,C1226,Webcam,Electronics,6,4273.04,0,2026-05-31,Delhi,COD,PENDING
100545,C1486,Mechanical Keyboard,Electronics,6,5542.17,15,2026-06-27,Jaipur,Credit Card,CANCELLED
100546,C1628,Desk Lamp,Furniture,2,1820.27,15,2026-06-14,Chennai,UPI,SHIPPED
100547,C1262,Mechanical Keyboard,Electronics,6,6076.52,10,2026-07-11,Ahmedabad,COD,SHIPPED
100548,C1498,Mouse,Electronics,3,895.59,0,2026-06-14,Ahmedabad,UPI,COMPLETED
100549,C1171,Mechanical Keyboard,Electronics,5,5539.29,0,2026-04-18,Delhi,Net Banking,COMPLETED
100550,C1210,Mechanical Keyboard,Electronics,6,7238.34,15,2026-08-11,Bengaluru,Credit Card,COMPLETED
100551,C1470,Power Bank,Electronics,1,1927.76,0,2026-04-02,Hyderabad,COD,COMPLETED
100552,,Laptop Stand,Accessories,3,1750.12,5,2026-07-27,Chennai,Debit Card,COMPLETED
100553,C1398,Monitor,Electronics,5,12776.55,15,2026-02-02,Kochi,UPI,CANCELLED
100554,C1868,Keyboard,Electronics,3,2821.04,0,2026-05-29,Hyderabad,COD,COMPLETED
100555,C1288,Backpack,Accessories,4,2421.33,15,2026-01-16,Jaipur,Credit Card,PENDING
100556,C1225,USB Cable,Accessories,6,483.65,20,2026-06-01,Mumbai,Debit Card,CANCELLED
100557,C1908,SSD 1TB,Electronics,1,7112.4,10,2026-03-14,Bengaluru,UPI,COMPLETED
100558,C1586,Desk Lamp,Furniture,-2,1617.83,0,2026-06-06,Delhi,Debit Card,COMPLETED
100559,C1422,Router,Electronics,2,2874.52,0,2026-05-10,Delhi,UPI,COMPLETED
100560,C1687,Smartwatch,Electronics,1,9948.75,10,2026-08-25,Ahmedabad,UPI,COMPLETED
100561,C1687,Keyboard,Electronics,3,2198.65,15,2026-09-07,Pune,Debit Card,COMPLETED
100562,C1687,Laptop Stand,Accessories,1,1683.97,0,2026-04-10,Pune,Net Banking,SHIPPED
100563,C1336,Desk Lamp,Furniture,6,1506.72,10,2026-03-20,Kochi,COD,COMPLETED
100564,C1827,Power Bank,Electronics,4,1981.3,0,2026-05-07,Delhi,Net Banking,COMPLETED
100565,C1860,SSD 1TB,Electronics,2,7377.12,0,2026-09-03,Jaipur,Net Banking,COMPLETED
100566,C1793,Desk,Furniture,4,18279.03,0,2026-02-11,Hyderabad,Credit Card,PENDING
100567,C1201,Office Chair,Furniture,6,13390.81,0,2026-02-08,Kolkata,COD,CANCELLED
100568,C1031,Smartwatch,Electronics,5,8743.86,10,2026-04-19,Kolkata,COD,COMPLETED
100569,C1556,Mechanical Keyboard,Electronics,4,6800.12,0,2026-07-07,Chennai,Credit Card,PENDING
100570,C1750,Desk,Furniture,2,17809.39,10,2026-02-16,Chennai,Debit Card,PENDING
100571,C1010,Laptop Stand,Accessories,5,1899.45,20,2026-09-21,Mumbai,Net Banking,COMPLETED
100572,C1183,Smartwatch,Electronics,5,9430.42,0,2026-09-05,Pune,UPI,COMPLETED
100573,C1779,Printer,Electronics,2,12164.02,0,2026-04-30,Kolkata,Credit Card,PENDING
100574,C1929,SSD 1TB,Electronics,4,6936.32,5,2026-01-24,Kolkata,Debit Card,COMPLETED
100575,,Router,Electronics,6,3516.46,20,2026-05-15,Kochi,COD,PENDING
100576,C1178,Smartphone,Electronics,6,33724.44,10,2026-02-09,Ahmedabad,Debit Card,SHIPPED
100577,C1996,Laptop Stand,Accessories,5,1749.15,20,2026-06-26,Jaipur,Net Banking,PENDING
100578,C1006,Router,Electronics,2,3142.3,0,2026-02-09,Ahmedabad,Debit Card,COMPLETED
100579,C1153,Headphones,Electronics,2,2876.0,15,2026-03-02,Delhi,Net Banking,COMPLETED
100580,C1737,Monitor,Electronics,4,,5,2026-04-18,Kochi,Credit Card,CANCELLED
100581,C1853,Tablet,Electronics,1,25846.83,0,2026-03-24,Mumbai,COD,COMPLETED
100582,C1912,Smartwatch,Electronics,2,7800.96,0,2026-04-03,Ahmedabad,Net Banking,PENDING
100583,C1992,Smartwatch,Electronics,6,7700.27,15,2026-05-26,Bengaluru,Credit Card,SHIPPED
100584,C1621,Printer,Electronics,4,12616.38,20,2026-07-30,Kochi,Credit Card,PENDING
100585,C1840,Headphones,Electronics,5,3143.68,0,2026-03-27,Pune,Net Banking,PENDING
100586,C1604,Keyboard,Electronics,2,2408.66,0,2026-02-25,Kolkata,Credit Card,PENDING
100587,C1880,Router,Electronics,6,3123.0,0,2026-02-19,Mumbai,Net Banking,PENDING
100588,C1614,Mouse,Electronics,5,800.8,0,2026-02-17,Jaipur,Credit Card,PENDING
100589,C1552,Laptop,Electronics,6,62686.17,10,2026-08-04,Pune,UPI,CANCELLED
100590,C1542,Tablet,Electronics,2,31682.74,5,2026-07-15,Pune,COD,CANCELLED
100591,,Smartwatch,Electronics,1,8798.82,0,2026-09-02,Delhi,UPI,COMPLETED
100592,C1612,Mechanical Keyboard,Electronics,4,6027.72,0,2026-01-04,Kochi,COD,COMPLETED
100593,C1532,Laptop,Electronics,4,62781.83,15,2026-06-11,Chennai,Debit Card,COMPLETED
100594,C1158,Tablet,Electronics,6,28717.11,0,2026-10-02,Chennai,COD,COMPLETED
100595,C1626,Office Chair,Furniture,6,11630.83,0,2026-07-31,Ahmedabad,COD,SHIPPED
100596,C1183,SSD 1TB,Electronics,5,7115.31,0,2026-06-07,Kochi,Debit Card,CANCELLED
100597,C1407,USB Cable,Accessories,6,-1200,0,2026-08-17,Mumbai,UPI,COMPLETED
100598,C1520,Smartphone,Electronics,3,38158.96,10,2026-01-27,Mumbai,Net Banking,CANCELLED
100599,C1005,Keyboard,Electronics,2,2478.75,10,2026-08-11,Bengaluru,UPI,COMPLETED
100600,C1227,SSD 1TB,Electronics,1,7228.96,15,2026-07-16,Chennai,COD,CANCELLED
100601,C1533,Desk,Furniture,6,20503.06,0,2026-03-31,Jaipur,Net Banking,COMPLETED
100602,C1206,Router,Electronics,3,2906.96,20,2026-09-19,Ahmedabad,Credit Card,PENDING
100603,C1173,Mouse,Electronics,3,737.42,0,2026-03-22,Bengaluru,Debit Card,SHIPPED
100604,C1361,Smartphone,Electronics,4,35903.84,10,2026-01-08,Bengaluru,UPI,PENDING
100605,C1291,Mechanical Keyboard,Electronics,5,6203.79,20,2026-05-22,Delhi,COD,COMPLETED
100606,C1465,Smartphone,Electronics,5,29798.84,0,2026-07-28,Ahmedabad,UPI,PENDING
100607,C1074,Router,Electronics,3,3046.37,0,2026-09-20,Hyderabad,COD,PENDING
100608,C1256,Backpack,Accessories,4,2547.38,20,2026-05-05,Pune,Net Banking,CANCELLED
100609,C1471,Smartwatch,Electronics,1,8951.32,0,2026-02-04,Chennai,Credit Card,CANCELLED
100610,C1718,Laptop Stand,Accessories,3,1752.71,0,2026-09-22,Ahmedabad,UPI,CANCELLED
100611,C1852,Office Chair,Furniture,2,11234.24,5,2026-06-25,Bengaluru,COD,COMPLETED
100612,C1487,Power Bank,Electronics,3,2014.25,10,2026-05-18,Mumbai,Credit Card,SHIPPED
100613,C1754,Webcam,Electronics,2,4817.83,20,2026-05-16,Delhi,Credit Card,COMPLETED
100614,C1854,Laptop Stand,Accessories,5,1722.25,20,2026-02-24,Bengaluru,UPI,CANCELLED
100615,C1978,Printer,Electronics,5,11927.82,20,2026-01-22,Jaipur,Debit Card,PENDING
100616,C1322,Printer,Electronics,5,15548.83,5,2026-04-04,Ahmedabad,Debit Card,SHIPPED
100617,C1227,Smartwatch,Electronics,2,7796.2,20,2026-08-05,Jaipur,COD,COMPLETED
100618,C1514,SSD 1TB,Electronics,4,7756.84,20,2026-03-31,Jaipur,UPI,CANCELLED
100619,C1530,Backpack,Accessories,3,2641.91,0,2026-04-18,Chennai,COD,COMPLETED
100620,C1333,SSD 1TB,Electronics,5,7759.87,0,2026-05-15,Delhi,Debit Card,SHIPPED
100621,C1981,Desk Lamp,Furniture,3,1535.64,5,2026-08-06,Delhi,Net Banking,CANCELLED
100622,C1770,SSD 1TB,Electronics,3,7744.08,0,2026-08-19,Mumbai,COD,COMPLETED
100623,C1589,Laptop Stand,Accessories,1,1919.24,20,2026-05-01,Ahmedabad,Net Banking,SHIPPED
100624,C1200,USB Cable,Accessories,6,447.43,20,2026-01-05,Mumbai,Net Banking,SHIPPED
100625,C1137,Router,Electronics,5,3411.74,20,2026-09-07,Hyderabad,Debit Card,PENDING
100626,C1879,Smartwatch,Electronics,1,8725.69,-10,2026-03-25,Kolkata,Credit Card,COMPLETED
100627,C1487,Monitor,Electronics,4,16100.67,0,2026-07-04,Pune,COD,PENDING
100628,C1954,Office Chair,Furniture,3,10271.41,0,2026-06-29,Kochi,Credit Card,PENDING
100629,C1589,Mechanical Keyboard,Electronics,2,7434.78,0,2026-07-01,Pune,COD,SHIPPED
100630,,Backpack,Accessories,1,2410.8,0,2026-08-26,Mumbai,Credit Card,CANCELLED
100631,C1827,Power Bank,Electronics,4,2286.64,10,2026-07-27,Bengaluru,UPI,COMPLETED
100632,C1351,Laptop Stand,Accessories,3,1701.11,0,2026-05-17,Kochi,Net Banking,COMPLETED
100633,C1908,Backpack,Accessories,3,2685.92,10,2026-08-19,Chennai,Credit Card,COMPLETED
100634,C1874,Laptop,Electronics,2,64099.9,15,2026-05-09,Bengaluru,Credit Card,COMPLETED
100635,C1406,Monitor,Electronics,1,13037.07,5,2026-01-28,Kolkata,Net Banking,PENDING
100636,C1783,Keyboard,Electronics,1,2321.84,0,2026-02-13,Chennai,Debit Card,COMPLETED
100637,C1253,Desk,Furniture,4,18683.0,0,2026-09-27,Mumbai,UPI,COMPLETED
100638,C1679,SSD 1TB,Electronics,3,7764.91,5,2026-05-20,Ahmedabad,Net Banking,COMPLETED
100639,C1992,Mechanical Keyboard,Electronics,-2,6677.12,5,2026-08-11,Ahmedabad,COD,COMPLETED
100640,C1930,SSD 1TB,Electronics,4,7083.3,20,2026-02-15,Jaipur,Debit Card,COMPLETED
100641,C1422,,Furniture,2,11292.86,0,2026-09-25,Mumbai,Debit Card,COMPLETED
100642,C1480,Mechanical Keyboard,Electronics,1,6866.15,5,2026-09-02,Hyderabad,UPI,SHIPPED
100643,C1817,Desk,Furniture,5,16548.56,0,2026-07-11,Delhi,Net Banking,PENDING
100644,,Smartphone,Electronics,2,31464.33,15,2026-07-19,Chennai,Credit Card,COMPLETED
100645,C1081,Tablet,Electronics,6,25812.32,20,2026-05-20,Hyderabad,COD,COMPLETED
100646,C1422,Webcam,Electronics,1,4071.25,0,2026-02-26,Jaipur,COD,SHIPPED
100647,C1278,Desk Lamp,Furniture,4,1450.14,0,2026-03-19,Kolkata,COD,COMPLETED
100648,C1190,Monitor,Electronics,3,13961.38,15,2026-08-13,Kolkata,Credit Card,COMPLETED
100649,C1154,Laptop,Electronics,4,54909.39,5,2026-06-09,Jaipur,Debit Card,SHIPPED
100650,C1713,Mouse,Electronics,3,699.25,20,2026-03-16,Kolkata,Debit Card,SHIPPED
100651,C1073,Mechanical Keyboard,Electronics,4,5879.13,20,2026-05-09,Chennai,UPI,COMPLETED
100652,C1997,Laptop Stand,Accessories,4,1946.46,5,2026-05-07,Kolkata,Credit Card,SHIPPED
100653,C1752,Monitor,Electronics,5,15747.04,0,2026-08-31,Chennai,Debit Card,COMPLETED
100654,,Mouse,Electronics,6,904.98,10,2026-03-04,Hyderabad,Net Banking,CANCELLED
100655,C1305,Webcam,Electronics,3,5023.15,20,2026-04-22,Bengaluru,Credit Card,CANCELLED
100656,C1444,Power Bank,Electronics,1,1980.46,0,2026-03-03,Chennai,Credit Card,COMPLETED
100657,C1992,Mouse,Electronics,5,868.03,5,2026-03-21,Pune,UPI,COMPLETED
100658,C1161,Printer,Electronics,1,14780.97,0,2026-01-31,Kolkata,Debit Card,CANCELLED
100659,C1157,Mechanical Keyboard,Electronics,1,5770.36,0,2026-06-12,Ahmedabad,Debit Card,SHIPPED
100660,C1750,Webcam,Electronics,1,4755.49,0,2026-03-10,Hyderabad,UPI,SHIPPED
100661,C1723,Backpack,Accessories,5,2346.04,15,2026-09-08,Delhi,COD,COMPLETED
100662,C1556,SSD 1TB,Electronics,3,7488.05,0,2026-03-24,Bengaluru,COD,COMPLETED
100663,C1460,Desk,Furniture,3,18224.67,5,2026-01-01,Ahmedabad,Net Banking,CANCELLED
100664,C1189,Laptop,Electronics,5,66422.93,20,2026-05-03,Pune,UPI,CANCELLED
100665,C1990,Mechanical Keyboard,Electronics,4,5895.25,15,2026-09-12,Ahmedabad,Credit Card,PENDING
100666,C1289,Power Bank,Electronics,4,2293.0,0,wrong_date,Ahmedabad,UPI,COMPLETED
100667,C1855,USB Cable,Accessories,2,556.02,0,2026-02-24,Jaipur,Credit Card,COMPLETED
100668,C1032,Smartwatch,Electronics,6,9908.01,15,2026-09-08,Ahmedabad,COD,CANCELLED
100669,C1604,Office Chair,Furniture,1,,10,2026-02-06,Kolkata,Credit Card,CANCELLED
100670,C1503,Keyboard,Electronics,4,2725.76,0,2026-07-04,Ahmedabad,Net Banking,COMPLETED
100671,C1813,Mouse,Electronics,5,743.8,0,2026-02-06,Hyderabad,UPI,COMPLETED
100672,C1983,Router,Electronics,1,2817.18,0,2026-09-30,Chennai,Credit Card,COMPLETED
100673,C1538,Laptop Stand,Accessories,5,1867.68,0,2026-08-01,Bengaluru,COD,COMPLETED
100674,C1690,Backpack,Accessories,6,2623.93,0,2026-03-27,Mumbai,COD,SHIPPED
100675,C1516,Power Bank,Electronics,6,1974.4,10,2026-08-15,Pune,Debit Card,PENDING
100676,C1332,SSD 1TB,Electronics,4,7554.79,5,2026-06-15,Kochi,Credit Card,PENDING
100677,C1558,Webcam,Electronics,4,4858.71,15,2026-05-11,Pune,Net Banking,SHIPPED
100678,C1982,Smartphone,Electronics,1,37376.29,0,2026-01-09,Ahmedabad,Credit Card,COMPLETED
100679,C1006,Desk,Furniture,2,16460.04,0,2026-01-12,Hyderabad,COD,PENDING
100680,C1569,Smartwatch,Electronics,5,8067.73,0,2026-08-24,Pune,Credit Card,COMPLETED
100681,C1271,SSD 1TB,Electronics,5,6474.7,0,2026-06-03,Bengaluru,COD,SHIPPED
100682,C1582,Webcam,Electronics,6,3929.22,0,2026-09-05,Mumbai,Net Banking,CANCELLED
100683,C1719,Smartwatch,Electronics,1,9257.12,0,2026-01-20,Kochi,Net Banking,COMPLETED
100684,C1798,Mouse,Electronics,3,763.5,20,2026-08-11,Chennai,UPI,COMPLETED
100685,C1765,Desk Lamp,Furniture,1,1664.27,15,2026-07-15,Kolkata,Debit Card,PENDING
100686,C1042,Power Bank,Electronics,5,2242.84,0,2026-09-15,Delhi,Credit Card,COMPLETED
100687,C1689,Smartphone,Electronics,4,37654.82,10,2026-09-16,Bengaluru,Credit Card,SHIPPED
100688,C1296,Smartphone,Electronics,2,31137.98,0,2026-09-01,Kochi,UPI,PENDING
100689,C1408,Office Chair,Furniture,1,11634.7,5,2026-03-08,Mumbai,Net Banking,PENDING
100690,C1202,Printer,Electronics,4,14639.44,0,2026-09-26,Delhi,Credit Card,COMPLETED
100670,C1503,Keyboard,Electronics,4,2725.76,0,2026-07-04,Ahmedabad,Net Banking,COMPLETED
100692,C1374,SSD 1TB,Electronics,2,6623.55,10,2026-01-13,Hyderabad,Credit Card,COMPLETED
100693,C1631,Backpack,Accessories,5,2234.36,0,2026-04-30,Delhi,Debit Card,COMPLETED
100694,C1775,Keyboard,Electronics,1,2679.69,0,2026-03-17,Hyderabad,UPI,COMPLETED
100695,C1710,Monitor,Electronics,3,14775.28,0,2026-06-19,Delhi,COD,COMPLETED
100696,C1208,Mechanical Keyboard,Electronics,5,6988.19,10,2026-09-05,Kochi,Credit Card,CANCELLED
100697,C1715,Laptop,Electronics,4,61494.09,15,2026-09-27,Kolkata,Debit Card,COMPLETED
100698,C1061,Desk,Furniture,2,19561.62,10,2026-05-19,Kolkata,Net Banking,CANCELLED
100699,C1967,Laptop,Electronics,1,57995.61,0,2026-07-04,Bengaluru,UPI,COMPLETED
100700,C1888,Smartphone,Electronics,2,40037.82,10,2026-02-20,Pune,Net Banking,PENDING
100701,C1544,Keyboard,Electronics,2,2274.16,5,2026-01-12,Kolkata,Credit Card,PENDING
100702,C1312,Power Bank,Electronics,0,2129.64,0,2026-01-10,Pune,Debit Card,COMPLETED
100703,C1640,Desk,Furniture,2,20678.37,10,2026-05-22,Kolkata,Debit Card,SHIPPED
100704,C1911,Laptop,Electronics,5,68084.1,0,2026-03-19,Pune,Net Banking,CANCELLED
100705,C1140,Keyboard,Electronics,6,2411.66,15,2026-04-27,Chennai,Credit Card,PENDING
100706,C1156,Tablet,Electronics,3,31441.78,0,2026-08-18,Ahmedabad,Credit Card,COMPLETED
100707,C1668,USB Cable,Accessories,-2,506.2,20,2026-04-14,Mumbai,Debit Card,CANCELLED
100708,C1722,Router,Electronics,2,3132.86,20,2026-03-16,Kochi,Credit Card,COMPLETED
100709,C1069,Mechanical Keyboard,Electronics,5,7374.77,0,2026-04-05,Pune,Credit Card,CANCELLED
100710,C1030,Power Bank,Electronics,4,2504.39,0,2026-08-15,Hyderabad,Credit Card,COMPLETED
100711,C1109,USB Cable,Accessories,2,428.93,10,2026-05-17,Kochi,COD,PENDING
100712,C1236,Desk Lamp,Furniture,2,1470.84,0,2026-07-03,Bengaluru,Net Banking,COMPLETED
100713,C1514,Desk Lamp,Furniture,4,1701.77,0,2026-04-05,Chennai,Net Banking,SHIPPED
100714,C1140,Headphones,Electronics,2,2753.65,5,2026-01-08,Hyderabad,Net Banking,COMPLETED
100715,C1760,Webcam,Electronics,2,3914.28,5,2026-09-08,Pune,Net Banking,COMPLETED
100716,C1437,Smartphone,Electronics,1,36133.26,20,2026-07-14,Pune,Net Banking,PENDING
100717,C1961,Smartwatch,Electronics,5,9097.63,15,2026-01-20,Ahmedabad,UPI,SHIPPED
100718,C1467,Mouse,Electronics,2,804.49,5,2026-01-21,Ahmedabad,Net Banking,PENDING
100719,,Mouse,Electronics,2,749.88,5,2026-06-05,Hyderabad,Net Banking,COMPLETED
100720,C1432,Desk,Furniture,5,20262.78,15,2026-09-22,Mumbai,Net Banking,CANCELLED
100721,C1462,Keyboard,Electronics,6,2500.49,0,2026-03-11,Chennai,Net Banking,COMPLETED
100722,C1461,Laptop,Electronics,2,59166.25,15,2026-04-14,Jaipur,UPI,COMPLETED
100723,C1331,Headphones,Electronics,6,3209.94,0,2026-02-28,Jaipur,Debit Card,COMPLETED
100724,C1536,Smartphone,Electronics,6,38056.2,10,2026-03-23,Chennai,COD,SHIPPED
100725,C1044,Headphones,Electronics,3,3058.94,15,2026-03-18,Mumbai,Credit Card,COMPLETED
100726,C1787,Mouse,Electronics,4,753.93,15,2026-08-17,Hyderabad,Credit Card,COMPLETED
100727,C1920,USB Cable,Accessories,2,425.53,20,2026-05-10,Kolkata,Net Banking,SHIPPED
100728,C1875,Printer,Electronics,5,15291.31,10,2026-09-10,Delhi,Credit Card,PENDING
100729,C1675,Printer,Electronics,4,13622.64,0,2026-01-04,Delhi,COD,COMPLETED
100730,,Mechanical Keyboard,Electronics,2,5620.39,0,2026-01-29,Pune,UPI,COMPLETED
100731,C1874,Mouse,Electronics,6,818.74,10,2026-06-02,Pune,UPI,COMPLETED
100732,C1111,,Electronics,2,25155.22,0,2026-04-01,Jaipur,COD,COMPLETED
100733,C1953,Mouse,Electronics,1,864.44,0,2026-07-08,Chennai,UPI,SHIPPED
100734,C1863,Mechanical Keyboard,Electronics,1,6096.02,0,2026-03-04,Hyderabad,Debit Card,PENDING
100735,C1423,Router,Electronics,2,3388.0,10,2026-01-30,Bengaluru,COD,CANCELLED
100736,C1644,Router,Electronics,-5,3184.32,15,2026-05-28,Chennai,COD,COMPLETED
100737,C1265,Router,Electronics,5,3675.22,0,2026-03-08,Kochi,COD,SHIPPED
100738,C1532,Printer,Electronics,4,15293.52,10,2026-04-30,Hyderabad,Credit Card,COMPLETED
100739,C1121,Laptop,Electronics,4,62258.29,0,2026-04-17,Kochi,Net Banking,SHIPPED
100740,C1046,Power Bank,Electronics,3,2239.87,15,2026-04-19,Kolkata,Credit Card,CANCELLED
100741,C1288,Office Chair,Furniture,1,11307.98,10,2026-06-15,Kolkata,UPI,CANCELLED
100742,C1341,Power Bank,Electronics,4,2348.1,10,2026-01-15,Mumbai,Credit Card,COMPLETED
100743,C1853,Power Bank,Electronics,6,2186.21,5,2026-01-19,Mumbai,Net Banking,COMPLETED
100744,C1642,Backpack,Accessories,5,2796.95,5,2026-07-31,Kolkata,COD,COMPLETED
100745,C1578,Power Bank,Electronics,5,-50,0,2026-06-19,Pune,UPI,COMPLETED
100746,C1287,Laptop,Electronics,3,68705.14,15,2026-10-01,Mumbai,COD,PENDING
100747,C1398,Headphones,Electronics,5,2655.16,20,2026-06-07,Pune,UPI,COMPLETED
100748,C1423,Keyboard,Electronics,4,2782.79,0,2026-08-20,Hyderabad,Credit Card,PENDING
100749,C1309,Headphones,Electronics,1,2886.79,0,2026-04-14,Bengaluru,Net Banking,PENDING
100750,C1025,Printer,Electronics,5,12547.13,0,2026-09-05,Ahmedabad,Debit Card,COMPLETED
100751,C1146,Monitor,Electronics,5,15795.23,0,2026-04-16,Kolkata,Net Banking,SHIPPED
100752,C1730,Router,Electronics,1,2723.95,0,2026-02-14,Pune,Net Banking,COMPLETED
100753,C1105,Router,Electronics,6,3435.73,0,2026-06-09,Delhi,Debit Card,COMPLETED
100754,C1197,,Furniture,3,18174.29,20,2026-08-14,Bengaluru,Debit Card,COMPLETED
100755,C1161,Office Chair,Furniture,1,10254.92,10,2026-09-21,Bengaluru,Credit Card,PENDING
100756,C1358,Mechanical Keyboard,Electronics,3,6053.55,15,2026-05-26,Kochi,Credit Card,COMPLETED
100757,C1072,Desk,Furniture,5,20118.11,10,2026-08-16,Kolkata,Credit Card,COMPLETED
100758,C1482,Mouse,Electronics,1,772.06,0,2026-08-07,Chennai,Credit Card,CANCELLED
100759,C1610,Smartwatch,Electronics,6,9907.67,15,2026-08-17,Kochi,Debit Card,COMPLETED
100760,C1340,Webcam,Electronics,6,4848.84,20,2026-10-01,Bengaluru,Net Banking,PENDING
100761,C1134,Keyboard,Electronics,6,2476.21,5,2026-06-08,Jaipur,Net Banking,COMPLETED
100762,C1970,Laptop Stand,Accessories,2,1994.99,10,2026-05-13,Pune,Net Banking,COMPLETED
100763,C1716,Power Bank,Electronics,3,2169.17,0,2026-02-03,Jaipur,UPI,COMPLETED
100764,C1490,Backpack,Accessories,2,2336.69,0,2026-03-07,Ahmedabad,UPI,SHIPPED
100765,C1837,Monitor,Electronics,3,15252.67,0,2026-06-04,Ahmedabad,Net Banking,SHIPPED
100766,C1604,Tablet,Electronics,2,29015.35,10,2026-03-23,Jaipur,Net Banking,COMPLETED
100767,C1348,Webcam,Electronics,6,4622.81,20,2026-08-11,Kochi,Debit Card,PENDING
100768,C1710,Laptop Stand,Accessories,2,1887.81,0,2026-09-07,Bengaluru,COD,PENDING
100769,C1474,Power Bank,Electronics,5,1934.45,5,2026-04-01,Hyderabad,Net Banking,COMPLETED
100770,C1612,Monitor,Electronics,6,16413.3,20,2026-07-14,Pune,Net Banking,CANCELLED
100771,C1676,Mouse,Electronics,1,732.23,0,2026-01-01,Mumbai,Credit Card,SHIPPED
100772,C1544,Desk,Furniture,4,18624.09,5,2026-04-11,Delhi,Debit Card,COMPLETED
100773,C1583,Desk,Furniture,4,19176.07,0,2026-02-15,Kochi,UPI,PENDING
100774,C1522,Smartphone,Electronics,2,,0,2026-07-09,Ahmedabad,UPI,COMPLETED
100775,C1720,Mechanical Keyboard,Electronics,3,5738.91,0,2026-01-16,Delhi,Net Banking,CANCELLED
100776,C1604,Smartphone,Electronics,6,33090.34,5,2026-07-27,Chennai,Net Banking,PENDING
100777,C1216,Headphones,Electronics,4,2675.16,10,2026-07-16,Pune,Net Banking,COMPLETED
100778,C1295,USB Cable,Accessories,2,426.74,15,2026-01-09,Mumbai,Net Banking,CANCELLED
100779,C1447,USB Cable,Accessories,-1,445.58,20,2026-08-01,Jaipur,COD,SHIPPED
100780,C1638,Headphones,Electronics,4,3008.47,10,2026-08-19,Chennai,Debit Card,COMPLETED
100781,C1190,Tablet,Electronics,5,23862.41,5,2026-05-02,Ahmedabad,Debit Card,SHIPPED
100782,C1948,Mechanical Keyboard,Electronics,5,6240.59,0,2026-09-05,Pune,UPI,PENDING
100783,C1493,Keyboard,Electronics,2,2672.64,10,2026-05-24,Jaipur,COD,COMPLETED
102258,C1602,Mechanical Keyboard,Electronics,6,6766.47,5,2026-03-02,Jaipur,Net Banking,CANCELLED
100785,C1627,Mouse,Electronics,3,808.41,0,2026-08-29,Jaipur,COD,SHIPPED
100786,C1587,Power Bank,Electronics,4,2102.92,20,2026-05-31,Hyderabad,Credit Card,COMPLETED
100787,C1711,Desk Lamp,Furniture,6,1505.95,20,2026-05-14,Kolkata,Net Banking,PENDING
100788,C1173,Smartwatch,Electronics,1,9422.06,0,2026-01-14,Hyderabad,Net Banking,COMPLETED
100789,C1129,Router,Electronics,1,3537.39,0,2026-05-10,Mumbai,COD,COMPLETED
100790,C1281,Office Chair,Furniture,1,12869.14,10,2026-03-31,Kochi,Credit Card,CANCELLED
100791,C1457,SSD 1TB,Electronics,2,6498.63,15,2026-05-01,Jaipur,Credit Card,PENDING
100792,C1882,Mouse,Electronics,3,916.18,0,2026-03-20,Jaipur,Net Banking,SHIPPED
100793,C1243,Backpack,Accessories,6,2603.18,0,2026-06-26,Kolkata,Debit Card,COMPLETED
100794,C1053,Headphones,Electronics,4,2908.87,0,2026-09-01,Ahmedabad,Credit Card,SHIPPED
100795,C1699,Smartphone,Electronics,4,32507.56,10,2026-08-11,Kolkata,Debit Card,SHIPPED
100796,C1391,Power Bank,Electronics,5,-500,0,2026-02-19,Ahmedabad,Debit Card,SHIPPED
100797,C1625,Office Chair,Furniture,3,11173.17,20,2026-02-20,Hyderabad,COD,SHIPPED
100798,C1472,Laptop Stand,Accessories,6,1892.82,20,2026-04-10,Ahmedabad,Debit Card,CANCELLED
100799,C1706,Headphones,Electronics,3,3042.85,15,2026-01-05,Bengaluru,UPI,SHIPPED
100800,,Router,Electronics,1,3378.08,0,2026-04-23,Hyderabad,Debit Card,COMPLETED
100801,C1034,Laptop,Electronics,5,52654.94,10,2026-04-22,Kochi,UPI,CANCELLED
100802,C1980,Monitor,Electronics,1,16603.98,0,not_available,Kochi,Credit Card,COMPLETED
100803,C1712,Headphones,Electronics,3,2815.11,15,wrong_date,Jaipur,Debit Card,SHIPPED
100804,C1708,Power Bank,Electronics,3,1976.9,0,2026-05-22,Kolkata,Net Banking,SHIPPED
100805,C1340,Mouse,Electronics,3,909.35,0,2026-04-02,Jaipur,UPI,SHIPPED
100806,C1950,Webcam,Electronics,5,4355.06,15,2026-09-09,Bengaluru,Credit Card,PENDING
100807,C1787,Tablet,Electronics,2,28957.32,0,2026-08-15,Hyderabad,UPI,COMPLETED
100808,C1074,Keyboard,Electronics,5,2670.66,20,2026-08-17,Kolkata,Net Banking,COMPLETED
100809,C1668,Laptop,Electronics,1,62962.91,0,2026-03-19,Pune,Net Banking,PENDING
100810,C1003,Router,Electronics,6,3622.31,5,2026-09-02,Chennai,Net Banking,CANCELLED
100811,C1799,Keyboard,Electronics,5,2294.39,5,2026-09-04,Bengaluru,COD,PENDING
100812,C1957,SSD 1TB,Electronics,3,7381.86,5,2026-01-29,Bengaluru,Debit Card,PENDING
100813,C1873,Power Bank,Electronics,1,2425.18,20,2026-05-29,Delhi,Credit Card,PENDING
100814,C1040,Smartphone,Electronics,6,31755.53,15,2026-07-19,Bengaluru,Debit Card,SHIPPED
100815,C1086,Backpack,Accessories,6,2267.1,0,2026-04-09,Kolkata,COD,COMPLETED
100816,C1500,Smartphone,Electronics,1,38073.76,15,2026-06-07,Jaipur,COD,SHIPPED
100817,C1989,Laptop,Electronics,1,57107.13,0,2026-01-22,Chennai,UPI,COMPLETED
100818,C1826,Router,Electronics,4,3622.49,20,2026-10-02,Mumbai,COD,COMPLETED
100819,C1947,Keyboard,Electronics,1,2676.59,5,2026-01-10,Jaipur,COD,COMPLETED
100820,C1248,USB Cable,Accessories,1,450.84,0,2026-06-07,Bengaluru,Net Banking,PENDING
100821,C1174,Smartwatch,Electronics,1,9858.06,0,2026-02-28,Jaipur,COD,PENDING
100822,C1225,Keyboard,Electronics,2,2444.66,20,2026-07-25,Pune,UPI,CANCELLED
100823,C1589,Mechanical Keyboard,Electronics,2,6152.1,20,2026-04-20,Kolkata,COD,COMPLETED
100824,C1343,Keyboard,Electronics,1,2330.42,20,2026-08-01,Mumbai,Debit Card,PENDING
100825,C1168,Backpack,Accessories,2,2819.26,0,2026-03-10,Bengaluru,COD,SHIPPED
100826,C1796,Headphones,Electronics,1,3341.66,0,wrong_date,Kolkata,Credit Card,COMPLETED
100827,C1723,Smartwatch,Electronics,3,8773.8,20,2026-09-01,Mumbai,Credit Card,COMPLETED
100828,C1655,Office Chair,Furniture,5,11821.51,0,2026-03-31,Kochi,UPI,PENDING
100829,C1184,Printer,Electronics,5,15891.25,15,2026-06-04,Pune,Net Banking,COMPLETED
100830,C1571,Laptop Stand,Accessories,2,1593.45,10,2026-02-18,Kochi,Debit Card,PENDING
100831,C1519,Laptop Stand,Accessories,4,1945.98,15,2026-04-17,Hyderabad,UPI,COMPLETED
100832,C1115,USB Cable,Accessories,6,551.57,5,2026-09-12,Mumbai,Credit Card,CANCELLED
100833,C1944,Mouse,Electronics,1,834.77,0,2026-04-18,Chennai,Debit Card,COMPLETED
100415,C1254,SSD 1TB,Electronics,4,7028.27,15,2026-06-03,Hyderabad,Credit Card,COMPLETED
100835,C1496,Router,Electronics,1,2788.03,0,2026-08-16,Kochi,COD,COMPLETED
100836,C1429,Webcam,Electronics,6,4738.75,0,2026-04-28,Bengaluru,Debit Card,COMPLETED
100837,C1100,Laptop Stand,Accessories,6,1752.8,0,2026-07-12,Delhi,UPI,SHIPPED
100838,C1599,Printer,Electronics,1,15640.05,0,2026-04-21,Kochi,Net Banking,COMPLETED
100839,C1396,SSD 1TB,Electronics,2,6911.25,0,2026-07-03,Hyderabad,Credit Card,COMPLETED
100840,C1130,Mouse,Electronics,6,816.48,0,2026-03-11,Bengaluru,Net Banking,SHIPPED
100841,C1428,Headphones,Electronics,3,2747.87,0,2026-03-22,Kochi,Credit Card,PENDING
100842,C1993,Mechanical Keyboard,Electronics,2,5693.62,20,2026-09-25,Jaipur,Credit Card,PENDING
100843,C1484,Backpack,Accessories,3,2135.88,5,2026-05-07,Delhi,Debit Card,SHIPPED
100844,C1593,Laptop Stand,Accessories,5,2040.98,10,2026-01-03,Chennai,UPI,COMPLETED
100845,C1481,Router,Electronics,1,3128.67,5,2026-09-03,Bengaluru,Net Banking,SHIPPED
100846,C1246,Keyboard,Electronics,5,2689.81,15,2026-07-28,Delhi,Credit Card,COMPLETED
100847,C1302,Laptop Stand,Accessories,6,2069.43,0,2026-09-03,Hyderabad,Credit Card,CANCELLED
100848,C1470,Smartwatch,Electronics,6,9225.88,5,2026-08-26,Mumbai,Net Banking,COMPLETED
100849,C1808,SSD 1TB,Electronics,6,6925.02,15,2026-01-01,Bengaluru,Net Banking,CANCELLED
100850,C1340,Router,Electronics,1,3004.73,20,2026-05-19,Kochi,COD,PENDING
100851,C1813,Webcam,Electronics,6,3934.29,0,2026-01-29,Ahmedabad,Debit Card,COMPLETED
100852,C1113,Smartphone,Electronics,3,34636.21,0,2026-07-07,Pune,Credit Card,CANCELLED
100853,C1572,Keyboard,Electronics,5,2657.0,0,2026-03-12,Pune,Credit Card,PENDING
100854,C1116,Printer,Electronics,6,15844.42,10,2026-04-18,Delhi,Debit Card,COMPLETED
100855,C1919,Office Chair,Furniture,5,12648.82,0,2026-01-28,Bengaluru,Debit Card,COMPLETED
100856,C1463,Printer,Electronics,5,14112.07,0,2026-08-29,Ahmedabad,COD,COMPLETED
100857,C1462,Desk Lamp,Furniture,3,1743.95,15,2026-02-03,Delhi,Net Banking,COMPLETED
100858,C1082,Smartphone,Electronics,2,32777.91,0,2026-02-25,Mumbai,Debit Card,COMPLETED
100859,C1713,USB Cable,Accessories,4,447.57,0,2026-09-24,Kolkata,Debit Card,SHIPPED
100860,C1992,Mechanical Keyboard,Electronics,2,6449.11,5,2026-08-16,Kolkata,Debit Card,COMPLETED
100861,C1064,Laptop,Electronics,2,66029.06,10,2026-06-21,Chennai,COD,COMPLETED
100862,C1671,Power Bank,Electronics,4,2261.62,15,2026-09-29,Ahmedabad,Net Banking,SHIPPED
100863,C1311,Smartwatch,Electronics,2,10075.36,0,2026-03-29,Hyderabad,Credit Card,SHIPPED
100864,C1380,Desk,Furniture,1,16101.03,0,2026-08-22,Mumbai,COD,COMPLETED
100865,C1728,Mechanical Keyboard,Electronics,3,5880.45,0,2026-03-20,Mumbai,Credit Card,COMPLETED
100866,C1042,Power Bank,Electronics,5,1953.47,0,2026-07-09,Mumbai,Credit Card,PENDING
100867,C1724,Mouse,Electronics,6,756.07,0,2026-03-17,Pune,Net Banking,PENDING
100868,C1998,Headphones,Electronics,5,2821.4,0,2026-07-27,Jaipur,Credit Card,SHIPPED
100869,C1950,,Electronics,2,1872.83,15,2026-09-17,Pune,Debit Card,SHIPPED
100870,C1917,Desk,Furniture,5,18901.19,20,2026-08-15,Pune,UPI,CANCELLED
100871,C1490,Mouse,Electronics,2,842.72,0,2026-06-07,Kolkata,Net Banking,PENDING
100872,C1861,Laptop Stand,Accessories,4,1722.99,0,2026-01-29,Kochi,Credit Card,PENDING
100873,C1539,Laptop Stand,Accessories,3,1635.69,0,2026-10-03,Jaipur,UPI,PENDING
100874,C1403,Webcam,Electronics,4,4253.97,10,2026-09-19,Kolkata,Debit Card,SHIPPED
100875,C1151,Tablet,Electronics,3,27043.35,0,2026-05-26,Pune,Debit Card,COMPLETED
100876,C1456,Mechanical Keyboard,Electronics,1,5945.61,5,2026-08-01,Jaipur,Debit Card,COMPLETED
102251,C1996,Monitor,Electronics,4,13989.26,0,2026-05-02,Jaipur,Credit Card,CANCELLED
100878,,Router,Electronics,3,2783.47,10,2026-07-12,Bengaluru,UPI,SHIPPED
100879,C1654,Office Chair,Furniture,4,10829.61,5,2026-03-12,Delhi,Credit Card,SHIPPED
100880,C1296,Mechanical Keyboard,Electronics,4,5607.35,20,2026-06-04,Kochi,Debit Card,SHIPPED
100881,C1572,Backpack,Accessories,2,2145.13,0,2026-03-20,Hyderabad,Debit Card,CANCELLED
100882,C1854,Printer,Electronics,1,14646.01,0,2026-08-02,Mumbai,Net Banking,CANCELLED
100883,C1660,Laptop Stand,Accessories,1,1594.45,0,2026-09-10,Bengaluru,COD,CANCELLED
100884,C1370,Smartwatch,Electronics,4,9177.05,20,2026-05-13,Jaipur,UPI,COMPLETED
100885,C1524,Smartwatch,Electronics,1,9932.26,0,2026-01-30,Mumbai,Debit Card,SHIPPED
100886,C1899,USB Cable,Accessories,3,449.5,0,2026-07-04,Chennai,Debit Card,COMPLETED
100887,C1296,Desk,Furniture,5,18750.31,0,2026-09-21,Delhi,Credit Card,COMPLETED
100888,C1613,Headphones,Electronics,5,2840.35,0,2026-06-04,Hyderabad,Debit Card,COMPLETED
100889,C1547,Smartwatch,Electronics,3,9872.95,0,2026-03-12,Ahmedabad,Debit Card,COMPLETED
100890,C1797,Printer,Electronics,4,13329.31,0,2026-02-22,Delhi,Credit Card,PENDING
100891,,Webcam,Electronics,5,4653.13,20,2026-09-27,Ahmedabad,COD,CANCELLED
100892,C1774,Monitor,Electronics,4,14822.21,0,2026-03-01,Mumbai,UPI,SHIPPED
100893,C1356,Desk,Furniture,6,17257.87,20,2026-08-15,Kochi,COD,COMPLETED
100894,C1176,Desk,Furniture,1,19320.09,0,2026-04-24,Mumbai,Credit Card,CANCELLED
100895,C1232,Desk,Furniture,2,16433.14,0,2026-08-06,Bengaluru,UPI,COMPLETED
100896,C1793,Printer,Electronics,4,12078.57,0,2026-01-17,Ahmedabad,COD,COMPLETED
100897,C1480,Monitor,Electronics,3,12944.77,0,2026-01-06,Bengaluru,UPI,PENDING
100898,C1210,Smartwatch,Electronics,2,8148.91,0,2026-01-15,Bengaluru,Credit Card,CANCELLED
100899,C1964,Office Chair,Furniture,5,11452.21,0,2026-09-14,Kochi,Credit Card,PENDING
100900,C1583,Keyboard,Electronics,1,2739.69,20,2026-01-08,Ahmedabad,Credit Card,CANCELLED
100901,C1196,Desk,Furniture,2,20168.97,10,2026-01-03,Bengaluru,Credit Card,PENDING
100902,C1871,Printer,Electronics,3,14832.16,0,2026-08-14,Bengaluru,Credit Card,COMPLETED
100903,C1388,Tablet,Electronics,2,28119.71,5,2026-02-27,Pune,UPI,SHIPPED
100904,C1112,Router,Electronics,2,3195.98,0,2026-05-28,Ahmedabad,UPI,COMPLETED
100905,C1335,Printer,Electronics,1,13516.08,5,2026-06-09,Jaipur,Credit Card,PENDING
100906,C1417,Desk,Furniture,4,-500,0,2026-09-01,Pune,Credit Card,COMPLETED
100907,C1690,Printer,Electronics,6,12341.72,5,2026-09-25,Bengaluru,UPI,COMPLETED
100908,C1404,Smartphone,Electronics,6,35950.85,0,2026-03-28,Bengaluru,Debit Card,COMPLETED
100909,C1346,Webcam,Electronics,5,4964.44,5,2026-03-04,Delhi,Net Banking,CANCELLED
100910,C1511,Office Chair,Furniture,6,12957.5,10,2026-05-20,Chennai,Debit Card,SHIPPED
100911,C1682,Desk Lamp,Furniture,4,1834.01,10,2026-05-23,Mumbai,Net Banking,COMPLETED
100912,C1125,Office Chair,Furniture,4,11990.19,15,2026-03-10,Kolkata,UPI,CANCELLED
100913,C1054,Keyboard,Electronics,4,2633.58,0,2026-07-15,Kochi,Debit Card,COMPLETED
100914,C1310,Desk Lamp,Furniture,5,1406.24,0,2026-09-24,Jaipur,Net Banking,COMPLETED
100915,C1300,Printer,Electronics,4,14020.14,10,2026-06-25,Ahmedabad,COD,COMPLETED
100916,C1975,Mouse,Electronics,4,891.23,0,2026-07-16,Jaipur,Debit Card,SHIPPED
100917,C1453,Backpack,Accessories,1,2149.64,10,2026-06-05,Mumbai,Net Banking,SHIPPED
100918,C1137,Desk,Furniture,6,17401.03,20,2026-02-26,Kochi,Net Banking,CANCELLED
100919,C1567,Mechanical Keyboard,Electronics,5,6441.15,10,2026-03-22,Ahmedabad,UPI,SHIPPED
100920,C1269,Printer,Electronics,5,15977.66,10,2026-06-30,Hyderabad,Debit Card,COMPLETED
100921,C1028,Smartwatch,Electronics,1,7996.13,0,2026-06-28,Kochi,UPI,CANCELLED
100922,C1349,Smartphone,Electronics,1,34245.56,0,2026-07-30,Pune,UPI,CANCELLED
100923,C1250,Laptop Stand,Accessories,2,1879.96,10,2026-02-13,Bengaluru,Debit Card,COMPLETED
100924,C1345,Headphones,Electronics,1,3034.58,0,2026-08-24,Chennai,COD,PENDING
100925,C1923,Tablet,Electronics,3,23971.38,5,2026-01-12,Pune,Net Banking,PENDING
100926,C1399,Power Bank,Electronics,5,1934.5,5,2026-02-21,Delhi,Debit Card,SHIPPED
100927,C1514,Power Bank,Electronics,2,2275.79,0,2026-08-12,Delhi,Net Banking,CANCELLED
100928,C1867,Keyboard,Electronics,5,2285.56,0,2026-01-25,Hyderabad,COD,SHIPPED
100929,C1823,Laptop Stand,Accessories,5,1931.16,0,2026-02-18,Kochi,Debit Card,COMPLETED
100930,C1068,Smartwatch,Electronics,5,8933.22,0,2026-06-27,Bengaluru,Debit Card,PENDING
100931,C1823,Desk,Furniture,4,18882.67,0,2026-04-13,Chennai,Net Banking,COMPLETED
100932,C1639,Router,Electronics,4,3364.7,10,2026-04-03,Kolkata,COD,COMPLETED
100933,C1590,Printer,Electronics,2,14675.39,20,2026-08-28,Hyderabad,COD,PENDING
100934,C1873,Tablet,Electronics,5,29903.57,0,2026-09-25,Delhi,Debit Card,SHIPPED
100935,C1151,Laptop Stand,Accessories,2,1933.07,20,2026-06-03,Chennai,Net Banking,COMPLETED
100936,C1880,Keyboard,Electronics,6,2277.67,5,2026-05-17,Hyderabad,Credit Card,COMPLETED
100937,C1703,Desk Lamp,Furniture,2,1554.82,0,2026-03-18,Delhi,UPI,COMPLETED
100938,C1816,Desk,Furniture,4,17921.06,5,2026-08-05,Kolkata,Credit Card,COMPLETED
100939,C1279,USB Cable,Accessories,1,463.76,20,2026-05-23,Ahmedabad,Credit Card,CANCELLED
100940,C1872,Mouse,Electronics,6,796.6,0,2026-01-29,Bengaluru,Debit Card,PENDING
100941,C1305,Keyboard,Electronics,4,2797.58,15,2026-02-16,Chennai,Credit Card,COMPLETED
100942,C1114,Smartwatch,Electronics,6,9000.67,0,2026-09-25,Kochi,COD,COMPLETED
100943,C1508,Keyboard,Electronics,2,2574.87,20,2026-06-10,Pune,COD,CANCELLED
100944,C1399,Laptop Stand,Accessories,4,1647.72,0,2026-03-31,Delhi,Debit Card,SHIPPED
100945,C1418,Office Chair,Furniture,5,10401.33,10,2026-07-11,Bengaluru,Debit Card,PENDING
100946,C1433,Printer,Electronics,6,12934.66,0,2026-03-16,Pune,Net Banking,CANCELLED
100947,C1376,Desk,Furniture,1,18785.15,10,2026-01-18,Kolkata,Credit Card,COMPLETED
100948,C1565,Smartphone,Electronics,3,36458.97,15,2026-07-05,Bengaluru,COD,COMPLETED
100949,C1878,Backpack,Accessories,4,2130.9,5,2026-05-11,Hyderabad,UPI,COMPLETED
100950,C1304,Webcam,Electronics,2,5061.45,15,2026-06-12,Chennai,UPI,COMPLETED
100951,C1887,Keyboard,Electronics,4,2478.32,5,2026-06-20,Chennai,UPI,COMPLETED
100952,C1715,Office Chair,Furniture,5,10438.92,5,2026-06-17,Jaipur,UPI,COMPLETED
100953,C1656,Headphones,Electronics,6,2949.06,15,2026-03-11,Kolkata,Net Banking,COMPLETED
100373,C1223,Tablet,Electronics,2,27955.61,0,2026-05-26,Pune,COD,PENDING
100955,C1992,USB Cable,Accessories,5,527.86,20,2026-06-13,Jaipur,Net Banking,CANCELLED
100956,C1136,Office Chair,Furniture,2,12674.88,20,2026-06-17,Hyderabad,Credit Card,COMPLETED
101216,C1246,Smartphone,Electronics,4,32928.24,10,2026-03-30,Chennai,UPI,SHIPPED
100958,C1662,Desk Lamp,Furniture,6,1469.78,0,2026-08-25,Delhi,Debit Card,CANCELLED
100959,C1872,Headphones,Electronics,1,2910.93,5,2026-05-14,Mumbai,UPI,COMPLETED
100960,C1174,Smartwatch,Electronics,1,7688.11,10,2026-08-11,Jaipur,Net Banking,COMPLETED
100961,C1229,Webcam,Electronics,2,5102.17,20,2026-05-17,Hyderabad,Net Banking,SHIPPED
100962,,Tablet,Electronics,2,28840.7,20,2026-05-25,Delhi,Net Banking,COMPLETED
100963,C1418,USB Cable,Accessories,1,468.53,0,2026-05-01,Kochi,Net Banking,COMPLETED
100964,C1378,Smartwatch,Electronics,6,9397.54,0,2026-01-06,Jaipur,Credit Card,COMPLETED
100965,C1997,Smartphone,Electronics,6,31978.29,5,2026-08-05,Kochi,Debit Card,COMPLETED
100966,C1097,Mechanical Keyboard,Electronics,1,5626.62,0,2026-08-30,Pune,COD,CANCELLED
100967,C1990,Desk Lamp,Furniture,6,1719.16,0,2026-01-03,Hyderabad,COD,PENDING
100968,,Desk,Furniture,4,18924.81,0,2026-01-22,Kochi,Credit Card,COMPLETED
100969,C1173,Router,Electronics,4,3613.11,5,2026-03-09,Bengaluru,Debit Card,CANCELLED
100970,C1543,Tablet,Electronics,2,25987.41,0,2026-01-23,Mumbai,Net Banking,COMPLETED
100971,C1765,SSD 1TB,Electronics,4,6544.14,0,2026-05-16,Ahmedabad,Debit Card,SHIPPED
100972,C1914,Headphones,Electronics,3,3213.18,5,2026-03-19,Ahmedabad,Net Banking,COMPLETED
100973,C1193,USB Cable,Accessories,1,459.48,0,2026-08-29,Hyderabad,Credit Card,CANCELLED
100974,C1478,Tablet,Electronics,1,32159.69,5,2026-01-21,Jaipur,Debit Card,CANCELLED
100975,C1574,Printer,Electronics,4,13970.55,20,2026-03-17,Bengaluru,Debit Card,COMPLETED
100976,C1208,Desk,Furniture,2,19808.75,15,2026-09-18,Hyderabad,COD,CANCELLED
100977,C1599,Webcam,Electronics,5,5172.31,0,2026-09-27,Kochi,Credit Card,SHIPPED
100978,C1942,Keyboard,Electronics,2,2701.19,15,2026-02-18,Pune,UPI,COMPLETED
100979,C1697,Monitor,Electronics,4,14431.01,0,2026-06-15,Mumbai,UPI,COMPLETED
100980,C1471,Printer,Electronics,4,14539.1,0,2026-01-03,Pune,UPI,CANCELLED
100981,C1637,Backpack,Accessories,3,2835.56,15,2026-03-08,Delhi,UPI,CANCELLED
100982,C1289,Power Bank,Electronics,1,2360.91,10,2026-07-15,Bengaluru,Net Banking,COMPLETED
100983,C1182,Laptop Stand,Accessories,4,1578.16,20,2026-04-17,Mumbai,Net Banking,SHIPPED
100984,C1291,USB Cable,Accessories,1,469.78,20,2026-08-10,Hyderabad,COD,COMPLETED
100985,C1367,Monitor,Electronics,3,15056.94,5,2026-08-17,Chennai,Net Banking,COMPLETED
100986,C1576,Desk Lamp,Furniture,4,1403.31,5,2026-07-08,Kochi,Credit Card,SHIPPED
100987,C1645,Tablet,Electronics,1,24139.68,0,2026-08-26,Delhi,Credit Card,SHIPPED
100988,C1539,Router,Electronics,1,2999.07,5,2026-02-10,Jaipur,Debit Card,COMPLETED
100989,C1130,Desk,Furniture,2,18124.7,0,2026-01-25,Ahmedabad,UPI,COMPLETED
100990,C1525,Monitor,Electronics,5,14662.11,0,2026-08-26,Kochi,Debit Card,COMPLETED
100991,C1260,Smartwatch,Electronics,1,9725.35,0,2026-02-28,Jaipur,Credit Card,COMPLETED
100992,C1863,Smartphone,Electronics,1,30624.55,15,2026-06-02,Pune,COD,CANCELLED
100993,C1465,Backpack,Accessories,5,2730.88,0,2026-04-06,Delhi,Credit Card,COMPLETED
100994,C1764,Desk Lamp,Furniture,-1,1778.38,0,2026-08-11,Ahmedabad,UPI,COMPLETED
100995,C1404,Monitor,Electronics,1,13522.81,5,2026-08-24,Chennai,COD,CANCELLED
100996,C1498,Desk,Furniture,5,19690.92,10,2026-07-04,Chennai,Debit Card,COMPLETED
100997,C1128,USB Cable,Accessories,1,453.62,20,2026-01-09,Delhi,UPI,COMPLETED
100998,C1492,USB Cable,Accessories,6,461.27,20,2026-10-03,Delhi,UPI,COMPLETED
100999,C1788,Backpack,Accessories,2,2480.49,0,2026-03-01,Mumbai,Credit Card,CANCELLED
101000,C1719,Backpack,Accessories,4,2478.62,20,2026-08-19,Kochi,Credit Card,COMPLETED
101001,C1301,Smartwatch,Electronics,4,7787.49,0,2026-02-22,Chennai,Net Banking,SHIPPED
101002,C1754,Smartwatch,Electronics,5,9623.91,0,2026-01-19,Jaipur,Net Banking,SHIPPED
101003,C1525,Smartwatch,Electronics,6,9301.04,15,2026-09-07,Delhi,UPI,PENDING
101004,C1019,Tablet,Electronics,5,26453.14,0,2026-05-18,Chennai,Net Banking,COMPLETED
101005,C1506,Desk Lamp,Furniture,6,1526.45,15,2026-08-12,Kolkata,Credit Card,COMPLETED
101006,C1743,Webcam,Electronics,4,4289.19,0,2026-09-17,Delhi,COD,CANCELLED
101007,C1347,Desk Lamp,Furniture,6,1675.34,0,2026-05-31,Chennai,Net Banking,CANCELLED
101008,C1668,SSD 1TB,Electronics,4,7629.49,20,2026-03-24,Kochi,Credit Card,COMPLETED
101009,C1707,Keyboard,Electronics,6,2487.17,0,2026-04-13,Mumbai,COD,SHIPPED
101010,C1103,Tablet,Electronics,4,26350.68,0,2026-01-25,Kolkata,Debit Card,COMPLETED
101011,C1365,Headphones,Electronics,2,3295.15,10,2026-01-17,Bengaluru,Debit Card,SHIPPED
101012,C1116,Desk Lamp,Furniture,2,1417.93,0,2026-09-07,Hyderabad,Debit Card,COMPLETED
101013,C1787,Mouse,Electronics,5,744.2,0,2026-09-21,Kochi,UPI,CANCELLED
101014,C1051,Backpack,Accessories,4,2846.99,20,2026-02-26,Bengaluru,COD,PENDING
101015,C1800,Monitor,Electronics,5,12938.86,0,2026-03-27,Bengaluru,Credit Card,COMPLETED
102778,C1185,Monitor,Electronics,4,15861.79,5,2026-06-17,Delhi,Debit Card,CANCELLED
101017,C1372,Power Bank,Electronics,2,1951.17,0,2026-08-13,Chennai,UPI,COMPLETED
101018,C1854,Printer,Electronics,3,13104.38,0,2026-02-13,Hyderabad,Debit Card,CANCELLED
101019,C1772,Tablet,Electronics,3,29087.3,0,2026-03-19,Ahmedabad,Net Banking,COMPLETED
101020,C1141,Tablet,Electronics,4,31511.37,5,2026-09-22,Pune,UPI,SHIPPED
101021,C1149,Laptop,Electronics,6,65512.44,0,2026-02-13,Pune,Debit Card,SHIPPED
101022,C1790,Headphones,Electronics,-2,2605.32,20,2026-01-19,Mumbai,COD,COMPLETED
101023,C1646,Router,Electronics,3,3122.53,15,2026-06-05,Pune,Debit Card,COMPLETED
101024,C1846,Office Chair,Furniture,5,12397.44,0,2026-07-26,Jaipur,Credit Card,PENDING
101025,C1639,Desk Lamp,Furniture,6,1572.23,0,2026-07-27,Delhi,Debit Card,COMPLETED
101026,C1037,Mechanical Keyboard,Electronics,3,6285.49,15,2026-03-06,Ahmedabad,COD,COMPLETED
101027,C1218,Keyboard,Electronics,5,2538.84,10,2026-06-24,Mumbai,UPI,COMPLETED
101028,C1911,Mechanical Keyboard,Electronics,5,6029.45,20,2026-06-05,Chennai,COD,COMPLETED
100417,C1823,USB Cable,Accessories,1,426.79,20,2026-04-24,Mumbai,Credit Card,SHIPPED
101030,C1963,Monitor,Electronics,4,14090.83,15,2026-01-03,Jaipur,Debit Card,COMPLETED
101031,C1824,Smartwatch,Electronics,5,9579.55,15,2026-10-01,Kochi,Credit Card,COMPLETED
101032,C1306,Desk,Furniture,6,19537.86,15,2026-03-13,Chennai,COD,CANCELLED
101033,C1253,Monitor,Electronics,3,15074.03,0,2026-07-04,Jaipur,UPI,COMPLETED
101034,C1728,Tablet,Electronics,4,24488.36,0,2026-08-06,Mumbai,Net Banking,COMPLETED
101035,C1456,Keyboard,Electronics,3,2632.62,5,2026-09-23,Chennai,Debit Card,PENDING
101036,C1510,Tablet,Electronics,4,29587.75,5,2026-08-02,Mumbai,Credit Card,PENDING
101037,C1130,Printer,Electronics,6,13822.39,15,2026-09-20,Ahmedabad,UPI,CANCELLED
101038,C1217,Backpack,Accessories,4,2149.46,0,2026-07-09,Bengaluru,COD,SHIPPED
100566,C1793,Desk,Furniture,4,18279.03,0,2026-02-11,Hyderabad,Credit Card,PENDING
101040,C1312,SSD 1TB,Electronics,3,6567.36,0,2026-03-15,Mumbai,COD,SHIPPED
101041,C1049,Desk,Furniture,3,16464.14,20,2026-09-08,Kolkata,UPI,PENDING
101042,C1357,Keyboard,Electronics,1,2438.18,10,2026-06-08,Kochi,Net Banking,COMPLETED
101043,C1800,Smartphone,Electronics,4,38511.83,20,2026-03-09,Mumbai,COD,CANCELLED
101044,C1471,Backpack,Accessories,6,2461.81,20,2026-06-16,Bengaluru,COD,CANCELLED
101045,C1638,Tablet,Electronics,4,25755.71,5,2026-06-23,Ahmedabad,UPI,CANCELLED
101046,C1911,Backpack,Accessories,6,2333.03,0,2026-03-26,Kolkata,COD,CANCELLED
101047,C1815,Desk,Furniture,5,18783.86,15,2026-02-13,Delhi,COD,PENDING
101048,C1590,Mouse,Electronics,5,805.22,20,2026-09-01,Ahmedabad,UPI,COMPLETED
101049,C1674,Mechanical Keyboard,Electronics,2,7401.63,0,2026-04-16,Delhi,COD,SHIPPED
101050,C1086,Mechanical Keyboard,Electronics,5,6149.84,10,2026-01-24,Jaipur,UPI,COMPLETED
101051,C1447,Headphones,Electronics,-5,2571.65,10,2026-06-12,Chennai,Debit Card,COMPLETED
101052,C1117,Monitor,Electronics,5,13506.7,-10,2026-04-04,Hyderabad,UPI,COMPLETED
101053,C1314,Tablet,Electronics,6,25221.2,10,2026-06-16,Mumbai,UPI,CANCELLED
101054,C1059,Desk,Furniture,4,15833.22,0,2026-07-31,Pune,Debit Card,SHIPPED
101055,C1964,Monitor,Electronics,1,13661.52,20,2026-05-02,Jaipur,COD,PENDING
101056,C1394,Monitor,Electronics,3,13022.84,5,2026-07-28,Bengaluru,Net Banking,COMPLETED
101057,C1417,Laptop Stand,Accessories,1,1675.35,10,2026-02-21,Delhi,COD,CANCELLED
101058,C1804,USB Cable,Accessories,3,510.24,5,2026-02-12,Ahmedabad,Credit Card,COMPLETED
101059,C1382,Mechanical Keyboard,Electronics,2,7049.95,10,2026-08-05,Ahmedabad,Net Banking,COMPLETED
101060,C1001,Backpack,Accessories,5,2341.94,0,2026-01-01,Kolkata,Net Banking,COMPLETED
101061,C1612,Office Chair,Furniture,6,11568.55,0,2026-04-19,Kochi,COD,COMPLETED
101062,C1046,Headphones,Electronics,6,3030.68,0,2026-06-03,Bengaluru,Net Banking,CANCELLED
101063,C1125,USB Cable,Accessories,6,508.47,0,2026-08-10,Delhi,COD,PENDING
101064,C1980,Power Bank,Electronics,6,2493.97,15,2026-05-14,Jaipur,Debit Card,COMPLETED
101065,C1678,Power Bank,Electronics,3,2009.01,10,2026-06-18,Kolkata,Credit Card,CANCELLED
101066,C1944,Laptop,Electronics,5,59577.52,0,2026-03-30,Chennai,COD,CANCELLED
101067,C1720,Printer,Electronics,4,14160.15,20,2026-02-09,Ahmedabad,UPI,CANCELLED
101068,C1455,Monitor,Electronics,3,17124.18,5,2026-07-03,Chennai,Credit Card,CANCELLED
101069,C1008,Monitor,Electronics,4,14417.16,0,2026-08-16,Kolkata,Credit Card,CANCELLED
101070,C1020,Office Chair,Furniture,-1,13517.04,0,2026-04-09,Bengaluru,COD,CANCELLED
101071,C1310,Laptop Stand,Accessories,2,2059.26,0,2026-01-19,Hyderabad,Net Banking,CANCELLED
101072,C1723,Desk Lamp,Furniture,2,1363.42,20,2026-07-22,Bengaluru,Debit Card,PENDING
101073,C1512,Printer,Electronics,2,14217.5,15,2026-03-31,Bengaluru,COD,COMPLETED
101074,,Keyboard,Electronics,2,2319.72,10,2026-04-27,Ahmedabad,Debit Card,COMPLETED
101075,C1868,Laptop,Electronics,-5,63199.22,10,2026-05-10,Ahmedabad,Net Banking,COMPLETED
101076,C1960,Tablet,Electronics,6,29454.04,15,2026-01-27,Pune,Net Banking,SHIPPED
101077,C1280,Monitor,Electronics,6,15082.33,5,2026-07-05,Ahmedabad,UPI,CANCELLED
101078,C1229,Mouse,Electronics,3,900.41,10,2026-08-18,Pune,UPI,SHIPPED
101079,C1199,Power Bank,Electronics,1,2450.86,20,2026-01-13,Delhi,Net Banking,COMPLETED
101080,C1939,Laptop Stand,Accessories,2,1618.82,0,2026-02-02,Bengaluru,UPI,SHIPPED
101081,C1442,Laptop,Electronics,5,65349.98,0,2026-05-09,Delhi,UPI,SHIPPED
101082,C1244,Power Bank,Electronics,1,2412.28,10,2026-05-02,Bengaluru,COD,PENDING
101083,C1449,Monitor,Electronics,6,14759.05,0,2026-02-13,Kolkata,UPI,SHIPPED
101430,C1932,SSD 1TB,Electronics,3,6771.16,5,2026-05-22,Hyderabad,Credit Card,COMPLETED
101085,C1641,Tablet,Electronics,1,24655.35,0,2026-01-27,Hyderabad,Net Banking,SHIPPED
101086,C1098,Desk Lamp,Furniture,4,1471.89,10,2026-01-06,Jaipur,Net Banking,SHIPPED
101087,C1814,Tablet,Electronics,5,29001.54,0,2026-01-14,Jaipur,COD,COMPLETED
101088,C1601,Webcam,Electronics,1,3963.63,10,2026-02-04,Kochi,Credit Card,PENDING
101089,C1129,Router,Electronics,3,3061.18,5,2026-08-16,Mumbai,Credit Card,COMPLETED
101090,C1816,Mouse,Electronics,1,710.64,10,2026-08-12,Ahmedabad,Debit Card,COMPLETED
101091,C1597,Mechanical Keyboard,Electronics,2,5812.45,0,2026-06-25,Hyderabad,Debit Card,COMPLETED
101092,C1530,Smartwatch,Electronics,6,9481.41,0,2026-05-02,Ahmedabad,COD,COMPLETED
101093,C1432,SSD 1TB,Electronics,2,8000.67,15,2026-04-14,Bengaluru,Debit Card,COMPLETED
101094,C1683,Printer,Electronics,6,14805.73,5,wrong_date,Kochi,COD,COMPLETED
101095,C1630,Desk,Furniture,4,17074.54,0,2026-08-21,Kolkata,Net Banking,COMPLETED
101096,C1942,Laptop,Electronics,6,55014.45,0,2026-08-27,Kochi,Credit Card,COMPLETED
101097,C1492,Power Bank,Electronics,6,2118.1,5,2026-04-05,Kolkata,Debit Card,COMPLETED
101098,C1075,SSD 1TB,Electronics,-1,7114.85,0,2026-05-29,Jaipur,Credit Card,CANCELLED
101099,C1599,SSD 1TB,Electronics,1,7998.15,0,2026-04-12,Hyderabad,Credit Card,COMPLETED
101100,C1906,Office Chair,Furniture,6,10827.42,20,2026-05-06,Mumbai,Credit Card,COMPLETED
101101,C1180,Office Chair,Furniture,1,10275.58,15,2026-03-12,Chennai,UPI,COMPLETED
101102,C1958,Webcam,Electronics,3,4440.87,0,2026-07-10,Mumbai,COD,PENDING
101103,C1902,Tablet,Electronics,6,24349.17,0,wrong_date,Delhi,Credit Card,PENDING
101104,C1387,SSD 1TB,Electronics,3,7209.05,15,2026-05-06,Kolkata,COD,PENDING
101105,C1193,Mechanical Keyboard,Electronics,3,7064.7,0,2026-05-07,Kolkata,Debit Card,COMPLETED
101106,C1871,Router,Electronics,5,3570.4,0,2026-02-11,Jaipur,COD,COMPLETED
101107,C1171,Router,Electronics,4,3441.26,15,2026-09-18,Pune,Net Banking,PENDING
101108,C1475,Headphones,Electronics,0,3191.24,10,2026-09-05,Jaipur,Net Banking,COMPLETED
101109,C1595,Smartphone,Electronics,6,39422.44,10,2026-01-19,Delhi,Credit Card,COMPLETED
101110,C1462,Laptop Stand,Accessories,4,1648.04,5,2026-07-13,Kochi,Credit Card,COMPLETED
101111,C1260,Mechanical Keyboard,Electronics,1,5786.94,0,2026-06-01,Jaipur,COD,COMPLETED
101112,C1235,Smartwatch,Electronics,1,8906.18,10,2026-06-22,Chennai,Net Banking,SHIPPED
101113,C1442,Tablet,Electronics,3,30557.84,0,2026-05-20,Chennai,UPI,COMPLETED
101114,C1452,Laptop Stand,Accessories,3,1878.49,0,2026-02-12,Hyderabad,COD,PENDING
101115,C1559,Keyboard,Electronics,3,2819.95,0,2026-03-02,Bengaluru,Debit Card,COMPLETED
101116,C1559,Webcam,Electronics,3,4090.47,0,2026-05-09,Hyderabad,Debit Card,COMPLETED
101117,C1722,Desk Lamp,Furniture,-1,1839.23,20,2026-05-14,Kolkata,Debit Card,COMPLETED
101118,C1842,SSD 1TB,Electronics,4,7936.21,20,2026-01-07,Jaipur,COD,COMPLETED
101119,C1886,Smartphone,Electronics,2,32132.73,15,2026-04-18,Jaipur,Credit Card,PENDING
101120,C1601,Mechanical Keyboard,Electronics,4,6933.9,5,2026-06-24,Bengaluru,Debit Card,COMPLETED
101121,C1439,Tablet,Electronics,2,27484.92,20,2026-01-16,Pune,Credit Card,PENDING
101122,C1894,USB Cable,Accessories,3,566.5,0,2026-09-13,Pune,Debit Card,COMPLETED
101123,C1429,Tablet,Electronics,6,30122.06,20,2026-10-03,Hyderabad,Debit Card,PENDING
100583,C1992,Smartwatch,Electronics,6,7700.27,15,2026-05-26,Bengaluru,Credit Card,SHIPPED
101125,C1587,Smartphone,Electronics,4,31894.15,5,2026-02-02,Ahmedabad,Net Banking,COMPLETED
103325,C1414,Smartwatch,Electronics,6,8651.35,0,2026-08-15,Hyderabad,Net Banking,SHIPPED
101127,C1691,Mechanical Keyboard,Electronics,2,5587.52,15,2026-09-08,Kolkata,Credit Card,COMPLETED
101128,C1071,Smartphone,Electronics,3,31911.87,0,2026-09-26,Bengaluru,Net Banking,COMPLETED
101129,C1377,Router,Electronics,1,2884.95,20,2026-07-30,Chennai,Credit Card,COMPLETED
101130,C1132,Mechanical Keyboard,Electronics,4,6457.59,0,2026-07-19,Delhi,Credit Card,COMPLETED
101131,C1317,Tablet,Electronics,-1,29384.26,0,2026-06-08,Kochi,Credit Card,PENDING
101132,C1733,Backpack,Accessories,3,2276.28,0,2026-08-17,Bengaluru,Net Banking,PENDING
101133,C1826,Laptop Stand,Accessories,5,1707.6,10,2026-09-09,Jaipur,Net Banking,PENDING
100876,C1456,Mechanical Keyboard,Electronics,1,5945.61,5,2026-08-01,Jaipur,Debit Card,COMPLETED
101135,C1843,Headphones,Electronics,4,2774.22,10,2026-08-10,Jaipur,Net Banking,CANCELLED
101136,C1187,Smartwatch,Electronics,1,8712.59,0,2026-05-03,Mumbai,Debit Card,CANCELLED
101137,C1550,Desk,Furniture,6,20248.0,15,2026-04-22,Jaipur,Net Banking,PENDING
101138,C1124,SSD 1TB,Electronics,1,7536.33,10,2026-06-16,Chennai,Net Banking,COMPLETED
101139,C1258,Webcam,Electronics,5,3885.26,0,2026-02-07,Jaipur,Net Banking,COMPLETED
101140,C1763,Smartphone,Electronics,2,33915.08,0,2026-05-09,Bengaluru,Credit Card,COMPLETED
101141,C1686,Backpack,Accessories,4,2471.02,0,2026-05-05,Jaipur,Credit Card,SHIPPED
101142,C1840,Office Chair,Furniture,2,10814.12,0,2026-15-45,Mumbai,Debit Card,COMPLETED
101143,C1547,Smartphone,Electronics,2,30564.65,20,2026-01-06,Hyderabad,Credit Card,SHIPPED
101144,C1366,Headphones,Electronics,2,3192.97,15,2026-09-30,Delhi,Net Banking,CANCELLED
101145,C1048,Router,Electronics,6,3356.04,15,2026-02-22,Chennai,Debit Card,SHIPPED
101146,C1053,Desk Lamp,Furniture,1,1383.36,5,2026-04-14,Delhi,Debit Card,COMPLETED
101147,C1204,Keyboard,Electronics,1,2441.26,0,2026-06-22,Delhi,UPI,COMPLETED
101148,C1981,Monitor,Electronics,6,13505.47,0,2026-01-23,Chennai,COD,COMPLETED
101149,C1835,Power Bank,Electronics,3,2240.96,0,2026-04-17,Ahmedabad,Net Banking,SHIPPED
101150,C1123,Laptop Stand,Accessories,2,1587.18,0,2026-03-30,Kolkata,Net Banking,CANCELLED
101151,C1323,Laptop,Electronics,4,54829.82,0,2026-02-03,Hyderabad,COD,COMPLETED
101152,C1044,Keyboard,Electronics,2,2433.32,20,2026-09-13,Bengaluru,COD,PENDING
101153,C1175,Office Chair,Furniture,1,12359.52,15,2026-07-18,Mumbai,Debit Card,COMPLETED
101154,C1650,Power Bank,Electronics,6,2188.21,0,2026-01-10,Kochi,COD,SHIPPED
101155,C1391,Router,Electronics,6,3432.14,10,2026-01-07,Delhi,UPI,PENDING
101156,C1777,Monitor,Electronics,3,13813.78,5,2026-05-05,Kochi,UPI,COMPLETED
101157,C1140,SSD 1TB,Electronics,4,6572.89,0,2026-07-12,Delhi,UPI,COMPLETED
101158,C1945,Desk Lamp,Furniture,4,1714.84,0,2026-03-10,Hyderabad,Debit Card,CANCELLED
101159,C1805,Mouse,Electronics,5,870.03,5,2026-05-28,Kolkata,Credit Card,CANCELLED
101160,C1339,Power Bank,Electronics,2,2005.84,0,2026-05-08,Delhi,COD,SHIPPED
101161,C1533,Power Bank,Electronics,2,2161.96,0,2026-02-03,Jaipur,UPI,COMPLETED
101162,C1053,USB Cable,Accessories,2,443.83,0,2026-04-15,Delhi,COD,COMPLETED
101163,,Backpack,Accessories,3,2248.12,0,2026-05-06,Chennai,Credit Card,PENDING
101164,C1254,Desk,Furniture,3,18412.68,15,2026-04-14,Hyderabad,Net Banking,COMPLETED
101165,C1973,SSD 1TB,Electronics,4,6743.21,5,2026-08-14,Chennai,COD,PENDING
101166,C1752,Tablet,Electronics,2,30684.67,20,2026-09-04,Kolkata,Net Banking,SHIPPED
101167,C1874,Keyboard,Electronics,3,2571.39,0,2026-03-31,Hyderabad,Net Banking,SHIPPED
101168,C1313,Backpack,Accessories,3,2406.36,10,2026-09-04,Bengaluru,Debit Card,COMPLETED
101169,C1732,Printer,Electronics,2,12549.84,0,2026-01-03,Kolkata,COD,CANCELLED
101170,C1742,SSD 1TB,Electronics,4,6799.57,5,2026-07-22,Pune,Net Banking,SHIPPED
101171,C1315,Smartwatch,Electronics,1,8753.73,0,2026-03-05,Chennai,COD,COMPLETED
101172,C1198,Tablet,Electronics,3,-1200,20,2026-06-28,Ahmedabad,Net Banking,CANCELLED
101173,C1705,SSD 1TB,Electronics,6,,5,2026-08-06,Delhi,Credit Card,SHIPPED
101174,C1035,SSD 1TB,Electronics,6,7433.77,0,2026-03-17,Hyderabad,COD,SHIPPED
101175,C1966,USB Cable,Accessories,3,462.11,10,2026-03-24,Kolkata,UPI,COMPLETED
101176,C1659,Smartphone,Electronics,4,37163.73,0,2026-09-23,Delhi,Net Banking,COMPLETED
101177,C1849,Tablet,Electronics,3,29611.43,10,2026-09-30,Chennai,COD,COMPLETED
101178,C1751,Tablet,Electronics,6,31103.11,0,2026-06-26,Mumbai,Debit Card,CANCELLED
101179,C1214,Smartphone,Electronics,6,-1200,0,2026-09-09,Kolkata,UPI,COMPLETED
101180,C1792,Tablet,Electronics,5,27301.48,0,2026-08-09,Mumbai,Credit Card,COMPLETED
101181,C1190,USB Cable,Accessories,2,497.97,10,2026-02-26,Jaipur,COD,COMPLETED
101182,C1190,Webcam,Electronics,-1,4837.39,20,2026-04-09,Hyderabad,Net Banking,SHIPPED
101183,C1641,Desk Lamp,Furniture,1,1776.81,0,2026-02-10,Hyderabad,UPI,SHIPPED
101184,C1127,Office Chair,Furniture,1,11431.75,10,2026-05-01,Jaipur,Net Banking,CANCELLED
101185,C1778,Monitor,Electronics,1,13024.75,20,2026-01-04,Kochi,UPI,COMPLETED
101186,C1216,Router,Electronics,1,3080.64,10,2026-05-17,Jaipur,Net Banking,COMPLETED
101187,C1618,Tablet,Electronics,3,26914.6,0,2026-06-11,Delhi,Debit Card,CANCELLED
101188,C1408,Smartphone,Electronics,5,30351.04,0,2026-06-19,Bengaluru,UPI,SHIPPED
101189,C1891,Smartphone,Electronics,6,38521.92,0,2026-01-14,Kochi,UPI,PENDING
101190,C1286,,Accessories,3,1774.04,15,2026-09-01,Ahmedabad,Net Banking,CANCELLED
101191,C1192,Laptop,Electronics,6,68235.85,20,31/31/2026,Kolkata,Debit Card,COMPLETED
104186,C1681,Desk,Furniture,5,17857.2,15,2026-04-28,Kochi,Credit Card,COMPLETED
101193,C1356,Tablet,Electronics,4,32089.72,20,2026-02-21,Chennai,Debit Card,PENDING
101194,C1199,USB Cable,Accessories,5,556.44,20,2026-09-16,Kolkata,Credit Card,SHIPPED
101195,C1815,Keyboard,Electronics,3,2749.27,10,2026-08-28,Mumbai,Net Banking,COMPLETED
101196,C1493,Mechanical Keyboard,Electronics,2,5999.54,0,2026-02-15,Bengaluru,Net Banking,CANCELLED
101197,C1029,Headphones,Electronics,3,3362.38,20,2026-05-24,Delhi,Debit Card,CANCELLED
101198,C1487,Monitor,Electronics,6,13360.9,10,2026-09-09,Bengaluru,Debit Card,COMPLETED
101199,C1954,Smartwatch,Electronics,5,7824.6,0,2026-07-13,Chennai,COD,SHIPPED
101200,C1827,Laptop Stand,Accessories,2,1669.91,0,2026-02-14,Bengaluru,UPI,COMPLETED
101201,C1758,Smartwatch,Electronics,2,9660.47,0,2026-07-08,Mumbai,Debit Card,SHIPPED
101202,C1590,Laptop,Electronics,3,52113.93,10,2026-04-08,Chennai,Net Banking,COMPLETED
101203,C1789,SSD 1TB,Electronics,6,7911.24,0,2026-09-24,Kochi,COD,COMPLETED
101204,C1109,Smartphone,Electronics,1,35402.08,5,2026-06-11,Mumbai,Debit Card,COMPLETED
101205,C1511,Backpack,Accessories,2,2576.1,0,2026-01-18,Kochi,Debit Card,COMPLETED
101206,C1514,Monitor,Electronics,-2,17235.82,15,2026-09-02,Delhi,Net Banking,COMPLETED
101207,C1721,Smartphone,Electronics,1,40052.0,0,2026-03-20,Delhi,Credit Card,CANCELLED
101208,C1753,Mouse,Electronics,2,885.63,15,2026-07-20,Hyderabad,Credit Card,COMPLETED
101209,C1561,Smartphone,Electronics,3,34185.59,5,2026-06-28,Chennai,Net Banking,COMPLETED
101210,C1540,Desk,Furniture,3,19060.43,0,2026-07-21,Bengaluru,Credit Card,COMPLETED
101211,C1770,Smartwatch,Electronics,1,9944.49,15,2026-06-05,Jaipur,Credit Card,PENDING
101212,C1140,Backpack,Accessories,6,2486.83,0,2026-04-18,Delhi,Credit Card,CANCELLED
101213,C1666,Laptop,Electronics,3,64067.24,10,2026-02-22,Mumbai,Net Banking,SHIPPED
101214,C1695,Headphones,Electronics,1,2636.44,5,2026-04-02,Kolkata,UPI,PENDING
101215,C1665,Power Bank,Electronics,5,2156.32,0,2026-07-26,Delhi,UPI,COMPLETED
101216,C1246,Smartphone,Electronics,4,32928.24,10,2026-03-30,Chennai,UPI,SHIPPED
101217,C1885,Smartphone,Electronics,3,36389.5,5,2026-07-08,Kolkata,UPI,COMPLETED
101218,C1084,Monitor,Electronics,4,15636.34,10,2026-04-26,Kolkata,COD,PENDING
101219,C1586,Printer,Electronics,3,14813.65,0,2026-04-03,Chennai,Net Banking,CANCELLED
101220,C1719,Tablet,Electronics,-5,28599.95,0,2026-06-16,Bengaluru,COD,COMPLETED
101221,C1415,Laptop,Electronics,4,61009.08,10,2026-09-29,Jaipur,UPI,PENDING
101222,,Smartwatch,Electronics,5,9577.12,20,2026-03-05,Delhi,UPI,COMPLETED
101223,C1882,Desk Lamp,Furniture,6,1446.37,10,2026-08-17,Pune,UPI,COMPLETED
101224,C1131,Smartwatch,Electronics,2,9412.13,0,2026-05-12,Kolkata,UPI,COMPLETED
101225,C1518,Desk,Furniture,3,20517.89,0,2026-08-05,Kolkata,Credit Card,COMPLETED
101226,C1047,Router,Electronics,3,3352.79,5,2026-03-13,Kochi,Net Banking,CANCELLED
101227,C1320,Router,Electronics,3,3301.93,10,2026-04-18,Bengaluru,UPI,COMPLETED
101228,C1037,Webcam,Electronics,2,4229.61,20,2026-04-21,Mumbai,COD,PENDING
101229,C1221,Smartwatch,Electronics,3,8398.97,15,2026-08-05,Bengaluru,COD,COMPLETED
101230,C1266,Smartphone,Electronics,6,39238.43,5,2026-08-22,Bengaluru,Debit Card,CANCELLED
101231,C1435,USB Cable,Accessories,5,455.56,15,2026-05-18,Delhi,Debit Card,PENDING
101232,C1673,Router,Electronics,5,2877.48,20,2026-03-20,Pune,Net Banking,SHIPPED
101233,C1026,Desk Lamp,Furniture,2,1397.21,0,2026-09-30,Bengaluru,COD,SHIPPED
101234,C1067,Power Bank,Electronics,6,1928.72,0,2026-05-20,Mumbai,Credit Card,COMPLETED
101235,C1010,Monitor,Electronics,4,17157.68,0,wrong_date,Bengaluru,UPI,COMPLETED
101236,C1539,Desk,Furniture,5,19735.25,5,2026-02-18,Ahmedabad,Debit Card,CANCELLED
101237,C1585,Desk,Furniture,5,16763.69,0,2026-01-25,Mumbai,Debit Card,SHIPPED
101238,C1185,SSD 1TB,Electronics,6,7373.4,-10,2026-09-30,Ahmedabad,COD,SHIPPED
101239,C1488,Smartwatch,Electronics,2,8349.46,15,2026-09-20,Mumbai,Credit Card,COMPLETED
101240,C1387,Smartwatch,Electronics,6,8371.9,15,2026-07-09,Delhi,COD,SHIPPED
101241,C1723,Backpack,Accessories,2,2454.22,0,2026-08-28,Ahmedabad,Debit Card,COMPLETED
101242,C1975,Tablet,Electronics,5,31710.09,20,2026-04-28,Hyderabad,UPI,COMPLETED
101243,C1416,Power Bank,Electronics,1,2288.89,0,2026-05-03,Bengaluru,Credit Card,PENDING
101244,C1058,Keyboard,Electronics,6,2339.39,5,2026-01-06,Chennai,COD,CANCELLED
101245,C1139,Printer,Electronics,4,14063.05,15,2026-09-30,Bengaluru,Net Banking,COMPLETED
101246,C1631,Webcam,Electronics,6,3834.84,5,2026-10-01,Pune,Credit Card,CANCELLED
101247,C1677,Router,Electronics,6,3304.83,110,2026-08-18,Mumbai,COD,COMPLETED
101248,C1179,Keyboard,Electronics,3,2754.56,10,2026-06-30,Kolkata,Net Banking,SHIPPED
101249,C1388,Headphones,Electronics,3,3422.76,0,2026-05-08,Ahmedabad,UPI,COMPLETED
101250,C1306,Printer,Electronics,3,13011.95,0,2026-07-21,Delhi,Debit Card,CANCELLED
101251,C1527,Mouse,Electronics,4,894.2,20,not_available,Kolkata,Debit Card,COMPLETED
101252,C1630,Backpack,Accessories,3,2348.76,0,2026-01-03,Pune,Credit Card,SHIPPED
101253,C1363,Laptop,Electronics,1,58754.47,0,2026-02-13,Ahmedabad,COD,COMPLETED
101254,C1420,Monitor,Electronics,4,12781.1,20,2026-05-09,Delhi,Net Banking,SHIPPED
104576,C1567,Desk,Furniture,5,19293.04,15,2026-06-16,Kolkata,COD,PENDING
101256,C1672,Backpack,Accessories,2,2229.91,15,2026-08-11,Kolkata,Debit Card,CANCELLED
101257,C1203,Monitor,Electronics,2,14032.05,0,2026-07-22,Chennai,Debit Card,COMPLETED
101258,C1164,Webcam,Electronics,4,5120.59,0,2026-03-02,Chennai,Net Banking,PENDING
101259,C1507,USB Cable,Accessories,3,-500,20,2026-07-24,Ahmedabad,Net Banking,COMPLETED
101260,C1112,Monitor,Electronics,1,13317.56,0,2026-09-14,Kolkata,Credit Card,COMPLETED
101261,C1694,Power Bank,Electronics,4,2514.45,15,2026-01-05,Chennai,Net Banking,COMPLETED
101262,C1288,Printer,Electronics,1,15095.78,0,2026-03-20,Ahmedabad,Credit Card,COMPLETED
101263,C1287,Monitor,Electronics,3,17224.16,0,2026-08-08,Delhi,Net Banking,CANCELLED
101264,C1801,Monitor,Electronics,6,16037.06,10,2026-04-03,Delhi,COD,CANCELLED
101265,C1649,USB Cable,Accessories,2,443.07,5,2026-01-20,Hyderabad,Credit Card,COMPLETED
101266,C1436,Laptop,Electronics,5,54593.58,20,2026-01-27,Chennai,Net Banking,PENDING
101267,C1313,Laptop Stand,Accessories,2,1711.54,5,2026-02-01,Ahmedabad,Net Banking,CANCELLED
101268,C1052,Desk,Furniture,1,16753.93,0,2026-06-29,Chennai,Credit Card,COMPLETED
101269,C1916,Mouse,Electronics,2,689.81,0,2026-06-14,Delhi,Debit Card,SHIPPED
101270,C1286,Desk Lamp,Furniture,1,1566.84,0,2026-09-09,Pune,Debit Card,COMPLETED
101271,C1114,Monitor,Electronics,6,12811.48,10,2026-03-08,Pune,Debit Card,CANCELLED
101272,C1829,SSD 1TB,Electronics,6,7585.5,10,2026-07-10,Delhi,Debit Card,COMPLETED
101273,C1598,Smartphone,Electronics,1,39065.53,0,2026-03-03,Kolkata,COD,CANCELLED
101274,C1837,Webcam,Electronics,2,4776.29,0,2026-02-08,Ahmedabad,COD,COMPLETED
101275,C1308,Printer,Electronics,2,14140.94,0,2026-01-23,Mumbai,Credit Card,SHIPPED
101276,C1563,Office Chair,Furniture,5,13710.45,0,2026-08-18,Bengaluru,Net Banking,COMPLETED
101277,C1494,Tablet,Electronics,5,31623.19,10,2026-01-12,Mumbai,COD,COMPLETED
101278,C1713,USB Cable,Accessories,3,431.82,10,2026-02-01,Delhi,Net Banking,SHIPPED
101279,C1701,Mechanical Keyboard,Electronics,5,7419.5,0,2026-08-13,Ahmedabad,Net Banking,PENDING
101280,C1798,Smartphone,Electronics,4,36125.79,0,2026-04-05,Kolkata,Credit Card,PENDING
101281,,Smartwatch,Electronics,6,7673.93,20,2026-09-20,Jaipur,COD,CANCELLED
101282,C1737,Router,Electronics,3,3011.27,0,2026-06-01,Hyderabad,COD,COMPLETED
101283,C1175,Laptop Stand,Accessories,1,1818.13,0,2026-01-21,Mumbai,Debit Card,COMPLETED
101284,C1276,Mouse,Electronics,6,915.21,20,2026-04-18,Ahmedabad,UPI,COMPLETED
101285,C1664,SSD 1TB,Electronics,6,7220.84,0,2026-06-16,Bengaluru,COD,COMPLETED
101286,C1739,USB Cable,Accessories,4,559.75,0,2026-06-16,Kolkata,UPI,COMPLETED
101287,C1224,Office Chair,Furniture,2,11121.55,0,2026-10-03,Kochi,UPI,CANCELLED
101288,C1763,Smartphone,Electronics,6,32452.12,15,2026-04-16,Jaipur,Credit Card,COMPLETED
101289,C1275,Webcam,Electronics,5,4675.23,20,2026-07-22,Mumbai,Net Banking,COMPLETED
100648,C1190,Monitor,Electronics,3,13961.38,15,2026-08-13,Kolkata,Credit Card,COMPLETED
101291,C1189,Headphones,Electronics,2,3062.69,15,2026-04-03,Hyderabad,UPI,COMPLETED
101292,C1166,Headphones,Electronics,4,3168.63,0,2026-02-05,Mumbai,UPI,SHIPPED
101293,C1251,Backpack,Accessories,6,2852.79,0,2026-09-27,Mumbai,UPI,PENDING
101294,C1102,Smartphone,Electronics,4,29967.52,20,2026-01-07,Kolkata,Credit Card,COMPLETED
101295,C1788,Keyboard,Electronics,3,2231.98,15,2026-01-07,Kolkata,UPI,PENDING
101296,C1753,Power Bank,Electronics,6,1926.08,0,2026-09-03,Kochi,Net Banking,COMPLETED
101621,C1110,Tablet,Electronics,4,30302.21,10,2026-07-25,Kochi,UPI,COMPLETED
101298,C1844,Mouse,Electronics,1,810.71,0,2026-09-19,Chennai,Credit Card,COMPLETED
101299,C1934,Laptop Stand,Accessories,1,1652.4,5,2026-03-17,Pune,Debit Card,COMPLETED
101300,C1943,Smartphone,Electronics,6,39034.35,20,2026-02-27,Jaipur,Credit Card,COMPLETED
101301,C1229,Monitor,Electronics,3,14357.89,10,2026-06-20,Bengaluru,Debit Card,COMPLETED
101302,C1917,Mouse,Electronics,5,716.26,5,2026-09-29,Pune,COD,COMPLETED
101303,C1695,Tablet,Electronics,2,31302.19,15,2026-06-04,Kochi,Debit Card,COMPLETED
101304,C1896,Monitor,Electronics,3,16873.05,15,2026-07-08,Hyderabad,UPI,COMPLETED
101305,C1882,USB Cable,Accessories,6,446.99,0,2026-07-19,Jaipur,Net Banking,COMPLETED
101306,C1115,Smartwatch,Electronics,4,10240.88,0,2026-03-16,Bengaluru,Debit Card,COMPLETED
101307,C1186,Smartphone,Electronics,3,33102.82,5,2026-09-04,Chennai,COD,CANCELLED
101308,C1341,USB Cable,Accessories,6,563.24,5,2026-08-03,Ahmedabad,Net Banking,PENDING
101309,C1546,Printer,Electronics,5,14152.09,0,2026-07-16,Bengaluru,COD,CANCELLED
101310,C1431,Router,Electronics,5,3465.53,20,2026-04-23,Bengaluru,Credit Card,COMPLETED
101311,C1002,Webcam,Electronics,1,4314.24,5,2026-03-10,Bengaluru,UPI,COMPLETED
101312,C1369,USB Cable,Accessories,3,494.06,20,2026-08-04,Delhi,Credit Card,COMPLETED
101313,C1057,USB Cable,Accessories,1,569.31,15,2026-03-15,Chennai,UPI,CANCELLED
101314,C1988,Tablet,Electronics,3,24254.3,0,2026-02-07,Jaipur,COD,COMPLETED
101315,C1030,USB Cable,Accessories,3,446.19,0,2026-02-09,Kolkata,COD,SHIPPED
101316,C1153,Headphones,Electronics,4,3219.2,15,2026-09-28,Hyderabad,Net Banking,SHIPPED
101317,C1739,Power Bank,Electronics,4,2385.72,15,2026-01-07,Hyderabad,UPI,COMPLETED
101318,C1061,Mouse,Electronics,5,860.27,10,2026-03-24,Kolkata,Net Banking,SHIPPED
101319,C1696,Backpack,Accessories,5,2658.56,0,2026-09-14,Hyderabad,Credit Card,SHIPPED
101320,C1953,Headphones,Electronics,3,3425.81,10,2026-07-13,Mumbai,Credit Card,SHIPPED
101321,C1633,Mouse,Electronics,2,774.15,20,2026-02-09,Jaipur,Net Banking,COMPLETED
101322,C1668,Smartphone,Electronics,4,31480.66,20,2026-07-10,Chennai,Credit Card,COMPLETED
101323,C1111,Monitor,Electronics,1,14382.16,20,2026-06-21,Kolkata,Credit Card,COMPLETED
101324,C1166,Mechanical Keyboard,Electronics,1,5652.37,10,2026-01-06,Hyderabad,Credit Card,PENDING
101325,C1206,Mouse,Electronics,0,744.6,10,2026-01-23,Kochi,Net Banking,COMPLETED
101326,C1049,Power Bank,Electronics,1,2492.72,0,2026-07-02,Hyderabad,Net Banking,PENDING
101327,C1199,Power Bank,Electronics,4,2348.95,0,2026-02-19,Pune,Net Banking,CANCELLED
101328,C1515,Monitor,Electronics,5,16383.72,0,2026-01-13,Kochi,Net Banking,SHIPPED
101329,C1600,Mouse,Electronics,3,718.69,15,2026-08-26,Bengaluru,UPI,CANCELLED
101330,C1237,Webcam,Electronics,6,4708.2,20,2026-03-24,Ahmedabad,COD,CANCELLED
101331,C1623,Router,Electronics,3,3149.58,0,2026-06-23,Hyderabad,Debit Card,PENDING
101332,C1876,Tablet,Electronics,1,31281.71,20,2026-07-18,Delhi,Credit Card,PENDING
101333,C1621,Keyboard,Electronics,2,2550.18,5,2026-02-19,Kolkata,Credit Card,COMPLETED
101334,C1560,Keyboard,Electronics,4,2195.59,0,2026-03-28,Hyderabad,Credit Card,COMPLETED
101335,C1286,Smartwatch,Electronics,3,8604.09,0,2026-04-02,Jaipur,Debit Card,SHIPPED
101336,C1262,Backpack,Accessories,6,2818.12,0,2026-09-07,Kolkata,Debit Card,COMPLETED
101337,C1410,Tablet,Electronics,5,31503.98,0,2026-08-14,Pune,COD,PENDING
101338,C1974,Power Bank,Electronics,3,1925.1,5,2026-09-17,Jaipur,Debit Card,CANCELLED
101339,C1043,Desk Lamp,Furniture,6,1387.39,20,2026-05-06,Ahmedabad,UPI,COMPLETED
101340,C1873,Monitor,Electronics,3,14441.2,10,2026-07-24,Bengaluru,Credit Card,SHIPPED
101341,C1895,Backpack,Accessories,6,2195.13,5,2026-08-28,Ahmedabad,Net Banking,COMPLETED
101342,C1087,Headphones,Electronics,6,2647.51,5,2026-08-10,Delhi,Net Banking,COMPLETED
101343,C1066,Power Bank,Electronics,3,2527.65,5,2026-04-19,Jaipur,UPI,COMPLETED
101344,C1465,Mouse,Electronics,5,717.38,5,2026-03-16,Delhi,Debit Card,PENDING
101345,C1032,Desk Lamp,Furniture,4,1389.95,20,2026-07-05,Chennai,Net Banking,COMPLETED
101346,C1055,Webcam,Electronics,1,5111.07,15,2026-08-05,Hyderabad,Debit Card,CANCELLED
101347,C1180,Keyboard,Electronics,2,2176.94,5,2026-02-11,Hyderabad,Net Banking,SHIPPED
101348,C1537,Webcam,Electronics,6,5030.65,0,2026-01-28,Bengaluru,Net Banking,COMPLETED
101349,C1986,Desk,Furniture,2,16372.47,5,2026-09-04,Jaipur,COD,CANCELLED
101350,C1802,Headphones,Electronics,6,2943.11,15,2026-07-19,Kolkata,COD,PENDING
101351,C1203,Keyboard,Electronics,6,2625.97,10,2026-03-16,Pune,Debit Card,COMPLETED
101352,C1154,Backpack,Accessories,2,2499.58,0,2026-02-28,Chennai,Debit Card,PENDING
101353,C1739,Laptop,Electronics,4,67979.83,20,2026-03-06,Jaipur,COD,COMPLETED
101354,C1037,Webcam,Electronics,6,5146.69,5,2026-03-27,Kochi,Net Banking,COMPLETED
101355,C1356,Webcam,Electronics,2,5136.86,10,2026-01-08,Pune,Debit Card,COMPLETED
101356,C1309,Desk,Furniture,5,19722.88,0,2026-09-13,Jaipur,Net Banking,SHIPPED
101357,C1360,SSD 1TB,Electronics,5,6844.28,20,2026-06-21,Bengaluru,Credit Card,SHIPPED
101358,C1438,SSD 1TB,Electronics,2,7110.78,0,2026-08-12,Chennai,Debit Card,CANCELLED
101359,C1705,Tablet,Electronics,6,26179.29,10,2026-02-20,Bengaluru,UPI,COMPLETED
101360,C1665,Laptop,Electronics,5,67784.94,0,2026-09-12,Kochi,COD,COMPLETED
101361,C1648,Backpack,Accessories,5,2560.93,0,2026-05-29,Chennai,Credit Card,COMPLETED
101362,C1795,Backpack,Accessories,5,2410.81,0,not_available,Bengaluru,Debit Card,SHIPPED
101363,C1422,Smartphone,Electronics,1,39615.98,20,2026-04-25,Ahmedabad,Debit Card,COMPLETED
101364,C1900,Office Chair,Furniture,3,13218.54,20,2026-08-01,Delhi,UPI,SHIPPED
101365,C1033,Laptop,Electronics,1,53760.76,0,2026-09-23,Kochi,Debit Card,COMPLETED
101366,C1174,Smartwatch,Electronics,4,8302.94,5,2026-04-09,Kochi,Net Banking,COMPLETED
101367,C1820,Smartwatch,Electronics,4,7997.95,15,2026-07-19,Mumbai,Net Banking,COMPLETED
101368,C1529,Headphones,Electronics,4,2757.87,15,2026-03-06,Ahmedabad,UPI,CANCELLED
101369,C1590,Smartphone,Electronics,6,39374.99,20,2026-03-23,Pune,Credit Card,COMPLETED
101370,C1095,Laptop,Electronics,4,51207.69,-10,2026-03-20,Kolkata,COD,CANCELLED
101371,C1556,Keyboard,Electronics,5,2411.8,15,2026-03-08,Jaipur,Debit Card,COMPLETED
101372,C1245,Laptop Stand,Accessories,3,1634.67,20,2026-05-06,Chennai,Debit Card,CANCELLED
101373,C1052,Office Chair,Furniture,1,13565.91,15,2026-01-12,Kochi,UPI,COMPLETED
101374,C1470,Desk Lamp,Furniture,1,1411.4,0,2026-05-15,Mumbai,UPI,COMPLETED
101375,C1506,SSD 1TB,Electronics,2,6770.68,5,2026-01-12,Chennai,UPI,SHIPPED
101376,C1982,,Electronics,2,2640.5,5,2026-06-10,Jaipur,Credit Card,COMPLETED
101377,C1305,Laptop,Electronics,2,62874.0,15,2026-01-17,Bengaluru,Debit Card,COMPLETED
101378,C1495,Desk Lamp,Furniture,5,1622.31,0,2026-09-25,Hyderabad,UPI,COMPLETED
101379,C1620,Laptop,Electronics,5,51414.69,10,2026-03-20,Delhi,Debit Card,COMPLETED
101380,C1920,Webcam,Electronics,1,4267.18,0,2026-02-12,Mumbai,Debit Card,COMPLETED
101381,C1493,Webcam,Electronics,1,4295.55,10,2026-05-31,Jaipur,Net Banking,SHIPPED
101382,C1524,Smartphone,Electronics,2,32375.98,0,2026-05-24,Chennai,UPI,PENDING
101383,C1812,Smartwatch,Electronics,3,8097.26,0,2026-09-07,Chennai,Net Banking,SHIPPED
101384,C1610,Office Chair,Furniture,3,12442.48,10,2026-07-16,Chennai,Credit Card,PENDING
101385,C1361,SSD 1TB,Electronics,6,7670.62,5,2026-03-27,Kolkata,COD,COMPLETED
101386,C1600,Tablet,Electronics,3,28872.61,15,2026-09-29,Pune,Net Banking,COMPLETED
101387,C1117,Headphones,Electronics,3,2936.45,0,2026-07-03,Delhi,UPI,COMPLETED
101388,C1672,SSD 1TB,Electronics,3,6254.58,0,not_available,Kolkata,Debit Card,CANCELLED
101389,C1011,Power Bank,Electronics,2,2177.15,20,2026-06-14,Delhi,COD,COMPLETED
101390,C1394,Desk,Furniture,5,16445.75,0,2026-02-22,Ahmedabad,Debit Card,CANCELLED
101391,C1622,Keyboard,Electronics,5,2794.5,5,2026-08-11,Pune,Debit Card,COMPLETED
101392,C1201,Mouse,Electronics,4,799.68,0,2026-08-04,Bengaluru,UPI,SHIPPED
101393,C1175,Desk Lamp,Furniture,3,1643.76,0,2026-01-11,Hyderabad,UPI,CANCELLED
101394,C1802,Smartwatch,Electronics,1,10111.44,0,2026-03-09,Chennai,UPI,PENDING
101395,C1940,Router,Electronics,1,3043.89,0,2026-02-05,Jaipur,UPI,SHIPPED
101396,C1740,Desk,Furniture,3,17012.82,0,2026-07-24,Bengaluru,COD,COMPLETED
101397,C1505,Desk Lamp,Furniture,1,1548.8,15,2026-08-21,Jaipur,UPI,COMPLETED
101398,C1960,Desk Lamp,Furniture,1,1374.06,0,2026-01-06,Mumbai,UPI,COMPLETED
101399,C1882,Tablet,Electronics,2,25229.61,0,2026-07-08,Ahmedabad,UPI,CANCELLED
101400,C1888,Mouse,Electronics,3,892.0,0,2026-02-26,Kolkata,Debit Card,COMPLETED
101401,C1270,Power Bank,Electronics,6,2274.42,20,2026-07-14,Hyderabad,Credit Card,COMPLETED
101402,C1597,Backpack,Accessories,1,2219.72,20,2026-03-17,Kochi,Net Banking,CANCELLED
101403,C1457,Monitor,Electronics,5,15124.15,10,2026-09-02,Jaipur,Debit Card,COMPLETED
101404,C1791,Printer,Electronics,2,12285.56,20,2026-06-01,Bengaluru,Debit Card,PENDING
101405,C1855,Laptop Stand,Accessories,6,1879.45,20,2026-04-16,Bengaluru,UPI,SHIPPED
101406,C1061,Webcam,Electronics,1,4730.17,5,2026-07-17,Delhi,Net Banking,COMPLETED
101407,C1348,Webcam,Electronics,5,4853.16,10,2026-06-10,Hyderabad,Net Banking,CANCELLED
101408,C1157,Router,Electronics,1,3597.56,0,2026-07-06,Chennai,Net Banking,PENDING
101409,C1525,Webcam,Electronics,4,4078.74,0,2026-08-05,Mumbai,Debit Card,PENDING
101410,C1663,Monitor,Electronics,2,14824.29,0,2026-02-26,Delhi,UPI,SHIPPED
101411,C1191,Office Chair,Furniture,1,11914.47,10,2026-08-20,Pune,Debit Card,COMPLETED
101412,C1949,Mechanical Keyboard,Electronics,1,6216.13,0,2026-03-19,Chennai,COD,SHIPPED
101413,C1520,Power Bank,Electronics,-5,2161.28,0,2026-02-20,Kolkata,Net Banking,CANCELLED
101414,C1950,Tablet,Electronics,2,26269.65,5,2026-04-01,Kochi,Debit Card,PENDING
101415,C1622,Printer,Electronics,5,13720.97,15,2026-01-26,Delhi,UPI,COMPLETED
101416,C1117,Mouse,Electronics,1,818.06,0,2026-02-03,Ahmedabad,UPI,COMPLETED
101417,C1231,Desk Lamp,Furniture,6,1703.6,5,2026-07-21,Bengaluru,Credit Card,CANCELLED
101418,C1843,Office Chair,Furniture,4,10940.54,20,2026-04-15,Pune,Debit Card,CANCELLED
101419,C1610,Desk,Furniture,6,15316.78,0,2026-09-15,Kochi,Net Banking,CANCELLED
101420,C1312,Laptop Stand,Accessories,2,1700.16,0,2026-03-27,Mumbai,Debit Card,SHIPPED
101421,C1145,Laptop,Electronics,6,59542.81,0,2026-01-11,Mumbai,Debit Card,COMPLETED
101422,C1174,Laptop,Electronics,5,57338.59,5,2026-01-01,Jaipur,Credit Card,SHIPPED
101423,C1112,Mouse,Electronics,1,816.14,0,2026-04-27,Ahmedabad,COD,COMPLETED
101424,C1773,USB Cable,Accessories,1,440.0,20,2026-06-21,Jaipur,Net Banking,CANCELLED
101425,C1359,Mechanical Keyboard,Electronics,3,6818.65,0,2026-07-06,Jaipur,UPI,COMPLETED
101426,,Power Bank,Electronics,5,2381.19,20,2026-09-05,Bengaluru,Debit Card,CANCELLED
101427,C1531,Laptop,Electronics,2,68615.47,20,2026-04-23,Mumbai,Debit Card,SHIPPED
101428,C1031,Laptop Stand,Accessories,5,1930.15,5,2026-07-04,Delhi,UPI,COMPLETED
100600,C1227,SSD 1TB,Electronics,1,7228.96,15,2026-07-16,Chennai,COD,CANCELLED
101430,C1932,SSD 1TB,Electronics,3,6771.16,5,2026-05-22,Hyderabad,Credit Card,COMPLETED
101431,C1593,Router,Electronics,6,3049.54,10,2026-03-04,Chennai,Net Banking,PENDING
101432,,SSD 1TB,Electronics,3,6181.4,0,2026-09-13,Mumbai,Net Banking,CANCELLED
101433,C1153,Router,Electronics,3,-50,15,2026-03-25,Hyderabad,Net Banking,COMPLETED
101434,C1066,Desk,Furniture,1,17750.83,0,2026-05-25,Kochi,UPI,COMPLETED
101435,C1500,Desk,Furniture,1,17623.74,15,2026-01-01,Kolkata,Debit Card,COMPLETED
101436,,Desk,Furniture,5,18892.76,20,2026-03-21,Bengaluru,Debit Card,COMPLETED
101437,C1750,Webcam,Electronics,4,4615.05,0,2026-05-29,Delhi,UPI,SHIPPED
101438,C1955,SSD 1TB,Electronics,2,7654.59,15,2026-07-17,Chennai,Net Banking,COMPLETED
101439,,Office Chair,Furniture,3,12349.34,0,2026-08-12,Pune,COD,COMPLETED
101440,C1699,Webcam,Electronics,3,4008.18,10,2026-04-13,Hyderabad,Debit Card,COMPLETED
101441,C1304,Smartwatch,Electronics,6,8895.12,0,2026-07-12,Chennai,UPI,COMPLETED
101442,C1539,Backpack,Accessories,6,2359.95,15,2026-07-03,Jaipur,Debit Card,SHIPPED
101443,C1477,Tablet,Electronics,4,27674.79,10,2026-01-14,Chennai,UPI,COMPLETED
101444,C1629,Desk,Furniture,2,18433.74,0,wrong_date,Kochi,COD,PENDING
103988,C1289,Mechanical Keyboard,Electronics,4,6837.93,0,2026-02-22,Mumbai,Debit Card,CANCELLED
101446,C1826,Router,Electronics,4,3525.63,0,2026-01-29,Hyderabad,UPI,COMPLETED
101447,C1608,Monitor,Electronics,3,15294.5,15,2026-06-19,Kolkata,UPI,CANCELLED
101448,C1598,Router,Electronics,6,3408.27,15,2026-04-15,Ahmedabad,Credit Card,PENDING
101449,C1758,Printer,Electronics,2,12838.88,15,wrong_date,Hyderabad,Debit Card,CANCELLED
101450,C1959,Laptop,Electronics,4,62225.95,0,2026-02-28,Bengaluru,UPI,COMPLETED
101451,C1618,Monitor,Electronics,5,13185.89,0,2026-02-23,Jaipur,UPI,PENDING
101452,C1454,Smartphone,Electronics,-2,39473.47,0,2026-07-27,Jaipur,Credit Card,COMPLETED
101453,C1861,Mechanical Keyboard,Electronics,3,7127.29,15,2026-08-13,Kochi,UPI,SHIPPED
101454,C1149,Laptop,Electronics,2,53550.35,15,2026-05-04,Mumbai,COD,CANCELLED
101455,C1716,Mechanical Keyboard,Electronics,2,6453.51,0,2026-05-29,Bengaluru,COD,SHIPPED
101456,C1376,Office Chair,Furniture,4,11588.95,20,2026-02-24,Jaipur,Net Banking,SHIPPED
101457,C1151,Laptop,Electronics,3,59227.48,10,2026-07-19,Kolkata,COD,COMPLETED
101458,C1034,Desk Lamp,Furniture,4,1380.46,0,2026-03-13,Jaipur,Net Banking,COMPLETED
101459,C1009,Headphones,Electronics,3,3000.57,20,2026-09-15,Delhi,Debit Card,CANCELLED
101460,C1537,Smartphone,Electronics,5,30409.04,15,2026-03-19,Pune,COD,COMPLETED
101461,C1470,USB Cable,Accessories,3,542.74,15,2026-06-05,Chennai,UPI,CANCELLED
101462,C1495,Smartphone,Electronics,4,36111.34,0,2026-09-17,Ahmedabad,Debit Card,COMPLETED
101463,C1714,Power Bank,Electronics,5,2500.43,0,2026-07-26,Bengaluru,UPI,COMPLETED
101464,C1872,Headphones,Electronics,2,2636.89,0,2026-09-13,Jaipur,Debit Card,COMPLETED
101465,C1790,Laptop Stand,Accessories,1,2015.89,0,2026-07-16,Chennai,UPI,COMPLETED
101466,C1626,Office Chair,Furniture,1,10334.71,15,2026-02-07,Jaipur,Debit Card,PENDING
103670,C1794,SSD 1TB,Electronics,3,6319.03,0,2026-04-01,Chennai,COD,COMPLETED
101468,,Mechanical Keyboard,Electronics,2,5906.65,5,2026-08-13,Hyderabad,Credit Card,COMPLETED
101469,C1759,Headphones,Electronics,4,3282.45,20,2026-04-09,Bengaluru,COD,COMPLETED
101470,C1644,Monitor,Electronics,2,12899.58,0,2026-01-03,Pune,Net Banking,PENDING
101471,C1559,Keyboard,Electronics,3,2263.98,15,2026-09-28,Jaipur,Credit Card,COMPLETED
101472,C1584,Printer,Electronics,5,13378.85,10,2026-03-12,Bengaluru,Net Banking,SHIPPED
101473,C1640,Smartphone,Electronics,1,35726.1,0,2026-09-22,Hyderabad,UPI,COMPLETED
101474,C1510,Laptop Stand,Accessories,1,1854.8,0,wrong_date,Delhi,Debit Card,COMPLETED
101475,C1399,SSD 1TB,Electronics,1,7782.13,0,2026-05-28,Bengaluru,COD,PENDING
101476,C1247,Router,Electronics,5,3200.05,5,2026-01-30,Ahmedabad,UPI,PENDING
101477,C1482,Office Chair,Furniture,6,10307.92,0,2026-08-04,Hyderabad,Credit Card,COMPLETED
101478,C1909,,Electronics,2,729.02,20,2026-06-18,Kolkata,Credit Card,SHIPPED
101479,C1074,Smartwatch,Electronics,5,9548.35,20,2026-01-19,Pune,UPI,SHIPPED
101480,C1612,Desk Lamp,Furniture,1,1786.01,5,2026-03-08,Hyderabad,UPI,COMPLETED
101481,C1036,Printer,Electronics,5,12846.03,0,2026-08-09,Jaipur,Debit Card,COMPLETED
101482,C1021,Mouse,Electronics,1,865.67,20,2026-04-11,Ahmedabad,COD,SHIPPED
101483,C1698,Laptop,Electronics,5,59679.12,5,2026-07-13,Mumbai,Net Banking,CANCELLED
101484,C1437,Mechanical Keyboard,Electronics,2,5750.39,0,2026-07-08,Pune,Credit Card,COMPLETED
101485,C1447,Mouse,Electronics,2,735.69,10,2026-01-06,Delhi,Net Banking,CANCELLED
101486,C1770,Mechanical Keyboard,Electronics,0,5614.27,20,2026-01-08,Delhi,UPI,COMPLETED
101487,C1058,USB Cable,Accessories,4,452.09,0,2026-06-10,Pune,COD,CANCELLED
101488,C1911,Laptop Stand,Accessories,3,1600.05,5,2026-09-03,Bengaluru,UPI,COMPLETED
101489,C1256,Mechanical Keyboard,Electronics,2,6490.11,15,2026-07-02,Delhi,Net Banking,CANCELLED
101490,C1309,SSD 1TB,Electronics,5,6564.64,15,2026-05-06,Ahmedabad,Debit Card,COMPLETED
101491,C1714,Mechanical Keyboard,Electronics,5,5728.54,0,2026-07-30,Kochi,Net Banking,COMPLETED
101492,C1080,Webcam,Electronics,2,4960.92,10,2026-04-29,Hyderabad,COD,COMPLETED
101493,C1125,SSD 1TB,Electronics,6,-500,0,2026-01-19,Delhi,Net Banking,CANCELLED
101494,C1782,Backpack,Accessories,1,2140.97,20,2026-01-18,Hyderabad,Debit Card,PENDING
101495,C1393,Desk,Furniture,1,15622.49,20,2026-07-16,Jaipur,UPI,SHIPPED
101496,C1393,Backpack,Accessories,1,2293.34,5,2026-04-05,Chennai,COD,COMPLETED
101497,C1676,Desk,Furniture,1,18224.37,0,2026-01-14,Kochi,Debit Card,COMPLETED
101498,C1829,Smartwatch,Electronics,2,9694.58,0,2026-08-11,Chennai,UPI,COMPLETED
101499,C1566,Smartphone,Electronics,6,39540.96,0,2026-10-01,Jaipur,Net Banking,PENDING
101500,C1736,Smartwatch,Electronics,5,8352.27,5,2026-08-28,Delhi,Credit Card,COMPLETED
101501,C1287,Office Chair,Furniture,1,13795.7,20,2026-06-01,Pune,COD,SHIPPED
101502,C1039,Desk Lamp,Furniture,3,1533.61,15,2026-05-09,Kochi,UPI,COMPLETED
101503,,Smartwatch,Electronics,6,8516.67,0,2026-04-02,Jaipur,Net Banking,COMPLETED
101504,C1450,Laptop,Electronics,4,51666.07,0,2026-09-03,Ahmedabad,Credit Card,SHIPPED
101505,C1059,Smartwatch,Electronics,1,8396.4,10,2026-06-10,Bengaluru,Net Banking,COMPLETED
101506,C1264,Office Chair,Furniture,3,13328.6,0,2026-04-27,Mumbai,Credit Card,PENDING
101507,C1671,Mouse,Electronics,2,707.47,0,2026-04-05,Ahmedabad,Net Banking,PENDING
101508,C1324,Mouse,Electronics,5,852.17,0,2026-05-13,Hyderabad,UPI,CANCELLED
101509,C1865,SSD 1TB,Electronics,5,7458.47,10,2026-05-01,Pune,UPI,COMPLETED
101510,C1519,Backpack,Accessories,1,2508.28,0,2026-04-15,Pune,COD,COMPLETED
101511,C1849,Tablet,Electronics,1,29191.85,0,2026-03-15,Kolkata,Debit Card,PENDING
101512,C1807,SSD 1TB,Electronics,3,7997.71,15,2026-07-11,Jaipur,Debit Card,PENDING
101513,C1031,Headphones,Electronics,3,2590.15,0,2026-01-14,Bengaluru,COD,COMPLETED
101514,C1827,Power Bank,Electronics,5,2342.41,15,2026-09-18,Kochi,Debit Card,COMPLETED
101515,C1387,Smartwatch,Electronics,1,9424.06,0,2026-07-15,Bengaluru,UPI,COMPLETED
101516,C1578,Router,Electronics,5,3325.11,15,2026-08-03,Ahmedabad,UPI,PENDING
101517,,Mouse,Electronics,5,793.36,10,2026-09-24,Jaipur,Debit Card,COMPLETED
101518,C1199,Smartwatch,Electronics,3,10109.89,0,2026-05-05,Pune,Credit Card,SHIPPED
101519,C1322,Monitor,Electronics,6,13834.71,15,2026-07-29,Pune,UPI,COMPLETED
101520,C1573,Router,Electronics,1,3598.05,15,2026-09-05,Kochi,Credit Card,SHIPPED
101521,C1805,Tablet,Electronics,2,28582.47,20,2026-03-06,Ahmedabad,Credit Card,SHIPPED
101522,C1690,Smartwatch,Electronics,6,8022.98,0,2026-05-27,Pune,Debit Card,COMPLETED
101523,C1083,Tablet,Electronics,4,28042.22,0,2026-09-11,Delhi,Credit Card,SHIPPED
101524,C1015,,Electronics,1,2926.76,20,2026-08-29,Bengaluru,Credit Card,COMPLETED
101525,C1853,Tablet,Electronics,1,29596.39,0,not_available,Ahmedabad,COD,SHIPPED
101526,C1925,Tablet,Electronics,3,24870.61,15,2026-05-04,Hyderabad,UPI,COMPLETED
101527,C1918,Power Bank,Electronics,5,2271.78,0,2026-01-24,Bengaluru,Debit Card,SHIPPED
101528,C1932,Tablet,Electronics,6,27577.93,20,2026-08-12,Hyderabad,Net Banking,CANCELLED
101529,C1137,Headphones,Electronics,6,3239.36,20,2026-09-18,Bengaluru,Credit Card,COMPLETED
101530,C1607,Smartwatch,Electronics,3,9469.55,5,2026-07-14,Pune,Net Banking,COMPLETED
101531,C1520,Smartwatch,Electronics,3,10200.87,0,2026-04-29,Hyderabad,Net Banking,COMPLETED
101532,C1049,Smartwatch,Electronics,5,10072.71,10,2026-09-18,Chennai,Debit Card,COMPLETED
101533,C1393,Power Bank,Electronics,2,2499.32,0,2026-04-18,Chennai,COD,COMPLETED
101534,C1588,Desk Lamp,Furniture,3,1407.74,0,2026-03-26,Bengaluru,Debit Card,COMPLETED
101535,C1498,Backpack,Accessories,-1,2789.01,0,2026-05-13,Kochi,UPI,COMPLETED
101536,C1682,Office Chair,Furniture,2,10545.51,10,2026-09-18,Mumbai,UPI,PENDING
101537,C1924,Mouse,Electronics,-5,809.1,0,2026-01-04,Jaipur,UPI,COMPLETED
101538,C1208,Desk,Furniture,5,17603.11,5,2026-09-24,Mumbai,Net Banking,COMPLETED
101539,C1940,Monitor,Electronics,6,15928.45,20,2026-03-03,Jaipur,Net Banking,SHIPPED
101540,C1269,Keyboard,Electronics,2,2869.81,15,2026-03-01,Pune,UPI,CANCELLED
101541,C1812,Laptop Stand,Accessories,6,1570.15,0,2026-09-17,Pune,Debit Card,SHIPPED
101542,C1645,Router,Electronics,6,3465.96,15,2026-06-11,Kolkata,Net Banking,COMPLETED
101543,C1954,Router,Electronics,3,2902.78,10,2026-01-19,Kolkata,Credit Card,COMPLETED
101544,C1600,Smartphone,Electronics,2,36820.15,0,2026-08-29,Mumbai,Net Banking,COMPLETED
101545,C1751,Printer,Electronics,3,12453.53,15,2026-02-15,Ahmedabad,Credit Card,COMPLETED
103205,C1454,Desk Lamp,Furniture,3,1632.34,20,2026-07-18,Delhi,COD,COMPLETED
101547,C1269,Desk Lamp,Furniture,4,1662.89,0,2026-06-28,Jaipur,COD,CANCELLED
101548,C1977,Headphones,Electronics,3,3306.62,0,2026-09-06,Jaipur,Net Banking,PENDING
101549,C1365,Mechanical Keyboard,Electronics,4,6101.06,0,2026-02-27,Hyderabad,Net Banking,SHIPPED
101550,C1333,Laptop Stand,Accessories,6,1759.43,0,2026-08-26,Pune,UPI,COMPLETED
101551,C1713,Smartphone,Electronics,6,31094.61,5,2026-09-08,Kochi,Net Banking,CANCELLED
101552,C1240,Laptop,Electronics,3,55822.63,0,2026-07-29,Kolkata,COD,COMPLETED
101553,C1267,Power Bank,Electronics,4,2128.31,5,2026-08-06,Chennai,Debit Card,COMPLETED
101554,C1274,Printer,Electronics,6,12819.58,15,2026-01-24,Hyderabad,Net Banking,SHIPPED
101555,C1226,Smartwatch,Electronics,2,9097.24,20,2026-02-26,Kochi,COD,COMPLETED
101556,C1132,Desk Lamp,Furniture,5,1369.56,15,2026-01-11,Chennai,UPI,CANCELLED
101557,C1341,SSD 1TB,Electronics,5,6083.28,0,2026-09-23,Delhi,Debit Card,PENDING
101558,C1203,Headphones,Electronics,5,2905.97,15,2026-04-28,Hyderabad,Credit Card,COMPLETED
101559,C1339,Tablet,Electronics,2,28444.79,0,2026-01-07,Kolkata,UPI,PENDING
101560,C1104,Router,Electronics,4,3479.69,0,2026-03-22,Hyderabad,Debit Card,COMPLETED
101561,C1235,Laptop Stand,Accessories,1,1677.13,0,2026-07-13,Chennai,Credit Card,CANCELLED
103011,C1520,Office Chair,Furniture,4,11936.12,15,2026-03-28,Pune,Debit Card,COMPLETED
101563,C1850,Mechanical Keyboard,Electronics,5,7317.0,0,2026-07-20,Delhi,COD,COMPLETED
101564,C1803,Power Bank,Electronics,4,2208.15,0,2026-06-04,Hyderabad,Net Banking,COMPLETED
101565,C1102,Office Chair,Furniture,6,12274.32,5,2026-05-30,Chennai,UPI,COMPLETED
101566,C1990,Tablet,Electronics,5,26139.89,0,2026-10-01,Ahmedabad,Credit Card,SHIPPED
101567,C1017,Printer,Electronics,6,13553.31,0,2026-02-25,Jaipur,Credit Card,PENDING
101568,C1998,Laptop,Electronics,4,64881.7,5,2026-07-09,Jaipur,COD,COMPLETED
101569,C1658,Desk,Furniture,3,16076.36,15,2026-02-12,Bengaluru,COD,COMPLETED
101570,C1212,Printer,Electronics,0,12949.87,0,2026-07-26,Kochi,Net Banking,PENDING
101571,C1740,Smartwatch,Electronics,2,7809.12,5,2026-05-10,Chennai,Debit Card,CANCELLED
101572,C1345,USB Cable,Accessories,1,473.22,10,2026-07-28,Kolkata,Debit Card,CANCELLED
101573,C1214,Mechanical Keyboard,Electronics,4,6588.9,0,2026-05-01,Pune,Net Banking,CANCELLED
101574,,Router,Electronics,5,3544.31,15,2026-02-11,Bengaluru,Net Banking,CANCELLED
101575,C1079,Smartphone,Electronics,2,37697.31,0,2026-09-24,Bengaluru,Credit Card,COMPLETED
101576,C1448,Monitor,Electronics,1,16734.76,5,31/31/2026,Ahmedabad,Net Banking,COMPLETED
101577,C1766,Mechanical Keyboard,Electronics,4,6303.84,0,2026-03-02,Chennai,Debit Card,CANCELLED
101578,C1944,Office Chair,Furniture,5,11360.59,0,2026-03-26,Mumbai,Debit Card,PENDING
101579,C1701,Webcam,Electronics,5,5110.19,0,2026-09-23,Kochi,Debit Card,SHIPPED
101580,C1473,Webcam,Electronics,3,5076.56,15,2026-03-11,Mumbai,COD,CANCELLED
101581,C1849,Printer,Electronics,1,13234.29,0,2026-03-18,Jaipur,UPI,COMPLETED
101582,C1319,Webcam,Electronics,2,4761.96,10,2026-08-23,Pune,UPI,COMPLETED
101240,C1387,Smartwatch,Electronics,6,8371.9,15,2026-07-09,Delhi,COD,SHIPPED
101584,C1281,Desk,Furniture,4,18456.13,0,2026-07-08,Kochi,Net Banking,COMPLETED
101585,C1574,Mechanical Keyboard,Electronics,6,6810.77,0,2026-03-20,Bengaluru,Credit Card,COMPLETED
101586,C1182,Office Chair,Furniture,5,10568.36,20,2026-09-25,Kochi,Net Banking,COMPLETED
101587,C1589,Smartwatch,Electronics,5,8398.54,20,2026-08-31,Delhi,Credit Card,COMPLETED
104266,C1793,Mechanical Keyboard,Electronics,2,6110.36,0,2026-04-07,Pune,Credit Card,COMPLETED
101589,C1895,Laptop,Electronics,3,52400.17,0,2026-03-12,Ahmedabad,Net Banking,SHIPPED
101590,C1680,Printer,Electronics,3,13170.74,20,2026-03-02,Delhi,COD,SHIPPED
101591,C1386,Smartphone,Electronics,6,34732.02,0,2026-09-25,Pune,COD,COMPLETED
101592,C1904,Desk Lamp,Furniture,2,1818.57,15,2026-05-23,Mumbai,Net Banking,PENDING
101593,C1452,Printer,Electronics,6,15213.65,15,2026-03-03,Ahmedabad,Net Banking,CANCELLED
101594,C1356,Headphones,Electronics,1,3329.52,20,2026-08-27,Pune,Net Banking,COMPLETED
101595,C1631,Mechanical Keyboard,Electronics,2,6270.79,0,2026-01-06,Delhi,Net Banking,COMPLETED
101596,C1538,Webcam,Electronics,1,4616.35,0,2026-02-18,Pune,Debit Card,PENDING
101597,C1943,Laptop,Electronics,5,55914.5,15,2026-05-21,Jaipur,Net Banking,COMPLETED
101598,C1712,Office Chair,Furniture,3,12450.97,10,2026-01-16,Jaipur,COD,CANCELLED
101599,C1465,Printer,Electronics,2,13888.48,20,2026-02-23,Kolkata,Debit Card,COMPLETED
101600,C1627,USB Cable,Accessories,6,535.43,20,2026-03-09,Bengaluru,Net Banking,COMPLETED
101601,C1057,Backpack,Accessories,6,2657.94,0,2026-02-19,Ahmedabad,Debit Card,COMPLETED
101602,C1670,Desk Lamp,Furniture,6,1368.0,20,2026-06-12,Mumbai,COD,CANCELLED
101603,C1966,SSD 1TB,Electronics,5,5979.76,15,2026-07-26,Chennai,UPI,COMPLETED
101604,C1197,Router,Electronics,2,3419.8,0,2026-03-30,Jaipur,UPI,COMPLETED
101605,C1623,Webcam,Electronics,6,4507.38,0,2026-01-02,Hyderabad,Debit Card,PENDING
101606,C1359,Monitor,Electronics,3,14848.14,20,2026-02-14,Kochi,Net Banking,COMPLETED
101607,C1119,Keyboard,Electronics,2,2672.16,0,2026-06-12,Kochi,UPI,COMPLETED
101608,C1807,Laptop,Electronics,2,62483.02,5,2026-02-11,Delhi,Debit Card,CANCELLED
101609,C1657,Webcam,Electronics,6,4845.37,0,2026-06-08,Kolkata,Net Banking,CANCELLED
101610,C1293,Headphones,Electronics,3,2676.38,0,2026-07-31,Delhi,Credit Card,COMPLETED
101611,C1904,Webcam,Electronics,2,5147.03,0,2026-08-14,Hyderabad,UPI,SHIPPED
101612,C1363,Smartwatch,Electronics,3,8591.92,15,2026-09-25,Jaipur,Credit Card,COMPLETED
101613,C1972,Smartwatch,Electronics,4,8070.4,10,2026-04-18,Chennai,Debit Card,CANCELLED
101614,C1830,Desk,Furniture,2,17147.78,10,2026-05-18,Bengaluru,COD,COMPLETED
101615,C1264,Webcam,Electronics,4,4177.14,0,2026-09-22,Mumbai,Net Banking,COMPLETED
101616,C1478,Smartwatch,Electronics,3,8655.16,5,2026-01-18,Pune,UPI,CANCELLED
101617,C1367,Laptop,Electronics,2,58585.34,0,2026-06-22,Bengaluru,Credit Card,COMPLETED
101618,C1313,Headphones,Electronics,4,3042.1,20,2026-01-12,Jaipur,COD,SHIPPED
101619,C1607,Smartwatch,Electronics,6,8824.41,5,2026-08-31,Delhi,Debit Card,CANCELLED
101620,C1382,Desk Lamp,Furniture,3,1591.63,5,2026-06-03,Kolkata,Credit Card,PENDING
101621,C1110,Tablet,Electronics,4,30302.21,10,2026-07-25,Kochi,UPI,COMPLETED
101622,C1524,Headphones,Electronics,3,3347.94,15,2026-09-26,Delhi,COD,COMPLETED
101623,C1133,Power Bank,Electronics,1,2510.41,0,2026-03-14,Pune,Net Banking,SHIPPED
101624,C1169,Backpack,Accessories,1,2618.96,0,2026-03-30,Hyderabad,Debit Card,COMPLETED
101625,C1189,Laptop Stand,Accessories,2,1765.74,15,2026-05-06,Mumbai,COD,COMPLETED
101626,C1005,Printer,Electronics,2,13347.79,5,2026-07-21,Delhi,Net Banking,CANCELLED
101627,C1385,Backpack,Accessories,6,2307.06,0,2026-07-18,Mumbai,Debit Card,COMPLETED
101628,C1409,Power Bank,Electronics,3,2411.06,15,2026-08-06,Kochi,Net Banking,PENDING
101629,C1073,SSD 1TB,Electronics,4,7356.74,10,2026-01-14,Delhi,COD,COMPLETED
101630,C1786,Laptop Stand,Accessories,3,1725.63,10,2026-01-01,Kochi,COD,SHIPPED
101631,C1936,Keyboard,Electronics,6,2297.56,5,2026-04-07,Kolkata,Credit Card,COMPLETED
101632,C1445,Keyboard,Electronics,3,2413.05,0,2026-08-06,Mumbai,Debit Card,COMPLETED
101633,C1396,Printer,Electronics,1,12996.28,5,2026-04-02,Mumbai,Net Banking,CANCELLED
101634,C1529,Monitor,Electronics,4,16378.03,0,2026-02-21,Chennai,UPI,COMPLETED
101635,C1326,USB Cable,Accessories,-2,501.05,15,2026-08-21,Kolkata,Net Banking,CANCELLED
101636,C1982,Smartphone,Electronics,4,37849.28,0,2026-08-06,Hyderabad,UPI,PENDING
101637,C1826,Backpack,Accessories,5,2404.62,5,2026-06-21,Ahmedabad,Debit Card,COMPLETED
101638,C1804,Headphones,Electronics,4,3028.54,5,2026-02-10,Mumbai,UPI,COMPLETED
101639,C1970,Smartwatch,Electronics,3,8183.56,20,2026-08-21,Chennai,UPI,SHIPPED
101640,C1288,Mouse,Electronics,1,888.3,5,2026-07-07,Kolkata,COD,CANCELLED
101641,C1378,Office Chair,Furniture,4,11414.86,150,2026-01-13,Ahmedabad,Debit Card,COMPLETED
101642,C1300,SSD 1TB,Electronics,4,5986.79,0,2026-06-02,Kolkata,COD,COMPLETED
101643,C1365,Mouse,Electronics,5,857.28,0,2026-03-31,Bengaluru,COD,COMPLETED
101644,C1129,USB Cable,Accessories,6,499.02,0,2026-06-26,Jaipur,COD,COMPLETED
101645,C1940,Router,Electronics,5,3160.08,0,2026-06-17,Pune,UPI,COMPLETED
101646,C1623,Monitor,Electronics,4,15056.85,15,2026-02-10,Pune,Debit Card,SHIPPED
101647,C1410,Laptop,Electronics,2,68106.46,0,2026-02-10,Chennai,UPI,COMPLETED
101648,C1584,Office Chair,Furniture,3,12416.09,10,2026-05-05,Kolkata,Debit Card,PENDING
101649,C1484,Webcam,Electronics,4,4195.96,15,2026-04-06,Hyderabad,COD,CANCELLED
101650,C1046,Desk Lamp,Furniture,4,1796.68,15,2026-05-26,Hyderabad,UPI,SHIPPED
104101,C1367,Laptop,Electronics,3,65726.09,15,2026-07-28,Kochi,COD,CANCELLED
101652,C1325,Monitor,Electronics,2,13761.71,15,2026-06-16,Delhi,UPI,PENDING
101653,C1294,Desk Lamp,Furniture,4,1642.2,15,2026-06-18,Ahmedabad,Net Banking,SHIPPED
101654,C1952,Mechanical Keyboard,Electronics,1,6193.75,0,2026-06-27,Jaipur,Credit Card,SHIPPED
101655,C1874,Printer,Electronics,2,14135.41,0,2026-07-19,Hyderabad,Net Banking,COMPLETED
101656,C1676,Smartwatch,Electronics,1,9354.74,10,2026-06-26,Bengaluru,Credit Card,CANCELLED
101657,C1542,SSD 1TB,Electronics,3,6562.83,0,2026-08-20,Jaipur,UPI,COMPLETED
101658,C1639,Smartwatch,Electronics,2,9335.52,10,2026-08-09,Chennai,UPI,COMPLETED
101659,C1569,Printer,Electronics,2,13476.19,10,2026-03-09,Chennai,COD,COMPLETED
101660,C1099,Smartphone,Electronics,2,31968.7,0,2026-05-29,Mumbai,Credit Card,CANCELLED
101661,C1410,Mechanical Keyboard,Electronics,4,6211.45,0,2026-08-03,Kochi,Debit Card,COMPLETED
101662,C1788,SSD 1TB,Electronics,6,6171.84,15,2026-06-12,Ahmedabad,COD,PENDING
101663,C1401,Laptop Stand,Accessories,4,1797.21,5,2026-05-27,Jaipur,Credit Card,COMPLETED
101664,C1409,Desk,Furniture,1,18176.39,0,2026-08-26,Mumbai,UPI,SHIPPED
101665,C1594,Tablet,Electronics,4,27246.47,15,2026-01-15,Kochi,Credit Card,COMPLETED
101666,C1624,Desk Lamp,Furniture,5,1839.48,10,2026-07-29,Kolkata,Debit Card,PENDING
101667,C1255,Headphones,Electronics,5,3112.95,15,2026-02-16,Pune,UPI,CANCELLED
101668,C1615,Smartphone,Electronics,5,35119.02,0,2026-03-24,Jaipur,Debit Card,CANCELLED
101669,C1895,Laptop Stand,Accessories,2,1784.97,15,2026-04-13,Pune,Credit Card,COMPLETED
101670,C1066,Laptop,Electronics,2,61396.84,5,2026-05-06,Kochi,Net Banking,COMPLETED
101671,C1815,Headphones,Electronics,4,3000.19,0,2026-06-19,Mumbai,Credit Card,SHIPPED
101672,C1739,Keyboard,Electronics,1,2686.46,15,2026-07-28,Ahmedabad,Net Banking,SHIPPED
101673,C1072,Tablet,Electronics,3,31220.2,10,2026-03-03,Kochi,COD,CANCELLED
101674,C1024,Backpack,Accessories,4,2745.82,0,2026-05-30,Chennai,UPI,COMPLETED
101675,C1409,Router,Electronics,6,3343.64,5,2026-03-05,Bengaluru,Credit Card,COMPLETED
101676,C1776,Smartwatch,Electronics,1,9599.38,0,2026-07-31,Pune,Credit Card,COMPLETED
101677,C1814,Printer,Electronics,2,13010.93,0,2026-02-07,Jaipur,Net Banking,COMPLETED
101678,C1775,Office Chair,Furniture,3,11263.05,5,2026-06-19,Jaipur,Debit Card,PENDING
101679,C1281,Desk Lamp,Furniture,1,1725.43,0,2026-09-25,Hyderabad,UPI,COMPLETED
101680,C1901,SSD 1TB,Electronics,5,6711.72,0,2026-06-07,Mumbai,COD,CANCELLED
101681,C1312,Printer,Electronics,6,13747.42,0,2026-03-21,Mumbai,Credit Card,PENDING
101682,C1299,Smartphone,Electronics,3,36436.0,0,2026-04-19,Kochi,Debit Card,COMPLETED
101683,C1598,Laptop,Electronics,3,57554.91,10,2026-09-22,Chennai,Net Banking,PENDING
101684,C1921,Headphones,Electronics,3,3129.47,10,2026-09-14,Pune,COD,COMPLETED
101685,C1387,Printer,Electronics,6,12610.31,10,2026-09-04,Mumbai,Net Banking,SHIPPED
101686,C1014,Keyboard,Electronics,3,2293.62,0,2026-04-25,Mumbai,Debit Card,PENDING
101687,C1796,Monitor,Electronics,6,13636.24,5,2026-08-24,Kochi,UPI,CANCELLED
101688,C1866,Router,Electronics,2,3431.72,0,2026-01-17,Chennai,UPI,COMPLETED
101689,,Keyboard,Electronics,3,2539.96,10,2026-10-03,Bengaluru,UPI,SHIPPED
101690,C1580,Router,Electronics,2,2954.9,20,2026-04-04,Delhi,Credit Card,CANCELLED
101691,,Backpack,Accessories,2,2155.17,10,2026-05-17,Ahmedabad,Debit Card,COMPLETED
101692,C1760,Webcam,Electronics,6,4946.43,0,2026-03-09,Ahmedabad,Debit Card,COMPLETED
101693,C1212,Laptop Stand,Accessories,2,1846.27,10,2026-09-02,Jaipur,UPI,PENDING
101694,C1902,,Electronics,3,869.6,0,2026-04-11,Jaipur,UPI,SHIPPED
101695,C1085,Printer,Electronics,2,12319.48,10,2026-04-21,Kochi,Net Banking,COMPLETED
101696,C1582,Laptop,Electronics,5,58735.6,0,2026-08-15,Delhi,COD,CANCELLED
101697,C1629,Backpack,Accessories,1,2313.81,5,2026-05-19,Jaipur,Credit Card,COMPLETED
101698,C1519,Printer,Electronics,5,,15,2026-06-03,Hyderabad,COD,COMPLETED
101699,C1349,Office Chair,Furniture,6,12220.55,0,2026-08-14,Bengaluru,Credit Card,SHIPPED
101700,C1006,Power Bank,Electronics,5,2180.53,0,2026-04-02,Bengaluru,Net Banking,CANCELLED
101701,C1311,Monitor,Electronics,4,14290.94,15,2026-10-03,Mumbai,Credit Card,COMPLETED
101702,C1781,Laptop Stand,Accessories,2,1695.89,0,2026-06-13,Ahmedabad,Net Banking,COMPLETED
101703,C1701,Desk,Furniture,5,16435.58,15,2026-03-21,Pune,Credit Card,COMPLETED
101704,C1784,Smartphone,Electronics,2,38699.75,10,2026-03-22,Pune,COD,SHIPPED
101705,C1669,Desk Lamp,Furniture,4,1734.28,0,2026-04-28,Hyderabad,Net Banking,COMPLETED
101706,C1379,USB Cable,Accessories,3,475.06,0,2026-06-11,Jaipur,Debit Card,SHIPPED
101707,C1576,Smartphone,Electronics,4,29809.56,5,2026-01-29,Chennai,Debit Card,CANCELLED
101708,C1824,USB Cable,Accessories,4,540.06,0,2026-04-14,Delhi,Debit Card,COMPLETED
101709,C1852,SSD 1TB,Electronics,1,6625.88,20,2026-07-15,Pune,COD,PENDING
101710,C1756,Webcam,Electronics,2,4658.7,5,2026-05-21,Bengaluru,UPI,COMPLETED
101711,C1164,Power Bank,Electronics,6,2186.59,15,2026-08-29,Kolkata,Net Banking,CANCELLED
101712,C1982,Printer,Electronics,2,13076.6,10,2026-07-12,Kolkata,UPI,COMPLETED
101713,C1654,Power Bank,Electronics,3,2225.01,5,2026-05-26,Bengaluru,Net Banking,COMPLETED
101714,C1901,Keyboard,Electronics,3,2857.88,15,2026-07-31,Mumbai,Credit Card,PENDING
101715,C1306,Smartwatch,Electronics,2,9166.96,5,2026-05-06,Pune,COD,PENDING
101716,C1781,Office Chair,Furniture,5,12111.7,0,2026-01-12,Mumbai,UPI,CANCELLED
101717,C1728,Power Bank,Electronics,3,2467.37,5,2026-04-20,Mumbai,Debit Card,SHIPPED
101718,C1233,Backpack,Accessories,3,2374.76,15,2026-05-13,Hyderabad,COD,CANCELLED
101719,C1955,Laptop,Electronics,2,53145.43,5,2026-08-07,Chennai,Net Banking,COMPLETED
101720,C1851,Router,Electronics,0,3596.46,10,2026-07-11,Kolkata,COD,SHIPPED
101721,C1032,Router,Electronics,3,3478.53,5,2026-05-25,Kochi,Debit Card,CANCELLED
101722,C1068,Keyboard,Electronics,5,2194.11,10,2026-02-27,Ahmedabad,Credit Card,PENDING
101723,C1866,Keyboard,Electronics,5,2816.87,10,2026-04-08,Bengaluru,Net Banking,COMPLETED
101724,C1476,Backpack,Accessories,6,2239.15,0,2026-02-07,Mumbai,COD,COMPLETED
101725,C1464,Router,Electronics,6,3429.88,5,2026-01-11,Chennai,COD,COMPLETED
101726,C1006,Desk Lamp,Furniture,4,1369.06,0,2026-06-15,Chennai,Credit Card,COMPLETED
101727,C1876,Laptop Stand,Accessories,5,1894.25,0,2026-09-30,Jaipur,Credit Card,PENDING
101728,C1947,SSD 1TB,Electronics,6,7771.21,0,2026-04-07,Mumbai,Credit Card,COMPLETED
101729,C1185,Monitor,Electronics,1,15150.4,20,2026-01-21,Mumbai,COD,COMPLETED
101730,C1977,Keyboard,Electronics,3,2777.92,0,2026-04-17,Delhi,Debit Card,COMPLETED
101731,C1434,Office Chair,Furniture,2,13570.69,0,2026-07-01,Kolkata,Credit Card,SHIPPED
101732,C1126,Smartphone,Electronics,1,34411.5,15,2026-04-17,Chennai,UPI,SHIPPED
101733,C1449,Smartphone,Electronics,2,31909.14,5,2026-03-05,Bengaluru,Credit Card,PENDING
101734,C1935,Smartwatch,Electronics,-1,9044.54,0,2026-04-18,Bengaluru,Net Banking,CANCELLED
101735,C1619,SSD 1TB,Electronics,6,8040.25,5,2026-04-08,Delhi,UPI,PENDING
101736,C1368,Printer,Electronics,3,14036.69,5,2026-01-09,Kolkata,Net Banking,SHIPPED
101737,C1409,Monitor,Electronics,3,14371.77,0,2026-02-03,Chennai,Debit Card,COMPLETED
101738,C1718,Keyboard,Electronics,6,2607.69,5,2026-08-30,Kolkata,Debit Card,CANCELLED
101739,C1662,Power Bank,Electronics,1,1962.89,0,2026-04-01,Kochi,UPI,COMPLETED
101740,C1531,USB Cable,Accessories,2,529.26,20,2026-01-20,Kolkata,COD,COMPLETED
101741,C1887,Desk,Furniture,3,18634.8,20,2026-03-22,Chennai,Credit Card,COMPLETED
101742,C1958,Router,Electronics,2,3432.29,20,2026-04-03,Pune,UPI,COMPLETED
101743,C1030,Printer,Electronics,2,13185.47,15,2026-07-11,Hyderabad,COD,COMPLETED
101744,C1029,Laptop,Electronics,3,51512.94,5,2026-01-18,Mumbai,Net Banking,COMPLETED
101745,C1552,Smartphone,Electronics,5,37336.49,0,2026-03-22,Bengaluru,UPI,COMPLETED
101746,C1918,Laptop Stand,Accessories,1,1756.74,0,2026-02-27,Jaipur,Net Banking,SHIPPED
101747,C1876,Mechanical Keyboard,Electronics,4,5787.09,10,2026-01-01,Hyderabad,Net Banking,SHIPPED
101748,C1921,Office Chair,Furniture,2,11362.36,10,2026-07-07,Kochi,UPI,SHIPPED
101749,C1504,Smartwatch,Electronics,2,7989.75,10,2026-03-08,Mumbai,Credit Card,CANCELLED
101750,C1084,Monitor,Electronics,6,14567.27,10,2026-02-23,Delhi,Credit Card,COMPLETED
101751,C1189,Desk,Furniture,3,19136.49,5,2026-09-24,Ahmedabad,COD,COMPLETED
101843,C1230,Headphones,Electronics,6,2724.91,15,2026-08-13,Kolkata,Net Banking,COMPLETED
101753,C1927,Smartphone,Electronics,6,30254.19,0,2026-04-04,Kolkata,Credit Card,CANCELLED
101754,C1034,Laptop Stand,Accessories,2,1744.25,0,2026-09-04,Jaipur,Debit Card,COMPLETED
101755,C1643,Smartwatch,Electronics,4,8870.68,0,2026-08-21,Kochi,Debit Card,PENDING
101756,C1450,Monitor,Electronics,6,14006.87,20,2026-09-21,Pune,Debit Card,COMPLETED
101757,C1261,Power Bank,Electronics,4,2379.53,5,2026-02-19,Pune,COD,COMPLETED
101758,C1064,SSD 1TB,Electronics,4,7298.81,10,2026-03-06,Bengaluru,Credit Card,SHIPPED
101759,C1849,Monitor,Electronics,1,15227.09,0,2026-03-06,Pune,Debit Card,SHIPPED
101760,C1446,Mechanical Keyboard,Electronics,1,7409.27,10,2026-04-04,Chennai,COD,COMPLETED
101761,C1145,Laptop Stand,Accessories,1,1637.29,15,2026-07-01,Ahmedabad,COD,COMPLETED
101762,C1576,Router,Electronics,5,2765.12,10,2026-07-05,Ahmedabad,Credit Card,CANCELLED
101763,C1969,Router,Electronics,2,3079.49,0,2026-03-26,Kochi,Credit Card,CANCELLED
101764,C1155,Mechanical Keyboard,Electronics,5,6351.83,0,2026-05-23,Kolkata,Net Banking,COMPLETED
101391,C1622,Keyboard,Electronics,5,2794.5,5,2026-08-11,Pune,Debit Card,COMPLETED
101766,C1076,Office Chair,Furniture,6,12200.73,0,2026-04-17,Kochi,COD,COMPLETED
101767,C1060,Tablet,Electronics,2,25007.85,20,not_available,Delhi,Net Banking,COMPLETED
101768,C1661,Tablet,Electronics,4,28767.9,0,2026-06-29,Bengaluru,Credit Card,COMPLETED
101769,C1143,Smartphone,Electronics,1,-500,10,2026-03-19,Delhi,Net Banking,COMPLETED
101770,C1688,Office Chair,Furniture,3,10238.77,0,2026-09-24,Hyderabad,COD,COMPLETED
101771,C1790,Desk Lamp,Furniture,4,1471.45,5,2026-06-02,Bengaluru,COD,CANCELLED
101772,C1624,Backpack,Accessories,2,2177.8,20,2026-06-24,Hyderabad,UPI,SHIPPED
101773,C1858,Office Chair,Furniture,1,12456.83,5,2026-03-28,Jaipur,Debit Card,COMPLETED
101774,C1535,Monitor,Electronics,1,17239.22,10,2026-07-05,Delhi,Net Banking,CANCELLED
101775,C1986,Tablet,Electronics,4,24275.88,0,2026-05-24,Hyderabad,Debit Card,CANCELLED
101776,C1520,Power Bank,Electronics,4,2310.21,0,2026-07-02,Bengaluru,UPI,COMPLETED
101777,C1730,Printer,Electronics,2,14360.29,0,2026-08-11,Hyderabad,UPI,CANCELLED
101778,C1499,Mechanical Keyboard,Electronics,5,7157.95,5,2026-09-23,Chennai,UPI,PENDING
101779,C1110,Smartwatch,Electronics,6,10225.99,10,2026-02-18,Bengaluru,Credit Card,COMPLETED
101780,C1594,Desk Lamp,Furniture,4,1751.34,15,2026-01-21,Pune,Net Banking,SHIPPED
101781,C1587,Router,Electronics,1,3622.59,20,2026-08-10,Kolkata,Credit Card,PENDING
101782,C1185,Laptop,Electronics,6,68027.1,0,2026-05-30,Chennai,UPI,CANCELLED
101783,C1467,Office Chair,Furniture,3,13146.13,0,2026-06-30,Delhi,Debit Card,SHIPPED
101784,C1802,Mouse,Electronics,3,789.97,15,2026-05-15,Mumbai,Credit Card,PENDING
101785,C1789,Mechanical Keyboard,Electronics,6,6152.67,5,2026-06-28,Mumbai,Net Banking,COMPLETED
101786,C1341,SSD 1TB,Electronics,5,7080.29,20,2026-04-27,Pune,Debit Card,COMPLETED
101787,C1936,Keyboard,Electronics,6,2429.55,10,2026-09-12,Mumbai,Net Banking,COMPLETED
101788,C1271,Printer,Electronics,3,13315.41,5,2026-07-05,Mumbai,Credit Card,COMPLETED
101789,C1016,Monitor,Electronics,2,15368.31,10,2026-06-01,Ahmedabad,COD,COMPLETED
101790,C1407,Desk Lamp,Furniture,6,1396.45,0,2026-02-16,Kochi,Net Banking,COMPLETED
101791,C1149,Power Bank,Electronics,5,2103.51,0,2026-07-17,Bengaluru,Debit Card,PENDING
101792,,Keyboard,Electronics,3,2874.58,5,2026-01-21,Delhi,COD,COMPLETED
101793,C1683,Office Chair,Furniture,1,11980.17,20,2026-04-23,Delhi,Credit Card,SHIPPED
101794,C1663,Webcam,Electronics,2,3841.76,0,2026-01-11,Kochi,Net Banking,SHIPPED
101795,C1424,Mechanical Keyboard,Electronics,5,7471.83,0,2026-15-45,Mumbai,COD,PENDING
101796,C1409,Smartwatch,Electronics,4,9666.34,15,2026-07-06,Hyderabad,Net Banking,COMPLETED
101797,C1373,Laptop Stand,Accessories,3,1821.8,0,2026-03-10,Pune,Credit Card,PENDING
101798,C1592,USB Cable,Accessories,1,572.15,20,2026-09-17,Jaipur,COD,COMPLETED
101799,C1107,Desk Lamp,Furniture,2,1705.65,15,2026-04-25,Jaipur,Debit Card,PENDING
101800,C1856,Mouse,Electronics,4,828.51,5,2026-08-12,Bengaluru,Credit Card,COMPLETED
101801,C1573,Backpack,Accessories,5,2612.71,0,2026-09-02,Mumbai,UPI,CANCELLED
101802,C1362,Keyboard,Electronics,6,2332.07,0,2026-01-15,Kochi,Net Banking,SHIPPED
101803,C1721,USB Cable,Accessories,4,457.28,5,2026-06-08,Ahmedabad,Debit Card,COMPLETED
101804,C1238,Smartwatch,Electronics,5,10204.92,0,2026-06-11,Kolkata,COD,COMPLETED
101805,C1729,SSD 1TB,Electronics,5,6201.34,0,2026-02-02,Ahmedabad,Net Banking,CANCELLED
101806,C1165,Webcam,Electronics,2,5147.71,20,2026-04-02,Mumbai,UPI,CANCELLED
101807,C1951,Printer,Electronics,6,12401.9,0,2026-02-18,Chennai,COD,CANCELLED
101808,C1971,Smartphone,Electronics,4,33753.55,5,2026-15-45,Pune,Credit Card,COMPLETED
101809,C1318,SSD 1TB,Electronics,2,-500,0,2026-09-13,Bengaluru,Credit Card,COMPLETED
101810,C1411,Webcam,Electronics,2,4299.12,15,2026-02-11,Pune,Net Banking,COMPLETED
101811,C1536,Office Chair,Furniture,1,13365.48,0,2026-01-31,Pune,UPI,COMPLETED
101812,C1001,Router,Electronics,1,2724.47,5,2026-06-06,Kolkata,COD,PENDING
101813,C1383,Keyboard,Electronics,2,2266.36,10,2026-09-13,Mumbai,COD,COMPLETED
101814,C1999,SSD 1TB,Electronics,1,7781.4,0,2026-07-11,Kochi,Credit Card,SHIPPED
101815,C1723,Headphones,Electronics,5,2683.96,20,2026-08-16,Kolkata,COD,COMPLETED
101816,C1957,Mechanical Keyboard,Electronics,1,7099.05,0,31/31/2026,Bengaluru,Debit Card,CANCELLED
101817,C1184,Smartwatch,Electronics,5,8101.94,0,2026-09-12,Delhi,COD,COMPLETED
101818,C1627,Power Bank,Electronics,4,2482.88,10,2026-07-19,Jaipur,UPI,CANCELLED
101819,C1567,Keyboard,Electronics,3,2309.67,0,2026-05-03,Jaipur,Credit Card,SHIPPED
101820,C1042,SSD 1TB,Electronics,1,7874.88,5,2026-02-20,Ahmedabad,UPI,CANCELLED
101821,C1670,Power Bank,Electronics,5,2241.58,15,2026-09-30,Ahmedabad,Net Banking,PENDING
101822,C1658,Webcam,Electronics,3,4257.43,5,2026-04-12,Hyderabad,Net Banking,SHIPPED
101823,C1445,Smartphone,Electronics,1,34899.89,5,2026-02-23,Pune,COD,SHIPPED
101824,C1624,Smartphone,Electronics,3,34974.95,20,2026-05-28,Kolkata,COD,COMPLETED
101825,C1192,Keyboard,Electronics,3,2794.07,15,2026-03-30,Pune,UPI,PENDING
101826,C1028,Mouse,Electronics,3,772.38,0,2026-10-03,Kolkata,Net Banking,CANCELLED
101827,C1520,Router,Electronics,2,3208.4,15,2026-01-23,Delhi,UPI,SHIPPED
101828,C1972,Headphones,Electronics,2,3191.17,0,wrong_date,Jaipur,Credit Card,PENDING
101829,C1655,Desk Lamp,Furniture,1,1381.71,5,2026-04-16,Bengaluru,Debit Card,COMPLETED
101830,C1926,Laptop Stand,Accessories,6,1969.36,20,2026-06-19,Mumbai,Net Banking,COMPLETED
101831,C1380,Smartphone,Electronics,1,31387.25,10,2026-05-07,Kochi,Debit Card,SHIPPED
101832,C1696,Smartwatch,Electronics,6,9982.11,15,2026-06-08,Delhi,Debit Card,SHIPPED
101833,C1706,Laptop,Electronics,4,65823.99,5,2026-05-23,Delhi,Net Banking,COMPLETED
101834,C1614,Laptop,Electronics,6,63465.42,0,2026-08-18,Mumbai,Credit Card,COMPLETED
101835,C1652,Monitor,Electronics,1,13465.16,20,2026-09-08,Bengaluru,Credit Card,PENDING
101836,C1335,Headphones,Electronics,6,2780.85,15,2026-07-23,Hyderabad,COD,COMPLETED
101837,C1291,Smartwatch,Electronics,3,7942.93,0,2026-07-22,Delhi,UPI,PENDING
101838,C1866,Printer,Electronics,2,12433.88,0,2026-08-29,Jaipur,UPI,COMPLETED
101317,C1739,Power Bank,Electronics,4,2385.72,15,2026-01-07,Hyderabad,UPI,COMPLETED
101840,C1379,Backpack,Accessories,6,2232.07,10,2026-01-22,Ahmedabad,Credit Card,COMPLETED
101841,C1742,Power Bank,Electronics,1,2245.41,0,2026-06-24,Hyderabad,Credit Card,COMPLETED
101842,C1473,Webcam,Electronics,6,3901.18,5,2026-03-20,Hyderabad,COD,COMPLETED
101843,C1230,Headphones,Electronics,6,2724.91,15,2026-08-13,Kolkata,Net Banking,COMPLETED
101844,C1863,Laptop Stand,Accessories,5,1815.42,10,2026-03-24,Mumbai,COD,COMPLETED
101845,C1058,Monitor,Electronics,6,13043.09,10,2026-10-01,Kolkata,COD,CANCELLED
101846,C1173,Power Bank,Electronics,3,1895.36,0,2026-04-30,Kolkata,Net Banking,COMPLETED
101847,C1576,Mouse,Electronics,4,864.49,0,2026-04-25,Kolkata,COD,PENDING
101848,C1075,Laptop,Electronics,6,65831.97,5,2026-07-17,Hyderabad,COD,SHIPPED
101849,C1460,Laptop Stand,Accessories,6,,0,2026-06-26,Jaipur,Net Banking,COMPLETED
101850,C1465,Mechanical Keyboard,Electronics,3,5961.49,0,2026-03-31,Chennai,Debit Card,COMPLETED
101851,C1376,Laptop,Electronics,4,65498.11,0,2026-01-22,Jaipur,Net Banking,CANCELLED
101852,C1900,Mechanical Keyboard,Electronics,2,7450.6,0,2026-06-30,Delhi,Net Banking,SHIPPED
101853,C1904,Tablet,Electronics,4,29960.97,5,2026-07-18,Jaipur,Debit Card,COMPLETED
101854,C1333,Smartphone,Electronics,2,37344.73,0,2026-05-06,Delhi,Credit Card,PENDING
101855,C1199,Desk Lamp,Furniture,3,1792.17,10,2026-07-29,Pune,Debit Card,COMPLETED
101856,C1402,USB Cable,Accessories,4,441.3,15,2026-08-20,Hyderabad,COD,SHIPPED
101857,C1052,Webcam,Electronics,2,4280.87,0,2026-07-16,Ahmedabad,Net Banking,COMPLETED
101858,C1965,Backpack,Accessories,1,2645.48,5,2026-03-30,Hyderabad,COD,COMPLETED
101859,C1656,Smartphone,Electronics,5,37959.52,0,2026-03-19,Chennai,Debit Card,SHIPPED
101860,C1251,USB Cable,Accessories,4,472.43,20,2026-09-29,Kolkata,UPI,COMPLETED
101861,C1087,Laptop,Electronics,-2,67563.09,20,2026-01-28,Pune,UPI,COMPLETED
101862,C1953,SSD 1TB,Electronics,2,7511.53,0,2026-06-07,Bengaluru,Debit Card,PENDING
101863,C1931,Power Bank,Electronics,5,2466.98,5,2026-09-01,Pune,Credit Card,COMPLETED
102137,C1411,Desk Lamp,Furniture,5,1630.73,0,2026-07-14,Jaipur,COD,COMPLETED
101865,C1932,Desk Lamp,Furniture,4,1435.97,10,2026-08-29,Hyderabad,Credit Card,COMPLETED
101866,C1679,USB Cable,Accessories,4,439.56,0,2026-03-11,Chennai,Net Banking,SHIPPED
101867,C1488,Headphones,Electronics,1,3077.56,20,2026-07-05,Jaipur,COD,PENDING
101868,C1186,Backpack,Accessories,1,2852.72,15,2026-06-26,Pune,UPI,COMPLETED
101869,C1070,Headphones,Electronics,2,3111.63,15,2026-07-21,Mumbai,UPI,CANCELLED
101870,C1201,Power Bank,Electronics,3,2339.53,20,2026-02-12,Pune,COD,SHIPPED
101871,,Desk Lamp,Furniture,5,1560.51,0,2026-07-06,Hyderabad,Credit Card,PENDING
101872,C1286,Router,Electronics,1,3190.02,0,2026-01-27,Delhi,Debit Card,COMPLETED
101873,C1459,Tablet,Electronics,3,24139.83,15,2026-08-23,Bengaluru,Debit Card,PENDING
101874,,USB Cable,Accessories,5,426.6,10,2026-01-10,Hyderabad,Net Banking,COMPLETED
101875,C1926,Printer,Electronics,4,13531.27,15,2026-05-19,Chennai,Debit Card,COMPLETED
101876,C1822,Router,Electronics,4,3110.91,0,2026-03-09,Pune,Debit Card,PENDING
101877,C1197,Printer,Electronics,3,13020.02,5,2026-02-13,Pune,COD,COMPLETED
101878,C1023,USB Cable,Accessories,1,461.44,0,2026-07-11,Bengaluru,Credit Card,PENDING
101879,C1820,Laptop Stand,Accessories,1,1996.39,0,2026-01-07,Pune,COD,COMPLETED
101880,C1159,Smartwatch,Electronics,6,10257.24,5,2026-06-19,Bengaluru,COD,COMPLETED
101881,C1057,USB Cable,Accessories,2,562.7,0,2026-04-06,Bengaluru,UPI,COMPLETED
101882,C1443,Laptop Stand,Accessories,2,1557.0,0,2026-07-18,Pune,COD,COMPLETED
101883,C1487,Webcam,Electronics,6,5158.7,10,2026-04-06,Jaipur,Debit Card,CANCELLED
101884,C1692,Smartwatch,Electronics,1,8844.79,10,2026-01-04,Bengaluru,Credit Card,COMPLETED
101885,C1269,USB Cable,Accessories,5,511.32,0,2026-03-05,Bengaluru,Credit Card,COMPLETED
101886,C1868,Power Bank,Electronics,2,1977.2,15,2026-06-01,Kochi,Net Banking,PENDING
101887,C1655,Desk,Furniture,2,17603.23,20,2026-06-26,Delhi,COD,COMPLETED
101888,C1670,Office Chair,Furniture,3,12915.47,0,2026-02-01,Bengaluru,Net Banking,COMPLETED
101889,C1924,Mouse,Electronics,5,861.36,5,2026-02-10,Jaipur,UPI,CANCELLED
101890,C1690,Keyboard,Electronics,3,2566.1,0,2026-02-03,Kochi,Debit Card,CANCELLED
101891,C1859,Power Bank,Electronics,4,2106.35,20,2026-09-03,Pune,Net Banking,COMPLETED
101892,C1781,Printer,Electronics,3,14192.85,15,2026-04-08,Delhi,COD,COMPLETED
101893,C1043,SSD 1TB,Electronics,4,6926.38,5,2026-06-16,Chennai,Net Banking,SHIPPED
101894,C1463,USB Cable,Accessories,2,535.68,5,2026-08-03,Kolkata,Credit Card,COMPLETED
101895,C1390,USB Cable,Accessories,4,479.86,5,2026-03-30,Mumbai,COD,COMPLETED
101896,C1222,Monitor,Electronics,1,14510.81,0,2026-05-19,Pune,Credit Card,COMPLETED
101897,C1509,Smartphone,Electronics,2,32936.98,20,2026-05-23,Delhi,Credit Card,SHIPPED
101898,C1621,Printer,Electronics,4,13727.45,20,2026-03-23,Jaipur,UPI,COMPLETED
101899,C1984,Monitor,Electronics,1,17038.28,15,2026-09-02,Kochi,Debit Card,COMPLETED
101900,C1240,Router,Electronics,4,3491.48,5,2026-09-09,Kolkata,Debit Card,CANCELLED
101901,C1162,Power Bank,Electronics,6,2075.0,10,2026-08-08,Kochi,UPI,PENDING
101902,C1132,Router,Electronics,3,3047.45,0,2026-03-07,Pune,COD,SHIPPED
101903,C1064,Laptop,Electronics,4,57660.15,0,2026-04-18,Pune,Credit Card,COMPLETED
101904,C1649,Printer,Electronics,3,14230.98,10,2026-06-19,Delhi,Credit Card,COMPLETED
101905,C1800,Smartwatch,Electronics,2,9561.88,10,2026-05-02,Delhi,Net Banking,PENDING
101906,C1481,Laptop,Electronics,3,60197.29,0,2026-07-16,Mumbai,COD,COMPLETED
101907,C1083,Router,Electronics,4,3164.18,15,2026-05-17,Bengaluru,Net Banking,SHIPPED
101908,,Webcam,Electronics,3,4786.08,0,2026-01-31,Jaipur,Credit Card,COMPLETED
101909,C1648,Laptop,Electronics,3,57411.04,10,2026-09-05,Ahmedabad,Credit Card,COMPLETED
102801,C1137,Power Bank,Electronics,3,1950.03,15,2026-08-07,Kolkata,COD,COMPLETED
101911,C1619,Monitor,Electronics,3,16050.39,15,2026-04-10,Ahmedabad,COD,COMPLETED
101912,C1254,Smartphone,Electronics,4,37106.78,20,2026-01-06,Hyderabad,Debit Card,COMPLETED
101913,C1147,Desk,Furniture,1,15455.63,15,2026-08-04,Bengaluru,Debit Card,SHIPPED
101914,C1794,USB Cable,Accessories,4,518.88,10,2026-03-22,Kochi,Net Banking,COMPLETED
101915,C1110,Office Chair,Furniture,4,11193.42,15,2026-08-21,Hyderabad,Credit Card,PENDING
101916,C1131,Power Bank,Electronics,1,1951.78,20,2026-06-17,Ahmedabad,Net Banking,COMPLETED
101917,C1145,Power Bank,Electronics,6,2117.52,0,2026-08-11,Pune,Net Banking,COMPLETED
101918,C1334,Desk Lamp,Furniture,1,1668.94,0,2026-01-21,Ahmedabad,UPI,CANCELLED
101919,C1734,USB Cable,Accessories,4,434.58,0,2026-03-13,Mumbai,UPI,PENDING
101920,C1167,Laptop Stand,Accessories,1,1937.52,0,2026-06-23,Bengaluru,Net Banking,COMPLETED
101921,C1768,Keyboard,Electronics,4,2425.42,0,2026-09-26,Chennai,Net Banking,CANCELLED
101922,C1158,Mechanical Keyboard,Electronics,1,7113.01,5,2026-03-23,Bengaluru,Debit Card,COMPLETED
101923,C1245,Mouse,Electronics,6,844.05,0,2026-01-27,Delhi,Net Banking,COMPLETED
101924,C1043,Laptop Stand,Accessories,2,2042.98,20,2026-03-12,Ahmedabad,Debit Card,COMPLETED
101925,C1396,Smartphone,Electronics,1,35107.59,0,2026-09-10,Kolkata,Net Banking,PENDING
101926,C1069,Mouse,Electronics,2,821.52,0,2026-04-28,Kochi,Net Banking,COMPLETED
101927,C1357,Keyboard,Electronics,5,2786.24,10,2026-03-26,Chennai,Credit Card,COMPLETED
101928,C1549,Laptop,Electronics,6,64396.57,0,2026-05-17,Ahmedabad,Debit Card,PENDING
101929,C1397,Headphones,Electronics,2,3228.75,0,2026-06-21,Delhi,Debit Card,COMPLETED
100574,C1929,SSD 1TB,Electronics,4,6936.32,5,2026-01-24,Kolkata,Debit Card,COMPLETED
101931,C1209,Headphones,Electronics,1,2587.49,20,2026-02-24,Delhi,Credit Card,PENDING
101932,C1753,Desk,Furniture,6,18940.71,10,2026-06-05,Pune,Net Banking,COMPLETED
101933,C1663,Laptop Stand,Accessories,5,2010.71,20,2026-05-10,Delhi,COD,COMPLETED
101934,C1317,Laptop,Electronics,2,65932.57,20,2026-06-20,Delhi,Net Banking,CANCELLED
101935,C1397,Power Bank,Electronics,4,2519.59,10,2026-03-26,Jaipur,Net Banking,PENDING
101936,C1611,Desk,Furniture,6,19929.74,0,2026-02-09,Kochi,UPI,COMPLETED
101937,C1873,Laptop,Electronics,5,51900.5,0,2026-05-21,Kolkata,Debit Card,SHIPPED
101938,C1390,Smartwatch,Electronics,2,7912.53,0,2026-04-21,Delhi,Net Banking,CANCELLED
101939,C1897,SSD 1TB,Electronics,1,6537.96,15,2026-01-12,Hyderabad,UPI,COMPLETED
101940,C1309,USB Cable,Accessories,3,493.54,20,2026-04-15,Bengaluru,UPI,SHIPPED
101941,C1178,Laptop,Electronics,1,52549.71,0,2026-08-22,Kochi,COD,COMPLETED
101942,C1276,Laptop,Electronics,6,61138.15,0,2026-03-20,Delhi,UPI,SHIPPED
101943,C1694,Smartphone,Electronics,1,30140.19,5,2026-08-27,Chennai,Credit Card,COMPLETED
101944,C1590,Mouse,Electronics,6,695.12,20,2026-05-24,Hyderabad,Net Banking,COMPLETED
101945,C1821,Office Chair,Furniture,1,12616.47,20,2026-04-07,Delhi,Net Banking,COMPLETED
101946,C1665,Mouse,Electronics,5,880.49,5,2026-09-08,Delhi,UPI,COMPLETED
101947,C1372,Keyboard,Electronics,5,2400.47,20,2026-08-30,Ahmedabad,Credit Card,COMPLETED
101948,C1674,SSD 1TB,Electronics,6,7107.15,0,2026-06-14,Pune,Net Banking,COMPLETED
101949,C1594,Smartphone,Electronics,3,34658.58,0,2026-05-30,Mumbai,Net Banking,CANCELLED
101950,C1555,Tablet,Electronics,-1,31875.65,0,2026-05-10,Mumbai,Debit Card,COMPLETED
101951,C1660,Backpack,Accessories,4,2690.28,20,31/31/2026,Kolkata,Debit Card,PENDING
101952,C1940,USB Cable,Accessories,5,476.25,15,2026-03-23,Kochi,Credit Card,COMPLETED
101953,C1844,Smartphone,Electronics,1,38396.16,0,2026-09-14,Ahmedabad,UPI,PENDING
101954,C1106,Smartwatch,Electronics,0,8337.74,10,2026-03-26,Delhi,Debit Card,SHIPPED
101955,C1119,Power Bank,Electronics,6,2422.07,0,2026-07-22,Ahmedabad,Net Banking,COMPLETED
101956,C1590,SSD 1TB,Electronics,6,6806.8,20,2026-02-24,Delhi,Net Banking,COMPLETED
101957,,Webcam,Electronics,6,3825.8,20,2026-09-16,Bengaluru,Net Banking,COMPLETED
101958,C1937,Keyboard,Electronics,6,2837.58,0,2026-07-27,Hyderabad,Credit Card,PENDING
101959,C1653,Monitor,Electronics,2,12855.78,0,2026-06-01,Bengaluru,Credit Card,COMPLETED
101960,C1847,Keyboard,Electronics,1,2315.08,0,2026-08-05,Pune,Net Banking,COMPLETED
101961,C1714,Desk Lamp,Furniture,3,1524.72,0,2026-04-17,Hyderabad,Net Banking,PENDING
101962,C1603,Printer,Electronics,6,14482.17,0,2026-09-09,Kolkata,Net Banking,COMPLETED
101963,C1359,Laptop,Electronics,3,63611.37,20,2026-07-16,Ahmedabad,UPI,SHIPPED
101964,C1705,Smartwatch,Electronics,5,10027.72,15,2026-09-09,Kolkata,Net Banking,COMPLETED
101965,C1985,Printer,Electronics,1,13894.46,10,2026-02-17,Bengaluru,Credit Card,CANCELLED
101966,C1850,Monitor,Electronics,4,14459.33,0,2026-05-04,Kochi,Net Banking,COMPLETED
101967,C1330,Desk,Furniture,5,19496.68,20,2026-08-20,Delhi,COD,SHIPPED
101968,C1097,Laptop,Electronics,6,53310.91,20,2026-01-15,Ahmedabad,Net Banking,COMPLETED
101969,C1514,Headphones,Electronics,4,2797.27,10,2026-07-18,Ahmedabad,UPI,COMPLETED
101970,C1599,Monitor,Electronics,6,15075.31,0,2026-08-20,Hyderabad,Credit Card,COMPLETED
101971,C1297,Desk Lamp,Furniture,3,,15,2026-03-21,Bengaluru,Credit Card,SHIPPED
101972,C1497,Laptop Stand,Accessories,1,1739.14,15,2026-04-01,Chennai,UPI,COMPLETED
101973,C1187,Laptop Stand,Accessories,3,1997.41,10,2026-09-10,Delhi,Net Banking,CANCELLED
101974,C1970,Monitor,Electronics,1,13489.95,0,2026-01-13,Jaipur,Net Banking,COMPLETED
101975,C1813,Tablet,Electronics,1,29750.63,15,2026-07-08,Ahmedabad,UPI,SHIPPED
101976,C1485,Mouse,Electronics,3,-1200,15,2026-08-05,Bengaluru,UPI,COMPLETED
101977,C1269,SSD 1TB,Electronics,4,6792.79,0,2026-03-12,Bengaluru,UPI,COMPLETED
101978,C1088,Smartwatch,Electronics,2,9444.53,5,2026-07-11,Ahmedabad,Debit Card,SHIPPED
101979,C1068,Headphones,Electronics,5,2921.93,10,2026-01-21,Delhi,Credit Card,COMPLETED
101980,C1307,USB Cable,Accessories,6,530.22,0,2026-07-10,Kolkata,COD,COMPLETED
101981,C1115,Router,Electronics,6,2975.25,10,2026-01-05,Hyderabad,Credit Card,COMPLETED
101982,C1942,Laptop Stand,Accessories,4,1962.66,0,2026-09-01,Jaipur,Net Banking,COMPLETED
101983,C1101,Headphones,Electronics,4,3047.73,15,2026-02-06,Mumbai,Credit Card,PENDING
101984,C1148,Keyboard,Electronics,4,2510.04,0,2026-03-26,Delhi,Net Banking,CANCELLED
101985,C1370,Laptop Stand,Accessories,3,1749.45,20,2026-08-10,Kolkata,Debit Card,SHIPPED
101986,C1028,Webcam,Electronics,6,4805.77,0,2026-07-20,Jaipur,COD,COMPLETED
101987,C1766,USB Cable,Accessories,4,517.23,20,2026-09-18,Chennai,Credit Card,COMPLETED
101988,C1613,Router,Electronics,3,3197.25,0,2026-08-10,Kochi,UPI,SHIPPED
101989,C1067,Mechanical Keyboard,Electronics,1,6898.73,20,2026-03-16,Kolkata,Debit Card,COMPLETED
101990,C1402,Office Chair,Furniture,4,12540.6,0,2026-06-05,Ahmedabad,COD,COMPLETED
101991,C1941,Desk,Furniture,4,18061.78,5,2026-03-12,Jaipur,Debit Card,COMPLETED
101992,C1708,Printer,Electronics,3,14137.5,10,2026-02-02,Hyderabad,Debit Card,COMPLETED
101993,C1895,Desk,Furniture,5,18073.0,0,2026-06-15,Delhi,COD,COMPLETED
101994,C1356,Desk,Furniture,2,19758.97,10,2026-07-30,Hyderabad,Debit Card,PENDING
101995,C1434,Webcam,Electronics,5,5027.24,0,2026-06-01,Delhi,Debit Card,CANCELLED
101996,C1555,Mechanical Keyboard,Electronics,3,5923.71,5,2026-09-24,Mumbai,UPI,CANCELLED
101997,C1740,Desk,Furniture,6,16633.95,10,2026-06-22,Mumbai,Net Banking,COMPLETED
104127,C1700,Office Chair,Furniture,3,11197.57,20,2026-01-23,Jaipur,Net Banking,PENDING
101999,C1260,Desk Lamp,Furniture,1,1481.22,5,2026-07-21,Kolkata,UPI,COMPLETED
102000,C1831,Office Chair,Furniture,4,11837.14,10,2026-05-22,Ahmedabad,COD,SHIPPED
102001,C1203,Office Chair,Furniture,1,13733.68,15,2026-09-08,Kochi,UPI,SHIPPED
102002,C1447,Smartphone,Electronics,0,31004.17,0,2026-03-04,Pune,UPI,COMPLETED
102003,C1867,Keyboard,Electronics,3,2205.6,10,2026-05-18,Mumbai,UPI,CANCELLED
102004,C1703,Tablet,Electronics,2,24135.47,15,2026-01-31,Kolkata,UPI,COMPLETED
102005,C1639,Office Chair,Furniture,3,11747.29,0,2026-04-23,Kochi,COD,PENDING
102006,C1769,Office Chair,Furniture,5,11472.79,0,2026-03-19,Kolkata,COD,PENDING
102007,C1324,Laptop Stand,Accessories,2,1965.08,20,2026-07-16,Delhi,COD,PENDING
102008,C1017,Headphones,Electronics,1,3064.12,10,2026-05-19,Jaipur,UPI,COMPLETED
102009,C1252,Tablet,Electronics,2,25833.01,10,2026-03-26,Mumbai,Credit Card,COMPLETED
102010,C1109,Laptop,Electronics,2,63080.91,5,2026-07-17,Jaipur,Credit Card,COMPLETED
102011,C1102,Keyboard,Electronics,4,2659.32,5,2026-03-18,Chennai,COD,SHIPPED
102012,C1023,Mechanical Keyboard,Electronics,3,5925.0,15,2026-09-09,Chennai,COD,COMPLETED
102013,C1329,Laptop,Electronics,4,60136.07,5,2026-08-15,Kochi,Credit Card,COMPLETED
102014,C1147,Keyboard,Electronics,5,2752.7,15,2026-07-13,Mumbai,Net Banking,COMPLETED
102015,,Power Bank,Electronics,3,2137.37,0,2026-05-29,Delhi,Net Banking,PENDING
102016,C1898,Printer,Electronics,1,14783.27,10,2026-05-05,Bengaluru,Net Banking,CANCELLED
102017,C1819,Laptop,Electronics,4,-50,0,2026-07-15,Kolkata,Net Banking,SHIPPED
102018,C1741,Backpack,Accessories,4,2192.1,0,2026-06-28,Delhi,Debit Card,COMPLETED
102019,C1933,Office Chair,Furniture,4,10769.15,0,2026-09-22,Kochi,COD,COMPLETED
102020,C1866,Mouse,Electronics,4,767.5,20,2026-04-28,Bengaluru,Credit Card,COMPLETED
102021,C1630,Mechanical Keyboard,Electronics,1,6013.26,10,2026-05-11,Jaipur,Credit Card,COMPLETED
102022,C1145,Tablet,Electronics,3,31116.47,0,2026-04-28,Chennai,Debit Card,COMPLETED
102023,C1533,Keyboard,Electronics,2,2778.86,10,2026-01-27,Kochi,Credit Card,COMPLETED
102024,C1561,Printer,Electronics,4,15658.67,0,2026-01-09,Delhi,COD,CANCELLED
102025,C1078,Keyboard,Electronics,1,2326.78,20,2026-04-02,Ahmedabad,UPI,SHIPPED
102026,C1566,SSD 1TB,Electronics,6,6325.74,10,2026-04-06,Delhi,UPI,COMPLETED
102027,C1875,Headphones,Electronics,3,3011.92,0,2026-09-14,Ahmedabad,UPI,SHIPPED
102028,,Headphones,Electronics,1,2972.16,20,2026-03-09,Delhi,COD,COMPLETED
102029,C1587,Office Chair,Furniture,4,11084.84,0,2026-02-26,Delhi,Credit Card,CANCELLED
102030,C1620,Mouse,Electronics,1,915.89,0,2026-01-01,Hyderabad,Net Banking,PENDING
102031,C1818,Printer,Electronics,6,,10,2026-07-26,Ahmedabad,Net Banking,CANCELLED
102032,,Router,Electronics,3,3474.93,10,2026-07-27,Hyderabad,COD,SHIPPED
102033,C1170,Router,Electronics,4,2841.19,0,2026-04-16,Bengaluru,COD,COMPLETED
102034,C1862,Desk,Furniture,1,18563.74,5,2026-07-15,Chennai,Debit Card,COMPLETED
102035,C1024,Power Bank,Electronics,4,2001.14,0,2026-04-21,Chennai,Credit Card,SHIPPED
102036,C1885,Smartwatch,Electronics,6,8027.58,20,2026-06-04,Chennai,Credit Card,COMPLETED
102037,C1016,Laptop Stand,Accessories,0,1666.58,5,2026-08-27,Jaipur,Debit Card,COMPLETED
102038,C1474,USB Cable,Accessories,4,568.94,0,2026-03-16,Bengaluru,Debit Card,COMPLETED
102039,C1054,SSD 1TB,Electronics,4,7859.72,15,2026-08-10,Bengaluru,COD,COMPLETED
102040,C1363,Router,Electronics,5,3178.02,20,2026-09-03,Bengaluru,Debit Card,COMPLETED
102041,,Desk,Furniture,5,16196.11,0,2026-03-16,Ahmedabad,Debit Card,COMPLETED
102042,C1025,Router,Electronics,2,3325.45,0,2026-01-13,Jaipur,Net Banking,COMPLETED
102043,C1817,Desk Lamp,Furniture,4,1526.52,0,2026-05-26,Pune,UPI,PENDING
102044,C1599,Monitor,Electronics,4,16163.22,5,2026-09-21,Kolkata,COD,CANCELLED
102045,C1766,Smartwatch,Electronics,5,7831.68,0,2026-07-13,Pune,Net Banking,CANCELLED
102046,C1739,Office Chair,Furniture,2,10711.96,0,2026-02-17,Kochi,Net Banking,COMPLETED
102047,C1403,Laptop Stand,Accessories,1,1553.77,0,2026-03-10,Delhi,Net Banking,PENDING
102048,C1198,Tablet,Electronics,2,27386.06,10,2026-05-11,Delhi,UPI,COMPLETED
102049,C1167,Mouse,Electronics,3,854.54,20,2026-02-03,Delhi,Net Banking,COMPLETED
102050,C1947,Printer,Electronics,1,12235.87,5,2026-06-25,Kochi,Debit Card,SHIPPED
102051,C1978,Office Chair,Furniture,5,12210.85,20,2026-06-19,Pune,COD,COMPLETED
102052,C1683,Smartwatch,Electronics,5,9493.02,20,2026-05-06,Delhi,UPI,SHIPPED
102053,C1494,Office Chair,Furniture,3,13583.78,0,2026-09-13,Chennai,UPI,PENDING
102054,C1307,Office Chair,Furniture,1,13166.65,10,2026-04-25,Delhi,Credit Card,SHIPPED
102055,C1926,USB Cable,Accessories,1,-1200,10,2026-07-05,Chennai,Net Banking,SHIPPED
102056,C1580,Power Bank,Electronics,3,1923.55,0,2026-09-04,Bengaluru,Debit Card,COMPLETED
102057,C1446,Smartphone,Electronics,4,31367.48,5,2026-01-16,Pune,Debit Card,COMPLETED
102058,C1315,Laptop Stand,Accessories,4,2004.72,5,2026-07-22,Kochi,Credit Card,SHIPPED
102059,C1440,Laptop Stand,Accessories,3,1661.35,20,2026-03-26,Pune,Credit Card,PENDING
102060,C1334,Smartwatch,Electronics,4,9953.64,0,2026-02-12,Bengaluru,UPI,COMPLETED
102061,C1553,Tablet,Electronics,4,31331.28,20,2026-03-19,Kolkata,UPI,SHIPPED
102062,C1181,Mouse,Electronics,2,749.94,20,2026-07-07,Pune,COD,COMPLETED
102063,C1041,Headphones,Electronics,3,2847.13,0,2026-02-12,Kolkata,COD,COMPLETED
102064,C1841,Webcam,Electronics,2,5036.03,20,2026-09-09,Bengaluru,Debit Card,PENDING
102065,C1298,Desk Lamp,Furniture,5,1394.41,10,2026-05-26,Mumbai,UPI,SHIPPED
102066,C1620,Office Chair,Furniture,2,12516.47,15,2026-09-21,Bengaluru,Net Banking,PENDING
102067,C1229,Desk,Furniture,1,17424.32,0,2026-03-25,Jaipur,Net Banking,COMPLETED
102068,C1974,Router,Electronics,3,3001.91,15,2026-07-25,Chennai,Credit Card,COMPLETED
102069,C1682,Power Bank,Electronics,2,2028.85,0,2026-03-21,Kolkata,UPI,COMPLETED
102070,C1601,Monitor,Electronics,2,13234.54,5,2026-03-06,Mumbai,UPI,COMPLETED
102071,C1788,Power Bank,Electronics,6,2081.17,0,2026-09-04,Chennai,Net Banking,COMPLETED
102072,C1952,Mechanical Keyboard,Electronics,6,6670.96,15,2026-04-18,Jaipur,UPI,COMPLETED
102073,C1160,Smartphone,Electronics,2,33373.4,0,2026-01-17,Hyderabad,Net Banking,COMPLETED
102074,C1832,Printer,Electronics,4,14664.98,5,2026-06-15,Jaipur,Credit Card,COMPLETED
102075,C1763,Tablet,Electronics,6,26444.22,20,2026-04-05,Kolkata,Credit Card,COMPLETED
102076,,Keyboard,Electronics,4,2781.64,0,2026-03-17,Kolkata,Credit Card,COMPLETED
102077,C1525,Desk Lamp,Furniture,4,1819.39,0,2026-04-03,Chennai,UPI,COMPLETED
102078,C1646,SSD 1TB,Electronics,6,6670.22,10,2026-07-10,Pune,UPI,COMPLETED
102079,C1494,Router,Electronics,2,2922.62,0,2026-09-16,Hyderabad,COD,SHIPPED
102080,C1910,Router,Electronics,5,3307.97,10,2026-04-11,Chennai,UPI,SHIPPED
103212,C1876,USB Cable,Accessories,3,527.49,0,2026-02-06,Chennai,Net Banking,COMPLETED
102082,C1018,Tablet,Electronics,5,29067.16,20,2026-02-02,Jaipur,Net Banking,SHIPPED
102083,C1936,Desk Lamp,Furniture,5,1470.85,0,2026-04-25,Jaipur,Debit Card,COMPLETED
102084,C1912,Mouse,Electronics,2,840.42,10,2026-05-11,Chennai,Debit Card,COMPLETED
102085,C1543,Laptop Stand,Accessories,1,1649.77,20,2026-08-19,Delhi,Net Banking,COMPLETED
102086,C1440,Mouse,Electronics,1,872.57,0,2026-10-02,Ahmedabad,Net Banking,COMPLETED
102087,C1513,Desk,Furniture,5,18881.9,5,2026-04-20,Ahmedabad,COD,COMPLETED
102088,C1798,Monitor,Electronics,2,16915.33,5,2026-06-18,Mumbai,COD,CANCELLED
102089,C1205,Laptop,Electronics,6,58731.01,0,2026-05-06,Jaipur,UPI,COMPLETED
103232,C1250,Laptop Stand,Accessories,2,2054.38,5,2026-01-16,Pune,COD,SHIPPED
102091,C1208,Headphones,Electronics,3,2637.84,0,2026-06-08,Ahmedabad,COD,CANCELLED
102092,C1070,Keyboard,Electronics,2,2779.92,20,2026-01-02,Delhi,UPI,COMPLETED
102093,C1988,Headphones,Electronics,1,3238.41,0,2026-03-04,Ahmedabad,COD,SHIPPED
102094,C1523,Monitor,Electronics,4,15755.99,0,2026-02-12,Pune,UPI,COMPLETED
102095,C1180,Smartphone,Electronics,2,35475.7,0,2026-01-10,Kochi,UPI,COMPLETED
102096,C1166,USB Cable,Accessories,3,449.05,20,2026-10-01,Delhi,Net Banking,CANCELLED
102097,C1359,Laptop,Electronics,3,66363.11,20,2026-08-10,Bengaluru,COD,SHIPPED
102098,C1217,Headphones,Electronics,2,3108.97,5,2026-02-04,Delhi,Net Banking,PENDING
102099,C1789,Backpack,Accessories,4,2366.66,0,2026-04-12,Kolkata,UPI,SHIPPED
102100,,Laptop,Electronics,5,57397.59,15,2026-07-10,Pune,Net Banking,CANCELLED
102101,C1857,Laptop,Electronics,3,66516.12,0,2026-03-10,Bengaluru,COD,PENDING
102102,C1574,Monitor,Electronics,5,13360.97,5,2026-06-24,Bengaluru,COD,COMPLETED
102103,C1805,Power Bank,Electronics,2,2075.96,20,2026-08-06,Hyderabad,UPI,COMPLETED
102104,C1056,Desk,Furniture,6,20506.02,0,2026-05-13,Chennai,Credit Card,COMPLETED
102105,C1348,Tablet,Electronics,1,31991.09,0,2026-02-08,Jaipur,Debit Card,CANCELLED
102106,C1307,Tablet,Electronics,1,24019.64,0,2026-06-17,Mumbai,UPI,COMPLETED
102107,C1953,Router,Electronics,5,3295.56,0,2026-07-05,Bengaluru,UPI,COMPLETED
102108,C1786,Power Bank,Electronics,3,2456.35,0,2026-04-19,Kochi,UPI,COMPLETED
102109,C1050,Office Chair,Furniture,3,13229.28,10,2026-02-10,Ahmedabad,COD,CANCELLED
102110,C1559,Desk,Furniture,5,18852.66,0,2026-07-26,Kolkata,Debit Card,SHIPPED
102111,C1095,Power Bank,Electronics,3,2359.12,0,2026-02-05,Bengaluru,COD,COMPLETED
102112,C1109,Printer,Electronics,1,13870.74,0,2026-07-27,Ahmedabad,UPI,COMPLETED
102113,C1162,Smartwatch,Electronics,5,10066.57,0,2026-02-11,Pune,Credit Card,COMPLETED
102114,C1664,Smartwatch,Electronics,6,9990.07,15,2026-01-09,Jaipur,Credit Card,CANCELLED
102115,C1725,USB Cable,Accessories,2,535.68,20,2026-09-18,Delhi,Net Banking,COMPLETED
102116,C1697,Router,Electronics,3,3273.62,15,2026-04-07,Jaipur,COD,COMPLETED
102117,C1060,Tablet,Electronics,2,28951.37,5,2026-04-09,Ahmedabad,Debit Card,COMPLETED
102118,C1139,Smartphone,Electronics,5,34071.2,10,2026-05-28,Hyderabad,Credit Card,PENDING
102119,C1876,Monitor,Electronics,-2,14641.01,15,2026-09-12,Kolkata,UPI,SHIPPED
102120,C1604,Webcam,Electronics,6,4166.46,0,2026-04-05,Kochi,UPI,CANCELLED
102121,C1254,USB Cable,Accessories,6,431.03,0,2026-01-24,Bengaluru,Net Banking,COMPLETED
102122,C1988,Webcam,Electronics,3,5120.19,10,2026-01-02,Delhi,UPI,CANCELLED
102123,C1014,Tablet,Electronics,1,26667.4,5,2026-03-15,Mumbai,UPI,COMPLETED
102124,C1332,Tablet,Electronics,4,29339.97,110,2026-05-21,Jaipur,Credit Card,CANCELLED
102125,C1149,Webcam,Electronics,4,4301.79,20,2026-05-05,Jaipur,Net Banking,COMPLETED
102126,C1447,Mouse,Electronics,3,680.73,5,2026-03-23,Kolkata,UPI,CANCELLED
102127,C1469,Router,Electronics,3,2915.69,0,2026-05-28,Mumbai,Debit Card,COMPLETED
102128,C1181,Tablet,Electronics,1,27775.17,20,2026-09-29,Bengaluru,COD,SHIPPED
103012,C1882,Power Bank,Electronics,6,2116.33,20,2026-07-20,Mumbai,COD,COMPLETED
102130,C1164,Printer,Electronics,2,13740.14,0,2026-01-09,Delhi,Net Banking,SHIPPED
102131,C1224,Mechanical Keyboard,Electronics,5,6776.68,0,2026-02-26,Hyderabad,Debit Card,PENDING
102132,C1260,Monitor,Electronics,3,16629.01,10,2026-06-08,Chennai,UPI,COMPLETED
102133,C1580,Monitor,Electronics,2,16794.49,0,2026-05-06,Ahmedabad,COD,PENDING
102134,C1818,Router,Electronics,2,3322.42,10,2026-01-02,Mumbai,UPI,COMPLETED
102135,C1786,Mechanical Keyboard,Electronics,4,6632.5,0,2026-09-04,Delhi,Credit Card,COMPLETED
102136,,Desk,Furniture,6,19426.48,0,2026-05-20,Kochi,Credit Card,CANCELLED
102137,C1411,Desk Lamp,Furniture,5,1630.73,0,2026-07-14,Jaipur,COD,COMPLETED
102138,C1911,Laptop Stand,Accessories,3,1554.73,0,2026-07-02,Jaipur,Credit Card,PENDING
102139,C1341,Printer,Electronics,2,13709.46,10,2026-01-09,Bengaluru,UPI,PENDING
102140,C1917,USB Cable,Accessories,2,486.61,-10,2026-04-15,Jaipur,Net Banking,PENDING
102141,C1756,Keyboard,Electronics,1,2635.72,10,2026-08-14,Mumbai,Credit Card,CANCELLED
102142,C1219,Webcam,Electronics,3,3955.76,0,2026-01-06,Kochi,Net Banking,COMPLETED
102143,C1287,Smartwatch,Electronics,4,10061.38,0,2026-06-24,Delhi,COD,COMPLETED
102144,C1095,Office Chair,Furniture,5,12132.81,15,2026-05-04,Kolkata,Net Banking,CANCELLED
102145,C1283,Mechanical Keyboard,Electronics,2,6806.73,15,2026-01-04,Jaipur,Credit Card,SHIPPED
102146,C1908,Power Bank,Electronics,1,1928.55,10,2026-04-28,Kochi,Debit Card,COMPLETED
102147,C1437,SSD 1TB,Electronics,3,7531.99,10,2026-03-26,Kolkata,UPI,CANCELLED
102148,,Laptop,Electronics,6,55954.64,0,2026-03-22,Delhi,UPI,CANCELLED
102149,C1183,Webcam,Electronics,2,4091.82,0,2026-08-24,Kolkata,Net Banking,COMPLETED
102150,C1633,USB Cable,Accessories,1,442.68,15,2026-04-15,Pune,Debit Card,CANCELLED
102151,C1442,USB Cable,Accessories,6,434.49,0,2026-08-31,Chennai,UPI,COMPLETED
102152,C1383,Mouse,Electronics,5,722.02,20,2026-08-04,Bengaluru,UPI,COMPLETED
102153,C1216,Keyboard,Electronics,2,2436.29,5,2026-04-28,Mumbai,Debit Card,CANCELLED
102154,C1532,Mechanical Keyboard,Electronics,-2,6560.19,10,2026-06-18,Jaipur,Credit Card,PENDING
102155,C1545,Smartwatch,Electronics,2,10224.77,5,2026-03-30,Kochi,Net Banking,COMPLETED
102156,C1323,Office Chair,Furniture,5,10970.93,15,2026-01-11,Delhi,Net Banking,COMPLETED
102157,C1384,Mechanical Keyboard,Electronics,4,7333.13,20,2026-03-01,Mumbai,UPI,COMPLETED
102158,C1754,Mechanical Keyboard,Electronics,1,6617.13,5,2026-03-11,Kolkata,COD,COMPLETED
102159,C1551,Laptop Stand,Accessories,2,1659.86,0,2026-09-18,Kochi,COD,COMPLETED
102160,C1247,Mechanical Keyboard,Electronics,5,5687.96,10,2026-10-03,Bengaluru,Debit Card,COMPLETED
102161,C1340,Mechanical Keyboard,Electronics,-2,7139.81,0,2026-08-07,Jaipur,Credit Card,COMPLETED
102162,C1822,Laptop Stand,Accessories,6,1873.57,10,2026-03-17,Kochi,Net Banking,COMPLETED
102163,C1432,Mechanical Keyboard,Electronics,1,6963.6,0,2026-08-24,Mumbai,Debit Card,COMPLETED
102164,C1030,Mouse,Electronics,1,867.21,20,2026-01-13,Kolkata,UPI,COMPLETED
102165,C1168,Smartwatch,Electronics,1,7873.11,0,2026-09-04,Bengaluru,Net Banking,PENDING
102166,C1663,SSD 1TB,Electronics,1,7603.68,15,2026-01-14,Mumbai,Debit Card,COMPLETED
102167,C1388,Monitor,Electronics,5,15655.23,20,2026-05-30,Hyderabad,Credit Card,COMPLETED
102168,C1558,USB Cable,Accessories,5,525.22,10,2026-09-02,Hyderabad,Net Banking,PENDING
102169,C1932,Keyboard,Electronics,2,2256.79,20,2026-05-28,Ahmedabad,COD,COMPLETED
102170,C1321,Smartphone,Electronics,4,30174.02,5,2026-08-28,Kolkata,UPI,PENDING
102171,C1050,Laptop,Electronics,6,55703.14,0,2026-07-13,Pune,Debit Card,COMPLETED
102172,,Router,Electronics,3,3228.83,5,2026-07-13,Kochi,UPI,COMPLETED
102173,C1422,USB Cable,Accessories,3,501.75,0,2026-07-09,Kolkata,Debit Card,COMPLETED
102174,C1841,Headphones,Electronics,5,2887.79,0,2026-01-21,Jaipur,UPI,SHIPPED
102175,C1212,Laptop Stand,Accessories,4,1855.14,10,wrong_date,Kochi,Debit Card,COMPLETED
102176,C1790,Desk Lamp,Furniture,6,1817.49,20,2026-09-27,Mumbai,Credit Card,COMPLETED
102177,C1062,Office Chair,Furniture,1,13541.3,20,2026-07-20,Hyderabad,COD,COMPLETED
102178,C1911,Mechanical Keyboard,Electronics,5,6965.09,0,2026-05-13,Mumbai,COD,SHIPPED
102179,C1510,Laptop Stand,Accessories,5,1634.68,15,2026-04-07,Ahmedabad,UPI,SHIPPED
102180,C1274,Laptop Stand,Accessories,2,1893.42,0,2026-07-24,Kochi,Debit Card,CANCELLED
102181,,Router,Electronics,5,3339.38,15,2026-06-07,Chennai,Debit Card,COMPLETED
102182,C1021,Laptop Stand,Accessories,4,1938.5,0,2026-07-08,Ahmedabad,Net Banking,COMPLETED
102183,C1106,Desk,Furniture,3,15743.71,20,2026-01-21,Chennai,Debit Card,CANCELLED
102184,C1399,Headphones,Electronics,3,3401.53,0,2026-05-29,Kolkata,Credit Card,SHIPPED
102185,C1807,Laptop Stand,Accessories,6,1894.91,0,2026-04-06,Hyderabad,Credit Card,CANCELLED
102186,C1023,Keyboard,Electronics,4,2407.95,5,2026-05-24,Hyderabad,COD,PENDING
102187,C1983,Router,Electronics,5,3599.62,0,2026-04-26,Bengaluru,Debit Card,COMPLETED
102188,C1569,Router,Electronics,5,2891.32,0,2026-06-19,Mumbai,Net Banking,PENDING
102189,C1851,Mouse,Electronics,6,845.18,0,2026-05-29,Kolkata,Debit Card,COMPLETED
102190,C1209,Webcam,Electronics,2,5134.14,20,2026-07-01,Delhi,COD,COMPLETED
102191,C1601,Power Bank,Electronics,6,1950.64,15,2026-04-24,Mumbai,UPI,COMPLETED
102192,C1096,Desk Lamp,Furniture,4,1612.58,15,2026-03-05,Ahmedabad,UPI,PENDING
102193,C1999,Webcam,Electronics,2,4625.98,15,2026-04-12,Jaipur,Credit Card,COMPLETED
102194,C1414,Power Bank,Electronics,2,1895.88,5,2026-01-18,Bengaluru,UPI,PENDING
102195,C1779,Router,Electronics,4,3448.06,0,2026-07-19,Bengaluru,Net Banking,PENDING
102196,C1878,Tablet,Electronics,5,29850.4,10,2026-01-05,Kolkata,Credit Card,COMPLETED
102197,C1840,Laptop,Electronics,1,61549.63,0,2026-08-01,Bengaluru,COD,COMPLETED
102198,C1857,Desk Lamp,Furniture,5,1803.68,0,2026-07-13,Pune,Net Banking,CANCELLED
102199,C1719,Printer,Electronics,3,14962.9,20,2026-03-03,Chennai,UPI,PENDING
102200,C1696,Webcam,Electronics,4,4321.67,20,2026-06-27,Mumbai,UPI,COMPLETED
102201,C1318,Desk Lamp,Furniture,1,1748.09,20,2026-09-27,Kochi,Debit Card,COMPLETED
102202,C1552,Desk,Furniture,2,16549.29,10,2026-09-02,Pune,UPI,PENDING
102203,C1142,Tablet,Electronics,2,25233.05,15,2026-03-22,Delhi,COD,PENDING
102204,C1517,USB Cable,Accessories,1,461.02,0,2026-06-21,Pune,Net Banking,COMPLETED
102205,C1094,Office Chair,Furniture,1,12703.5,20,2026-05-31,Mumbai,COD,PENDING
102206,C1417,Mouse,Electronics,3,831.31,20,2026-06-22,Delhi,Net Banking,SHIPPED
102207,C1438,Tablet,Electronics,6,24189.41,15,2026-02-19,Bengaluru,Credit Card,SHIPPED
102208,C1799,Laptop,Electronics,1,67989.26,20,2026-01-29,Ahmedabad,Credit Card,COMPLETED
102209,C1399,Smartphone,Electronics,5,30677.99,20,2026-01-14,Chennai,Credit Card,CANCELLED
102210,C1466,Keyboard,Electronics,3,2830.23,0,2026-02-21,Mumbai,Credit Card,COMPLETED
102211,C1919,Power Bank,Electronics,3,1904.35,5,2026-09-18,Ahmedabad,Credit Card,SHIPPED
102212,C1585,Monitor,Electronics,4,15568.7,5,2026-08-06,Ahmedabad,Credit Card,PENDING
102213,C1215,Router,Electronics,3,2998.78,0,2026-03-01,Delhi,Debit Card,PENDING
102214,C1005,Router,Electronics,4,3469.03,0,2026-06-02,Delhi,Net Banking,CANCELLED
102215,C1934,Mechanical Keyboard,Electronics,6,7267.76,0,2026-07-28,Kolkata,Credit Card,COMPLETED
102216,C1660,SSD 1TB,Electronics,5,7470.1,0,2026-02-22,Pune,Net Banking,CANCELLED
102217,C1710,Laptop,Electronics,5,65800.62,10,2026-07-08,Kochi,COD,CANCELLED
102218,C1066,Desk,Furniture,3,18400.07,0,2026-08-20,Hyderabad,COD,COMPLETED
102219,C1412,Desk Lamp,Furniture,6,1634.94,15,2026-08-04,Kochi,COD,SHIPPED
102220,C1890,Desk,Furniture,5,18765.45,20,2026-08-22,Bengaluru,COD,COMPLETED
102221,C1148,Mechanical Keyboard,Electronics,3,6654.6,15,2026-05-08,Mumbai,Debit Card,PENDING
102222,C1105,Desk,Furniture,1,19470.42,0,2026-04-10,Mumbai,Credit Card,COMPLETED
102223,C1189,Laptop Stand,Accessories,3,1951.49,20,2026-08-09,Chennai,COD,PENDING
102224,C1983,Mouse,Electronics,4,829.33,0,2026-15-45,Mumbai,Net Banking,CANCELLED
102225,C1120,Backpack,Accessories,4,2854.26,0,2026-08-15,Mumbai,Credit Card,COMPLETED
102226,C1575,Laptop Stand,Accessories,5,1857.63,0,2026-07-05,Delhi,COD,COMPLETED
102227,C1673,Mechanical Keyboard,Electronics,1,7155.14,0,2026-01-02,Pune,Net Banking,CANCELLED
102228,C1120,USB Cable,Accessories,6,509.94,5,2026-06-24,Kolkata,COD,COMPLETED
102229,C1415,Smartwatch,Electronics,3,9120.15,0,2026-08-11,Hyderabad,UPI,PENDING
102230,C1391,Smartwatch,Electronics,4,8580.74,15,2026-02-07,Delhi,UPI,PENDING
102231,C1493,Tablet,Electronics,1,29444.9,15,2026-03-16,Delhi,COD,COMPLETED
102232,C1585,Power Bank,Electronics,1,2036.27,0,2026-05-17,Chennai,COD,COMPLETED
102233,C1246,Smartwatch,Electronics,3,9944.36,0,2026-01-21,Kolkata,Credit Card,SHIPPED
102234,C1770,Laptop Stand,Accessories,1,1533.52,20,2026-09-21,Chennai,COD,SHIPPED
102235,C1929,Smartphone,Electronics,1,40233.66,0,2026-07-18,Ahmedabad,Credit Card,COMPLETED
102236,C1083,Webcam,Electronics,5,4277.04,20,2026-01-14,Kolkata,UPI,SHIPPED
102237,C1540,Mouse,Electronics,5,835.59,0,2026-05-31,Kochi,UPI,CANCELLED
102238,C1329,Mouse,Electronics,4,777.87,0,2026-09-25,Delhi,COD,SHIPPED
102239,C1657,Tablet,Electronics,6,25006.64,15,2026-07-08,Delhi,Debit Card,COMPLETED
102240,C1017,Printer,Electronics,4,13759.32,0,2026-07-20,Mumbai,UPI,CANCELLED
102241,C1965,Backpack,Accessories,2,2669.52,20,2026-07-30,Mumbai,COD,COMPLETED
102242,C1352,Laptop,Electronics,5,65376.01,15,2026-09-09,Jaipur,Net Banking,COMPLETED
102243,C1164,Smartwatch,Electronics,6,10167.71,0,2026-05-15,Kolkata,Net Banking,PENDING
102244,C1690,Mechanical Keyboard,Electronics,3,5655.96,0,2026-04-12,Delhi,Net Banking,COMPLETED
102245,C1091,USB Cable,Accessories,3,478.68,0,2026-04-14,Pune,Net Banking,COMPLETED
102246,C1478,Mechanical Keyboard,Electronics,-5,6430.3,0,2026-03-26,Bengaluru,UPI,PENDING
102247,C1167,Laptop,Electronics,4,53027.16,20,2026-08-05,Delhi,COD,CANCELLED
102248,C1325,USB Cable,Accessories,4,499.36,10,2026-06-26,Chennai,UPI,COMPLETED
102249,C1223,Backpack,Accessories,1,2793.55,10,2026-06-01,Hyderabad,Debit Card,PENDING
102250,C1050,Headphones,Electronics,5,2840.72,0,2026-07-22,Hyderabad,COD,COMPLETED
102251,C1996,Monitor,Electronics,4,13989.26,0,2026-05-02,Jaipur,Credit Card,CANCELLED
102252,C1256,Monitor,Electronics,4,14866.79,0,2026-03-14,Jaipur,Net Banking,CANCELLED
101929,C1397,Headphones,Electronics,2,3228.75,0,2026-06-21,Delhi,Debit Card,COMPLETED
102254,C1549,Headphones,Electronics,1,3115.44,0,2026-09-23,Chennai,Credit Card,PENDING
102255,C1559,Power Bank,Electronics,6,2417.63,20,2026-08-13,Delhi,Net Banking,COMPLETED
102256,C1895,Mechanical Keyboard,Electronics,2,7234.45,20,2026-09-21,Mumbai,COD,CANCELLED
102257,C1326,Tablet,Electronics,1,26643.16,10,2026-08-19,Kolkata,Net Banking,CANCELLED
102258,C1602,Mechanical Keyboard,Electronics,6,6766.47,5,2026-03-02,Jaipur,Net Banking,CANCELLED
102259,C1062,Smartphone,Electronics,4,32227.47,5,2026-09-23,Mumbai,UPI,COMPLETED
102260,C1782,Laptop,Electronics,4,60731.17,0,2026-03-29,Mumbai,Credit Card,CANCELLED
102261,C1357,Power Bank,Electronics,6,1975.08,5,2026-07-07,Kolkata,Debit Card,PENDING
102262,C1458,Monitor,Electronics,6,13942.09,10,2026-03-18,Bengaluru,COD,CANCELLED
102263,C1788,Headphones,Electronics,1,3433.53,0,2026-06-17,Kochi,Net Banking,SHIPPED
102264,C1773,Desk Lamp,Furniture,1,1627.61,10,2026-05-18,Delhi,Net Banking,PENDING
102265,C1623,Mechanical Keyboard,Electronics,3,7052.53,20,2026-01-09,Mumbai,Credit Card,COMPLETED
102266,C1871,Power Bank,Electronics,1,2497.92,15,2026-04-28,Ahmedabad,Net Banking,CANCELLED
102267,C1612,Office Chair,Furniture,5,13688.64,15,2026-03-08,Hyderabad,COD,COMPLETED
102268,C1866,Desk Lamp,Furniture,5,1625.7,0,2026-02-13,Hyderabad,Debit Card,SHIPPED
102269,C1641,Mechanical Keyboard,Electronics,5,6417.88,20,2026-01-19,Jaipur,UPI,COMPLETED
102270,C1945,Headphones,Electronics,2,3355.68,5,2026-08-18,Chennai,Net Banking,COMPLETED
102271,C1552,Headphones,Electronics,1,3390.51,5,2026-05-21,Chennai,UPI,PENDING
102272,C1065,Backpack,Accessories,4,2582.82,5,2026-07-16,Ahmedabad,Credit Card,PENDING
102273,C1588,Tablet,Electronics,5,27976.7,20,2026-03-20,Mumbai,Debit Card,PENDING
102274,C1590,Webcam,Electronics,4,5167.16,0,2026-09-30,Pune,COD,COMPLETED
102275,C1408,Headphones,Electronics,6,3112.68,0,2026-07-08,Kolkata,Debit Card,COMPLETED
102276,C1679,SSD 1TB,Electronics,4,6749.97,10,2026-06-19,Jaipur,COD,COMPLETED
102277,C1031,Monitor,Electronics,2,14008.19,10,2026-04-01,Pune,Debit Card,COMPLETED
102278,C1257,Headphones,Electronics,5,2903.86,10,2026-07-21,Delhi,Credit Card,COMPLETED
102279,C1846,Desk Lamp,Furniture,3,1449.13,0,2026-03-10,Ahmedabad,COD,COMPLETED
102280,C1808,Smartphone,Electronics,2,38846.07,0,2026-02-22,Pune,Net Banking,COMPLETED
102281,C1266,Keyboard,Electronics,6,2635.4,0,2026-04-06,Ahmedabad,Debit Card,CANCELLED
102282,C1954,Printer,Electronics,2,15738.61,0,2026-07-19,Mumbai,COD,COMPLETED
102283,C1413,Smartwatch,Electronics,2,9994.5,0,2026-06-25,Ahmedabad,COD,CANCELLED
102284,C1378,Monitor,Electronics,2,16622.03,10,2026-02-24,Ahmedabad,Net Banking,COMPLETED
102285,C1374,Laptop,Electronics,6,59813.38,0,2026-07-17,Ahmedabad,Debit Card,COMPLETED
102286,C1624,Power Bank,Electronics,4,2380.18,0,2026-05-14,Delhi,UPI,COMPLETED
102287,C1313,Desk Lamp,Furniture,1,1781.32,10,2026-02-08,Bengaluru,Net Banking,PENDING
102288,C1495,Headphones,Electronics,1,2729.23,20,2026-06-20,Kochi,Credit Card,COMPLETED
102289,C1812,Mouse,Electronics,1,881.26,0,2026-07-21,Hyderabad,UPI,COMPLETED
102290,C1300,Backpack,Accessories,1,2370.08,0,2026-04-14,Bengaluru,Credit Card,CANCELLED
102291,C1177,SSD 1TB,Electronics,5,7810.81,20,2026-08-03,Jaipur,COD,COMPLETED
102292,C1243,Tablet,Electronics,4,30953.1,0,2026-01-09,Kochi,Debit Card,COMPLETED
102293,C1713,Monitor,Electronics,3,17026.74,20,2026-02-14,Kolkata,Debit Card,COMPLETED
102294,C1467,Smartphone,Electronics,5,35306.73,0,2026-09-26,Jaipur,COD,COMPLETED
102295,C1619,USB Cable,Accessories,4,426.01,0,2026-03-08,Delhi,COD,PENDING
102296,C1571,SSD 1TB,Electronics,4,6291.86,0,2026-06-19,Ahmedabad,Net Banking,SHIPPED
102297,C1059,Power Bank,Electronics,5,2204.25,20,2026-08-19,Ahmedabad,Net Banking,COMPLETED
103245,C1780,Smartphone,Electronics,2,34002.36,10,2026-04-18,Ahmedabad,Debit Card,PENDING
102299,C1647,Power Bank,Electronics,6,2258.29,0,2026-06-12,Kochi,Debit Card,COMPLETED
102300,C1514,USB Cable,Accessories,3,568.7,0,2026-02-12,Chennai,Debit Card,COMPLETED
102301,C1139,Laptop,Electronics,1,51771.75,20,2026-06-07,Pune,Credit Card,PENDING
102302,C1662,Laptop Stand,Accessories,1,2047.57,0,2026-03-01,Pune,Debit Card,COMPLETED
102303,C1213,Laptop,Electronics,3,57118.74,0,2026-09-25,Delhi,Net Banking,PENDING
102304,C1755,Headphones,Electronics,6,2640.33,0,2026-05-26,Ahmedabad,COD,PENDING
102305,C1392,Smartphone,Electronics,5,36259.6,15,2026-09-09,Mumbai,Net Banking,CANCELLED
102306,C1959,Laptop Stand,Accessories,4,1772.46,15,2026-08-14,Hyderabad,Net Banking,COMPLETED
102307,C1764,Laptop,Electronics,2,57593.29,10,2026-03-27,Pune,Debit Card,COMPLETED
102308,C1972,Keyboard,Electronics,5,2288.83,20,2026-03-30,Ahmedabad,UPI,CANCELLED
102309,C1136,Webcam,Electronics,1,3995.5,10,2026-03-15,Kolkata,Debit Card,PENDING
102310,C1094,Mouse,Electronics,4,857.19,0,2026-09-24,Delhi,Net Banking,COMPLETED
102311,C1501,Headphones,Electronics,2,3195.79,5,2026-06-26,Kolkata,COD,COMPLETED
102312,C1785,Printer,Electronics,4,14078.46,0,2026-08-22,Mumbai,Credit Card,COMPLETED
102313,C1491,Backpack,Accessories,3,2320.26,0,2026-05-17,Jaipur,Credit Card,SHIPPED
102314,C1158,Smartwatch,Electronics,1,8528.67,10,2026-02-16,Ahmedabad,Net Banking,SHIPPED
102315,C1921,Mechanical Keyboard,Electronics,2,-1200,5,2026-01-28,Ahmedabad,Credit Card,CANCELLED
102316,C1450,Monitor,Electronics,6,14859.48,0,2026-08-23,Delhi,Credit Card,SHIPPED
102317,C1806,Webcam,Electronics,5,4709.78,0,2026-01-15,Pune,Credit Card,COMPLETED
102318,C1158,Smartwatch,Electronics,5,10106.03,0,2026-07-30,Mumbai,UPI,CANCELLED
102319,C1437,Power Bank,Electronics,6,2433.55,0,2026-06-05,Delhi,COD,PENDING
102320,C1147,Laptop Stand,Accessories,2,1705.56,0,2026-05-06,Kochi,COD,COMPLETED
102321,C1327,Mechanical Keyboard,Electronics,3,6045.22,0,2026-09-08,Jaipur,Net Banking,COMPLETED
102322,C1165,,Electronics,3,32344.92,0,2026-06-20,Hyderabad,Debit Card,PENDING
102323,C1830,Printer,Electronics,5,14905.06,0,2026-04-03,Jaipur,COD,PENDING
102324,C1449,Laptop,Electronics,-1,61278.78,5,2026-02-05,Mumbai,UPI,COMPLETED
102325,C1252,Desk Lamp,Furniture,4,1724.68,5,2026-02-27,Delhi,Net Banking,CANCELLED
102326,C1916,Power Bank,Electronics,2,2252.52,10,2026-09-23,Delhi,Credit Card,COMPLETED
102327,C1028,Monitor,Electronics,2,16319.55,5,2026-01-28,Ahmedabad,Credit Card,COMPLETED
103903,C1134,Mechanical Keyboard,Electronics,4,6628.43,20,2026-09-05,Mumbai,COD,SHIPPED
102329,C1884,Smartwatch,Electronics,4,8593.14,0,2026-07-10,Ahmedabad,Debit Card,COMPLETED
102330,C1242,Mechanical Keyboard,Electronics,4,7327.39,20,2026-01-21,Delhi,UPI,COMPLETED
102331,C1309,Laptop Stand,Accessories,4,1878.52,20,2026-06-14,Bengaluru,Net Banking,COMPLETED
102332,C1355,Headphones,Electronics,2,,10,2026-02-17,Kolkata,Credit Card,CANCELLED
102333,C1591,Headphones,Electronics,6,3397.64,15,2026-06-28,Kolkata,UPI,COMPLETED
102334,C1203,Printer,Electronics,3,14645.77,15,2026-15-45,Delhi,UPI,PENDING
102335,,Webcam,Electronics,1,4603.34,5,2026-02-12,Delhi,COD,SHIPPED
102336,C1095,Desk Lamp,Furniture,1,1429.69,0,2026-03-19,Mumbai,UPI,COMPLETED
102337,C1161,Monitor,Electronics,6,16907.94,5,2026-07-29,Jaipur,Credit Card,COMPLETED
102338,C1117,Desk Lamp,Furniture,6,1683.25,0,2026-02-27,Chennai,Net Banking,COMPLETED
102339,C1132,Headphones,Electronics,1,2658.86,15,2026-01-17,Jaipur,Credit Card,CANCELLED
102340,C1351,Router,Electronics,4,3615.11,0,2026-04-20,Kolkata,Debit Card,PENDING
102341,C1197,Tablet,Electronics,4,26633.43,10,2026-01-07,Mumbai,Net Banking,CANCELLED
102342,C1897,Desk,Furniture,5,15859.6,20,2026-05-25,Mumbai,UPI,COMPLETED
102343,C1291,Laptop,Electronics,5,63294.75,15,2026-09-26,Mumbai,Debit Card,COMPLETED
102344,C1590,Power Bank,Electronics,2,1969.08,0,2026-07-12,Mumbai,UPI,PENDING
102345,C1198,SSD 1TB,Electronics,3,7465.31,20,2026-02-03,Kolkata,Credit Card,CANCELLED
104472,C1045,Mechanical Keyboard,Electronics,2,6578.65,5,2026-06-03,Pune,COD,SHIPPED
102347,C1992,Backpack,Accessories,1,2231.41,0,2026-08-06,Pune,COD,COMPLETED
102348,C1552,SSD 1TB,Electronics,4,6594.58,0,2026-04-19,Kolkata,Debit Card,COMPLETED
102349,C1909,USB Cable,Accessories,1,446.13,5,2026-01-28,Chennai,UPI,COMPLETED
102350,C1628,Headphones,Electronics,4,2757.73,5,2026-05-23,Kolkata,Credit Card,PENDING
102351,C1634,Mouse,Electronics,4,852.52,0,2026-08-09,Chennai,COD,COMPLETED
102352,C1422,Laptop Stand,Accessories,2,1598.3,0,2026-09-29,Bengaluru,Debit Card,COMPLETED
102353,C1267,Headphones,Electronics,6,3118.56,0,2026-04-24,Hyderabad,UPI,COMPLETED
102354,C1060,Monitor,Electronics,1,15522.62,5,wrong_date,Kochi,Net Banking,COMPLETED
102355,C1433,Desk,Furniture,5,15650.36,5,2026-06-28,Pune,Debit Card,SHIPPED
102356,C1863,Headphones,Electronics,2,2776.15,20,2026-02-24,Mumbai,Debit Card,SHIPPED
102357,C1444,Laptop,Electronics,1,51794.22,0,2026-03-02,Ahmedabad,UPI,COMPLETED
103209,C1973,Office Chair,Furniture,3,11997.34,10,2026-07-24,Pune,Debit Card,COMPLETED
102359,C1282,Keyboard,Electronics,4,2246.41,10,not_available,Ahmedabad,UPI,PENDING
102360,,SSD 1TB,Electronics,4,6175.54,10,2026-01-16,Bengaluru,Debit Card,CANCELLED
102361,C1062,Backpack,Accessories,1,2271.61,0,2026-07-29,Jaipur,UPI,COMPLETED
102362,C1055,Backpack,Accessories,6,2296.89,0,2026-01-25,Hyderabad,Debit Card,PENDING
102363,C1976,Office Chair,Furniture,4,-50,20,2026-07-25,Mumbai,UPI,CANCELLED
102364,C1201,Laptop,Electronics,1,61172.36,0,2026-06-28,Ahmedabad,COD,CANCELLED
102365,C1363,Backpack,Accessories,4,2652.56,10,2026-05-10,Jaipur,UPI,COMPLETED
102366,C1123,Mechanical Keyboard,Electronics,1,6175.84,15,2026-04-13,Kochi,Net Banking,COMPLETED
102367,C1842,Backpack,Accessories,3,2753.75,5,2026-08-12,Mumbai,UPI,COMPLETED
102368,C1599,Keyboard,Electronics,5,2305.41,0,2026-09-01,Kolkata,UPI,COMPLETED
102369,C1272,Smartphone,Electronics,0,34218.42,0,2026-06-19,Kochi,UPI,COMPLETED
102370,C1814,,Electronics,1,14761.19,5,2026-08-28,Bengaluru,Debit Card,COMPLETED
102371,C1020,Office Chair,Furniture,5,11049.43,20,2026-15-45,Kochi,Debit Card,PENDING
102372,C1003,Power Bank,Electronics,2,2310.69,15,2026-02-03,Pune,Credit Card,COMPLETED
102373,C1261,Desk Lamp,Furniture,5,1600.88,20,2026-06-02,Kochi,Net Banking,SHIPPED
102374,C1802,Desk Lamp,Furniture,5,1835.05,15,2026-04-25,Bengaluru,Credit Card,SHIPPED
102375,C1604,Backpack,Accessories,6,2215.21,5,2026-07-15,Kochi,COD,CANCELLED
102376,C1299,Monitor,Electronics,4,16836.34,0,2026-03-18,Delhi,Net Banking,COMPLETED
102377,C1975,Mouse,Electronics,4,795.17,0,2026-05-08,Delhi,Credit Card,COMPLETED
102378,C1447,Headphones,Electronics,2,3213.27,10,2026-05-29,Kochi,COD,COMPLETED
102379,C1625,Backpack,Accessories,1,2175.25,20,2026-05-16,Mumbai,Net Banking,CANCELLED
102380,C1142,Laptop,Electronics,2,59410.83,10,2026-08-24,Ahmedabad,Credit Card,COMPLETED
102381,C1091,Tablet,Electronics,1,30864.63,15,2026-01-15,Hyderabad,UPI,PENDING
102382,C1966,Keyboard,Electronics,2,2402.03,15,2026-09-20,Kochi,COD,PENDING
102383,C1459,USB Cable,Accessories,1,437.53,5,2026-01-12,Ahmedabad,COD,CANCELLED
102384,C1601,Desk,Furniture,6,18044.37,20,2026-02-06,Ahmedabad,Net Banking,COMPLETED
102385,C1311,Mechanical Keyboard,Electronics,2,5838.4,0,2026-08-20,Pune,COD,PENDING
102386,C1755,Laptop Stand,Accessories,5,2060.74,10,2026-07-11,Jaipur,UPI,PENDING
102387,C1176,Mouse,Electronics,1,742.28,0,2026-08-03,Jaipur,Debit Card,SHIPPED
102388,C1682,Keyboard,Electronics,2,2756.59,5,2026-02-13,Hyderabad,COD,SHIPPED
101185,C1778,Monitor,Electronics,1,13024.75,20,2026-01-04,Kochi,UPI,COMPLETED
102390,C1433,Mechanical Keyboard,Electronics,5,5818.35,15,2026-07-20,Kochi,Net Banking,CANCELLED
102391,C1650,Mouse,Electronics,3,690.35,0,2026-04-28,Bengaluru,Debit Card,COMPLETED
102392,C1809,Smartwatch,Electronics,4,7953.73,5,2026-01-23,Jaipur,COD,CANCELLED
102393,C1254,Headphones,Electronics,4,2805.71,20,2026-04-25,Pune,Net Banking,COMPLETED
102394,C1109,Backpack,Accessories,5,2723.4,20,2026-07-23,Mumbai,Debit Card,CANCELLED
102395,C1046,Desk Lamp,Furniture,4,1696.97,0,2026-07-12,Chennai,COD,COMPLETED
102396,C1737,Office Chair,Furniture,5,11745.51,0,2026-08-20,Ahmedabad,Debit Card,COMPLETED
102397,C1066,Backpack,Accessories,1,2239.71,0,2026-02-22,Chennai,Credit Card,COMPLETED
102398,C1955,SSD 1TB,Electronics,5,,20,2026-07-28,Hyderabad,COD,PENDING
102399,C1128,Laptop,Electronics,5,68417.9,20,2026-04-24,Hyderabad,COD,SHIPPED
102400,C1545,Router,Electronics,2,3309.52,5,2026-03-12,Hyderabad,Net Banking,SHIPPED
102401,C1154,Router,Electronics,4,3297.86,0,2026-08-06,Kolkata,COD,COMPLETED
102402,C1091,Desk,Furniture,1,16458.04,20,2026-02-27,Kochi,Credit Card,COMPLETED
102403,C1677,Desk Lamp,Furniture,6,1751.13,20,2026-04-15,Chennai,UPI,COMPLETED
102404,C1218,Printer,Electronics,6,13612.06,0,2026-06-24,Mumbai,Credit Card,COMPLETED
102405,C1940,Office Chair,Furniture,3,12202.66,0,2026-07-25,Pune,UPI,COMPLETED
102406,C1368,Office Chair,Furniture,3,11984.13,0,2026-03-05,Kochi,UPI,SHIPPED
102407,C1325,Mouse,Electronics,2,847.28,0,2026-01-15,Kochi,Net Banking,SHIPPED
102408,C1865,Keyboard,Electronics,4,2691.7,5,2026-02-03,Ahmedabad,Credit Card,CANCELLED
102409,C1264,Desk Lamp,Furniture,5,1635.15,10,2026-01-22,Ahmedabad,COD,CANCELLED
102410,C1002,Smartphone,Electronics,4,38499.94,0,2026-02-19,Hyderabad,UPI,SHIPPED
102411,C1277,Tablet,Electronics,5,30921.44,0,2026-04-26,Pune,COD,COMPLETED
102412,C1941,Smartphone,Electronics,6,33703.58,0,2026-08-05,Kochi,COD,PENDING
102413,C1824,Laptop Stand,Accessories,6,2056.64,5,2026-08-14,Hyderabad,COD,SHIPPED
102414,C1580,Desk,Furniture,6,20119.63,0,not_available,Pune,COD,COMPLETED
102415,C1321,Mouse,Electronics,1,709.79,0,2026-04-03,Kolkata,Net Banking,COMPLETED
102416,C1252,Smartphone,Electronics,6,30217.13,0,2026-02-06,Jaipur,UPI,SHIPPED
102417,,Mouse,Electronics,2,879.81,10,2026-07-22,Delhi,Net Banking,COMPLETED
102418,C1254,Tablet,Electronics,6,29240.0,0,2026-15-45,Kochi,Debit Card,COMPLETED
102419,C1381,Desk Lamp,Furniture,1,1541.91,0,2026-01-26,Kolkata,COD,CANCELLED
102420,C1666,Smartwatch,Electronics,3,9828.88,0,2026-09-29,Kochi,Debit Card,COMPLETED
102421,C1048,Desk,Furniture,-1,20692.66,15,2026-05-21,Ahmedabad,COD,SHIPPED
102422,C1441,Printer,Electronics,4,12110.01,20,2026-08-12,Hyderabad,Credit Card,COMPLETED
102423,C1839,Desk,Furniture,3,17587.39,0,2026-09-08,Jaipur,Debit Card,PENDING
102424,C1913,Laptop,Electronics,5,59111.18,0,2026-06-13,Delhi,Credit Card,PENDING
102425,C1824,Desk Lamp,Furniture,1,1564.07,0,2026-07-09,Hyderabad,Net Banking,SHIPPED
102426,C1802,USB Cable,Accessories,6,452.65,5,2026-06-22,Hyderabad,UPI,COMPLETED
102427,C1406,Power Bank,Electronics,5,2271.44,0,2026-01-28,Kolkata,Net Banking,COMPLETED
102428,C1876,Headphones,Electronics,1,2707.42,0,2026-04-03,Jaipur,Net Banking,SHIPPED
102429,C1710,Printer,Electronics,3,13585.19,20,2026-06-11,Kochi,UPI,SHIPPED
102430,C1028,Monitor,Electronics,1,13545.95,15,2026-02-21,Bengaluru,Debit Card,PENDING
102431,C1834,Office Chair,Furniture,5,13068.78,15,2026-07-18,Kolkata,UPI,PENDING
102432,C1015,Monitor,Electronics,4,15399.64,5,2026-09-04,Jaipur,COD,COMPLETED
102433,C1200,Keyboard,Electronics,2,2558.38,0,2026-08-16,Kolkata,Debit Card,SHIPPED
102434,C1138,Tablet,Electronics,3,30963.03,15,2026-08-06,Bengaluru,Credit Card,CANCELLED
102435,C1113,Headphones,Electronics,1,2733.5,0,2026-04-28,Jaipur,Debit Card,COMPLETED
102436,C1440,SSD 1TB,Electronics,6,7186.36,5,2026-09-30,Kolkata,Net Banking,PENDING
102437,C1358,Headphones,Electronics,3,3435.06,10,2026-03-31,Hyderabad,Credit Card,COMPLETED
102438,C1687,Mechanical Keyboard,Electronics,6,6989.8,10,2026-06-16,Hyderabad,Debit Card,COMPLETED
102439,C1048,Mouse,Electronics,6,906.7,-10,2026-06-06,Pune,Debit Card,CANCELLED
102440,C1478,Power Bank,Electronics,6,1966.12,0,2026-02-09,Bengaluru,Credit Card,COMPLETED
102441,C1157,Backpack,Accessories,3,2702.31,10,2026-09-09,Kochi,UPI,SHIPPED
102442,C1448,Smartphone,Electronics,2,32300.41,0,2026-03-27,Jaipur,Credit Card,COMPLETED
102443,C1196,Mechanical Keyboard,Electronics,5,6265.04,0,2026-02-07,Jaipur,Debit Card,CANCELLED
103352,C1124,Webcam,Electronics,3,4502.62,15,2026-06-18,Hyderabad,COD,COMPLETED
102445,C1336,Webcam,Electronics,1,4346.93,20,2026-04-28,Pune,COD,PENDING
102446,C1849,USB Cable,Accessories,3,518.62,0,2026-06-19,Delhi,Debit Card,COMPLETED
102447,C1036,Monitor,Electronics,5,13061.06,20,2026-07-22,Jaipur,Net Banking,PENDING
102448,C1293,Router,Electronics,1,3528.86,0,2026-03-30,Hyderabad,Debit Card,COMPLETED
102449,C1938,SSD 1TB,Electronics,3,6499.96,0,2026-09-30,Delhi,COD,COMPLETED
102450,C1704,Keyboard,Electronics,4,2577.08,0,2026-08-19,Ahmedabad,UPI,COMPLETED
102451,C1657,Power Bank,Electronics,2,-50,0,2026-03-17,Ahmedabad,Net Banking,PENDING
102452,C1524,Office Chair,Furniture,5,12847.23,20,2026-08-06,Kochi,COD,PENDING
102453,C1795,USB Cable,Accessories,6,514.83,0,2026-06-11,Jaipur,COD,CANCELLED
102454,C1136,Printer,Electronics,1,13051.81,5,2026-03-12,Hyderabad,Net Banking,COMPLETED
102455,C1037,Keyboard,Electronics,6,2864.87,10,2026-07-15,Hyderabad,Credit Card,COMPLETED
102456,C1135,Webcam,Electronics,5,4700.74,10,2026-08-19,Mumbai,COD,COMPLETED
102457,C1243,Smartwatch,Electronics,1,8057.56,0,2026-09-13,Kolkata,Net Banking,COMPLETED
102458,C1966,Smartwatch,Electronics,2,10305.19,10,2026-09-21,Kolkata,COD,PENDING
102459,C1946,Webcam,Electronics,2,4021.7,0,2026-03-01,Kolkata,Credit Card,COMPLETED
102460,C1179,Laptop,Electronics,1,52134.55,10,2026-07-17,Jaipur,Net Banking,SHIPPED
102461,C1117,Mouse,Electronics,1,801.9,15,2026-09-04,Chennai,UPI,COMPLETED
102462,C1560,Keyboard,Electronics,3,2267.01,5,2026-02-17,Hyderabad,UPI,CANCELLED
102463,C1240,Mechanical Keyboard,Electronics,3,7335.68,15,2026-05-05,Bengaluru,COD,PENDING
102464,C1773,Mouse,Electronics,4,746.33,20,2026-03-12,Delhi,Debit Card,COMPLETED
102465,C1418,Smartwatch,Electronics,3,9896.56,20,2026-02-20,Kolkata,UPI,COMPLETED
102466,C1750,Laptop,Electronics,4,66035.42,5,2026-04-04,Kolkata,Debit Card,COMPLETED
102467,C1966,Power Bank,Electronics,6,2258.3,5,2026-02-08,Pune,UPI,CANCELLED
102468,C1047,Tablet,Electronics,4,31968.53,15,2026-07-19,Chennai,Debit Card,COMPLETED
102469,C1075,Laptop,Electronics,6,58073.77,0,2026-06-03,Bengaluru,UPI,CANCELLED
102470,C1860,Laptop Stand,Accessories,3,1530.86,5,2026-06-15,Bengaluru,Net Banking,PENDING
102471,C1837,Smartwatch,Electronics,3,9735.55,5,2026-01-22,Ahmedabad,COD,COMPLETED
102472,C1376,Mechanical Keyboard,Electronics,2,6363.3,10,2026-04-14,Hyderabad,COD,COMPLETED
102473,C1386,Mechanical Keyboard,Electronics,6,6631.56,10,2026-07-27,Mumbai,Net Banking,PENDING
102474,C1470,Laptop,Electronics,5,55213.44,5,2026-09-24,Kochi,UPI,SHIPPED
102475,C1541,Printer,Electronics,5,12205.12,0,2026-07-09,Kochi,Net Banking,COMPLETED
102476,C1371,Backpack,Accessories,1,2552.01,5,2026-01-12,Kochi,Credit Card,COMPLETED
102477,C1022,Keyboard,Electronics,2,2448.71,15,2026-07-03,Jaipur,COD,PENDING
102478,C1572,Headphones,Electronics,4,2563.22,0,2026-01-03,Kochi,Debit Card,COMPLETED
102479,,Keyboard,Electronics,4,2395.91,10,2026-06-10,Bengaluru,Net Banking,SHIPPED
102480,C1467,Desk,Furniture,6,15787.15,15,wrong_date,Jaipur,Debit Card,SHIPPED
102481,C1616,Headphones,Electronics,1,2636.91,15,2026-03-16,Hyderabad,UPI,PENDING
102482,C1729,Smartwatch,Electronics,4,10187.91,5,2026-05-17,Mumbai,Credit Card,COMPLETED
102483,C1617,Printer,Electronics,3,14051.35,0,2026-08-19,Kolkata,Debit Card,CANCELLED
102484,C1748,SSD 1TB,Electronics,3,7874.12,0,2026-06-27,Hyderabad,Debit Card,SHIPPED
102485,C1853,Mouse,Electronics,3,784.43,10,2026-03-06,Kolkata,COD,COMPLETED
102486,C1129,SSD 1TB,Electronics,4,7694.06,15,2026-01-10,Kolkata,UPI,CANCELLED
102487,C1408,Laptop Stand,Accessories,6,2015.18,5,2026-05-21,Kolkata,Net Banking,COMPLETED
102488,C1216,USB Cable,Accessories,3,552.14,5,2026-04-01,Ahmedabad,Credit Card,PENDING
102489,C1625,Power Bank,Electronics,6,2454.42,0,2026-01-03,Kolkata,UPI,SHIPPED
102490,C1532,Router,Electronics,2,2874.48,0,2026-08-20,Delhi,UPI,COMPLETED
102491,C1429,Keyboard,Electronics,4,2831.2,10,2026-07-11,Kolkata,Net Banking,COMPLETED
102492,C1060,SSD 1TB,Electronics,5,7297.11,20,2026-01-31,Bengaluru,UPI,PENDING
102493,C1380,Laptop,Electronics,5,54204.0,5,2026-02-25,Bengaluru,Debit Card,COMPLETED
102494,C1437,Keyboard,Electronics,6,2785.08,15,2026-07-05,Delhi,Net Banking,COMPLETED
101875,C1926,Printer,Electronics,4,13531.27,15,2026-05-19,Chennai,Debit Card,COMPLETED
102496,C1321,Laptop,Electronics,1,68225.66,0,wrong_date,Ahmedabad,COD,COMPLETED
102497,C1575,Power Bank,Electronics,6,2063.4,20,2026-03-14,Kochi,COD,SHIPPED
102498,C1423,Smartwatch,Electronics,5,9197.33,20,2026-15-45,Pune,Credit Card,PENDING
102499,C1263,Office Chair,Furniture,4,12957.57,5,2026-02-15,Kochi,COD,COMPLETED
102500,C1485,Webcam,Electronics,3,4919.76,0,2026-04-20,Bengaluru,UPI,COMPLETED
102501,C1340,Mouse,Electronics,2,-1200,10,2026-07-26,Delhi,Credit Card,COMPLETED
102502,C1479,Desk,Furniture,2,20542.43,20,2026-07-04,Jaipur,Debit Card,PENDING
102503,C1782,Laptop Stand,Accessories,3,2000.53,0,2026-08-04,Ahmedabad,UPI,SHIPPED
102504,C1882,Office Chair,Furniture,5,11767.52,15,2026-08-08,Jaipur,Credit Card,PENDING
102505,C1561,Laptop Stand,Accessories,6,2068.09,0,2026-09-15,Delhi,COD,COMPLETED
102506,C1990,Headphones,Electronics,3,3270.18,5,2026-06-02,Chennai,Credit Card,PENDING
102507,C1048,Power Bank,Electronics,3,1905.03,20,2026-08-16,Hyderabad,UPI,SHIPPED
102508,C1368,Backpack,Accessories,-2,2376.67,0,2026-07-06,Chennai,Credit Card,COMPLETED
102509,C1578,Headphones,Electronics,6,3292.19,10,2026-01-18,Ahmedabad,Debit Card,COMPLETED
102510,C1109,Mouse,Electronics,4,830.95,0,2026-01-15,Kochi,UPI,COMPLETED
102511,C1102,Keyboard,Electronics,1,2472.02,10,2026-07-18,Bengaluru,COD,CANCELLED
102512,C1019,USB Cable,Accessories,3,545.82,15,not_available,Chennai,UPI,CANCELLED
102513,C1719,Headphones,Electronics,2,3120.46,5,2026-07-09,Delhi,Debit Card,COMPLETED
102514,C1715,Keyboard,Electronics,6,2257.84,0,2026-02-12,Mumbai,Credit Card,SHIPPED
102515,C1922,Power Bank,Electronics,5,2105.85,0,2026-01-06,Mumbai,Net Banking,CANCELLED
102516,C1941,Mouse,Electronics,1,756.68,0,2026-04-20,Mumbai,Debit Card,CANCELLED
102517,C1702,Smartwatch,Electronics,3,8838.42,10,2026-06-23,Kolkata,Net Banking,COMPLETED
102518,C1044,Printer,Electronics,1,15112.94,15,2026-04-08,Mumbai,Net Banking,PENDING
102519,C1563,Mouse,Electronics,3,849.99,10,2026-07-07,Kolkata,Credit Card,CANCELLED
102520,C1769,Keyboard,Electronics,1,2132.29,5,2026-05-28,Kochi,Credit Card,COMPLETED
102521,C1791,Laptop,Electronics,2,63420.53,10,2026-03-02,Kolkata,Debit Card,COMPLETED
102522,C1129,Mouse,Electronics,2,782.82,10,2026-05-26,Bengaluru,UPI,PENDING
102523,C1307,Desk Lamp,Furniture,1,1818.6,15,2026-06-22,Kochi,COD,COMPLETED
102524,C1982,Mechanical Keyboard,Electronics,3,6199.91,20,2026-05-05,Pune,COD,COMPLETED
102525,C1150,Mouse,Electronics,3,-500,0,2026-01-31,Chennai,Net Banking,PENDING
102526,C1963,Smartwatch,Electronics,1,9389.14,5,2026-08-08,Ahmedabad,UPI,COMPLETED
102527,C1559,Smartphone,Electronics,6,34361.94,0,2026-01-23,Delhi,Net Banking,PENDING
102528,C1273,USB Cable,Accessories,6,558.46,0,2026-04-10,Kochi,Debit Card,COMPLETED
102529,C1594,SSD 1TB,Electronics,2,5993.07,5,2026-09-09,Jaipur,Net Banking,COMPLETED
102530,C1342,Power Bank,Electronics,-5,2013.86,15,2026-06-28,Kolkata,UPI,SHIPPED
102531,C1217,Smartphone,Electronics,3,32428.59,5,2026-04-05,Hyderabad,UPI,SHIPPED
102532,C1550,Office Chair,Furniture,2,12295.61,15,2026-04-06,Kochi,Credit Card,COMPLETED
102533,C1808,Laptop Stand,Accessories,3,1708.76,0,2026-02-05,Kolkata,UPI,PENDING
102534,C1040,Tablet,Electronics,6,24189.72,0,2026-01-03,Ahmedabad,COD,SHIPPED
102535,C1522,Office Chair,Furniture,2,10250.2,0,2026-02-15,Chennai,Net Banking,SHIPPED
102536,C1225,USB Cable,Accessories,5,564.13,0,2026-06-21,Jaipur,Debit Card,PENDING
102537,C1569,Mechanical Keyboard,Electronics,4,6155.39,10,2026-04-06,Bengaluru,Credit Card,PENDING
102538,C1754,Smartwatch,Electronics,4,8491.55,5,2026-01-24,Delhi,Credit Card,SHIPPED
102539,C1687,Headphones,Electronics,-5,3346.27,0,2026-08-23,Pune,Debit Card,PENDING
102151,C1442,USB Cable,Accessories,6,434.49,0,2026-08-31,Chennai,UPI,COMPLETED
102541,C1929,Backpack,Accessories,1,2193.13,0,2026-03-24,Delhi,COD,COMPLETED
102542,C1185,Webcam,Electronics,4,4770.57,0,2026-02-20,Kochi,Credit Card,COMPLETED
102543,C1361,Router,Electronics,1,3221.36,5,2026-01-03,Pune,COD,COMPLETED
102544,C1444,Monitor,Electronics,1,15014.1,0,2026-10-02,Pune,Debit Card,PENDING
102545,C1563,Keyboard,Electronics,6,2566.41,0,2026-08-26,Jaipur,Credit Card,CANCELLED
102546,C1707,Monitor,Electronics,4,15252.06,0,2026-01-26,Pune,Credit Card,SHIPPED
102547,C1547,Desk Lamp,Furniture,2,1392.24,5,2026-03-21,Ahmedabad,COD,SHIPPED
102548,C1920,Headphones,Electronics,-5,2798.5,0,2026-01-28,Bengaluru,COD,COMPLETED
102549,C1172,Printer,Electronics,2,11905.12,0,2026-04-20,Kochi,Debit Card,PENDING
102550,C1130,Laptop Stand,Accessories,2,1887.74,0,2026-01-31,Hyderabad,UPI,COMPLETED
102551,C1285,Printer,Electronics,3,14650.3,15,2026-03-09,Ahmedabad,UPI,COMPLETED
102552,C1431,SSD 1TB,Electronics,5,7215.13,0,2026-01-06,Mumbai,UPI,COMPLETED
102553,C1036,Webcam,Electronics,1,,15,2026-03-18,Delhi,Credit Card,COMPLETED
102554,C1734,Backpack,Accessories,4,2394.38,0,2026-02-22,Delhi,Debit Card,CANCELLED
102555,C1198,Mouse,Electronics,2,800.8,5,2026-06-21,Kolkata,Net Banking,COMPLETED
102556,C1405,Webcam,Electronics,1,4745.95,20,2026-01-30,Pune,COD,COMPLETED
102557,C1957,Backpack,Accessories,4,2469.7,5,2026-02-19,Kochi,COD,COMPLETED
102558,C1135,Keyboard,Electronics,6,2142.19,0,2026-02-15,Chennai,UPI,SHIPPED
102559,C1305,Smartphone,Electronics,5,30179.2,0,2026-09-29,Delhi,UPI,COMPLETED
102560,C1269,Laptop Stand,Accessories,6,1822.25,0,2026-02-04,Kochi,Net Banking,SHIPPED
102561,C1166,USB Cable,Accessories,5,437.17,20,2026-04-14,Bengaluru,Net Banking,SHIPPED
102562,C1014,Router,Electronics,1,3072.22,10,2026-07-08,Chennai,Net Banking,SHIPPED
102563,C1976,Mouse,Electronics,4,736.13,5,2026-03-20,Bengaluru,COD,PENDING
102564,C1823,Smartphone,Electronics,3,33547.54,0,2026-05-27,Hyderabad,Debit Card,CANCELLED
102565,C1037,Backpack,Accessories,4,2418.64,0,2026-06-06,Kochi,Credit Card,CANCELLED
102566,C1230,Smartwatch,Electronics,4,8578.23,0,2026-07-12,Mumbai,Net Banking,COMPLETED
102567,C1132,Headphones,Electronics,4,2671.22,20,2026-03-02,Bengaluru,Debit Card,COMPLETED
102568,C1261,Webcam,Electronics,4,4723.38,20,2026-06-25,Ahmedabad,Debit Card,COMPLETED
102569,C1689,USB Cable,Accessories,1,526.88,20,2026-09-20,Kolkata,COD,CANCELLED
102570,C1504,Desk Lamp,Furniture,6,1656.5,15,2026-07-28,Mumbai,Credit Card,CANCELLED
102571,C1318,Keyboard,Electronics,6,2575.59,15,2026-07-14,Hyderabad,Credit Card,COMPLETED
102572,C1573,,Electronics,2,2455.66,15,2026-05-25,Jaipur,Credit Card,COMPLETED
102573,C1682,Mouse,Electronics,3,807.59,0,2026-05-06,Hyderabad,Credit Card,COMPLETED
102574,C1828,Laptop Stand,Accessories,1,1572.49,20,2026-07-07,Ahmedabad,Net Banking,SHIPPED
102575,C1028,SSD 1TB,Electronics,6,6510.86,20,2026-08-28,Chennai,COD,CANCELLED
102576,C1275,Printer,Electronics,3,15243.48,5,2026-05-18,Pune,Credit Card,COMPLETED
102577,C1990,Laptop Stand,Accessories,4,1730.19,5,2026-05-19,Chennai,Net Banking,CANCELLED
102578,C1608,Router,Electronics,4,3643.78,0,2026-08-09,Delhi,Debit Card,COMPLETED
102579,C1080,Headphones,Electronics,3,2807.0,0,2026-10-02,Kolkata,COD,COMPLETED
102580,C1947,Desk Lamp,Furniture,3,1603.86,20,2026-06-24,Mumbai,Net Banking,PENDING
102581,C1146,Power Bank,Electronics,3,2249.97,5,2026-06-04,Jaipur,Credit Card,COMPLETED
102582,C1873,Laptop Stand,Accessories,1,1774.73,0,2026-03-11,Delhi,Debit Card,CANCELLED
102583,C1602,Monitor,Electronics,3,13567.17,0,2026-05-27,Kolkata,Debit Card,CANCELLED
102584,C1557,Smartwatch,Electronics,2,8319.09,0,2026-08-01,Bengaluru,Debit Card,COMPLETED
101973,C1187,Laptop Stand,Accessories,3,1997.41,10,2026-09-10,Delhi,Net Banking,CANCELLED
102586,,Backpack,Accessories,2,2203.19,15,2026-01-10,Kolkata,COD,CANCELLED
102587,C1702,Monitor,Electronics,4,16980.66,20,2026-07-02,Mumbai,Credit Card,COMPLETED
102588,C1081,SSD 1TB,Electronics,6,7102.86,0,2026-05-24,Pune,Credit Card,COMPLETED
102589,C1371,Office Chair,Furniture,6,13426.54,5,2026-09-16,Jaipur,Debit Card,COMPLETED
102590,C1864,Printer,Electronics,1,12372.2,0,2026-03-25,Kolkata,COD,SHIPPED
102591,C1815,Power Bank,Electronics,6,2411.43,0,2026-08-16,Jaipur,Net Banking,COMPLETED
102592,C1591,Tablet,Electronics,4,29528.54,5,2026-04-07,Delhi,Net Banking,COMPLETED
102593,C1114,Office Chair,Furniture,1,12524.54,0,2026-07-02,Mumbai,Net Banking,PENDING
102594,C1064,Laptop,Electronics,3,56858.71,10,2026-01-24,Kolkata,UPI,COMPLETED
102595,C1495,Headphones,Electronics,6,2665.22,0,2026-04-06,Pune,Net Banking,CANCELLED
102596,C1867,Webcam,Electronics,1,4399.32,10,2026-06-04,Delhi,COD,CANCELLED
102597,C1810,Monitor,Electronics,2,16183.79,10,2026-02-14,Jaipur,Credit Card,COMPLETED
102598,C1203,Monitor,Electronics,2,14451.38,0,2026-06-29,Mumbai,COD,SHIPPED
102599,C1180,Laptop,Electronics,5,62607.76,10,2026-09-06,Delhi,Debit Card,COMPLETED
102600,C1736,SSD 1TB,Electronics,5,6689.72,20,2026-04-20,Delhi,Credit Card,COMPLETED
102601,C1154,Backpack,Accessories,2,2649.48,0,2026-09-25,Kochi,COD,COMPLETED
102602,C1001,Desk,Furniture,3,19905.47,15,2026-04-24,Pune,Credit Card,COMPLETED
102603,C1232,Tablet,Electronics,4,24531.7,0,2026-01-18,Jaipur,Net Banking,COMPLETED
102604,C1929,Mouse,Electronics,5,914.27,0,2026-09-19,Mumbai,Net Banking,PENDING
102605,C1509,Monitor,Electronics,5,16381.17,20,2026-04-13,Chennai,UPI,COMPLETED
102606,C1014,Printer,Electronics,1,12555.08,0,2026-07-01,Ahmedabad,Credit Card,PENDING
102607,C1694,Mechanical Keyboard,Electronics,6,7400.72,15,2026-02-15,Jaipur,Net Banking,CANCELLED
102608,C1780,Office Chair,Furniture,5,13294.31,20,2026-07-26,Jaipur,Credit Card,COMPLETED
102609,C1453,Office Chair,Furniture,2,10722.53,0,2026-03-20,Mumbai,Credit Card,CANCELLED
102610,C1520,Laptop,Electronics,6,52910.35,10,2026-05-30,Hyderabad,Credit Card,COMPLETED
102611,C1573,Smartwatch,Electronics,2,9586.86,15,2026-04-05,Mumbai,Debit Card,SHIPPED
102612,C1058,Smartphone,Electronics,2,38371.06,10,2026-06-22,Delhi,Debit Card,CANCELLED
102613,C1050,Smartphone,Electronics,2,38497.72,15,2026-09-03,Delhi,UPI,CANCELLED
102614,C1117,Mechanical Keyboard,Electronics,1,6054.53,15,2026-09-09,Hyderabad,UPI,COMPLETED
102615,C1006,Printer,Electronics,6,13224.07,20,2026-06-06,Bengaluru,COD,COMPLETED
102616,C1152,Laptop,Electronics,6,52291.27,20,2026-07-17,Mumbai,Net Banking,CANCELLED
102617,C1058,Router,Electronics,3,3357.41,0,2026-08-31,Pune,Net Banking,COMPLETED
102618,C1321,Office Chair,Furniture,4,10362.12,0,2026-05-09,Kochi,UPI,COMPLETED
102619,C1959,Keyboard,Electronics,3,2189.86,15,2026-05-18,Bengaluru,UPI,PENDING
102620,C1784,Power Bank,Electronics,3,2152.66,0,2026-02-16,Kochi,Net Banking,PENDING
102621,C1216,Smartwatch,Electronics,3,8867.32,5,2026-07-03,Mumbai,UPI,SHIPPED
102622,C1822,Laptop,Electronics,2,51326.88,0,31/31/2026,Mumbai,UPI,COMPLETED
102623,C1637,Printer,Electronics,1,12471.01,15,2026-02-15,Mumbai,Debit Card,COMPLETED
102624,C1963,Webcam,Electronics,5,4153.93,15,2026-08-09,Kochi,Net Banking,SHIPPED
102625,C1544,Smartwatch,Electronics,6,8875.54,0,2026-09-25,Jaipur,Credit Card,COMPLETED
102626,C1168,Tablet,Electronics,4,31302.85,0,2026-02-10,Kochi,Credit Card,COMPLETED
102627,C1448,Smartphone,Electronics,6,37778.73,5,2026-06-23,Kochi,COD,PENDING
102628,C1636,Printer,Electronics,6,14187.73,0,2026-05-02,Delhi,COD,CANCELLED
102629,C1709,Desk,Furniture,2,15922.56,0,2026-07-15,Pune,Debit Card,COMPLETED
102630,C1031,Router,Electronics,6,3416.08,10,2026-06-21,Mumbai,Credit Card,COMPLETED
102631,C1148,Mouse,Electronics,2,709.05,0,2026-06-30,Kolkata,Debit Card,SHIPPED
102632,C1826,Smartphone,Electronics,3,40178.47,10,2026-08-22,Hyderabad,Net Banking,COMPLETED
102578,C1608,Router,Electronics,4,3643.78,0,2026-08-09,Delhi,Debit Card,COMPLETED
102634,C1557,Tablet,Electronics,4,27167.68,10,2026-08-18,Kochi,Net Banking,COMPLETED
102635,C1906,Keyboard,Electronics,4,2737.16,5,2026-06-27,Chennai,UPI,COMPLETED
102636,C1878,Power Bank,Electronics,1,1885.22,0,2026-06-30,Pune,Credit Card,SHIPPED
102637,C1203,Mouse,Electronics,5,857.39,0,2026-08-07,Kochi,Credit Card,SHIPPED
102638,C1451,Keyboard,Electronics,1,2787.05,10,2026-07-03,Mumbai,COD,CANCELLED
102639,C1389,Laptop Stand,Accessories,3,1641.18,15,2026-07-09,Kochi,Net Banking,CANCELLED
102640,C1008,Headphones,Electronics,3,2864.79,0,2026-09-28,Mumbai,Net Banking,SHIPPED
102641,C1690,Webcam,Electronics,4,4229.61,0,2026-06-10,Kochi,Debit Card,PENDING
102642,C1635,Mechanical Keyboard,Electronics,5,,10,2026-07-21,Pune,Debit Card,SHIPPED
102643,C1673,Tablet,Electronics,2,26307.71,0,2026-05-15,Hyderabad,Credit Card,COMPLETED
102644,C1726,Office Chair,Furniture,1,13050.15,0,2026-03-04,Chennai,COD,PENDING
102645,C1603,Laptop Stand,Accessories,5,1660.93,15,2026-05-13,Hyderabad,COD,SHIPPED
102646,,Laptop Stand,Accessories,5,2005.7,5,2026-05-16,Kolkata,COD,CANCELLED
102647,C1856,Mechanical Keyboard,Electronics,2,-50,0,2026-06-18,Ahmedabad,Net Banking,COMPLETED
102648,C1619,Printer,Electronics,6,15827.75,10,2026-09-30,Ahmedabad,COD,COMPLETED
102649,C1102,Laptop Stand,Accessories,2,1585.95,0,2026-08-17,Mumbai,UPI,CANCELLED
102650,C1177,Monitor,Electronics,4,16177.58,5,2026-06-17,Hyderabad,COD,COMPLETED
102651,,Desk,Furniture,6,19132.68,5,2026-07-09,Pune,Net Banking,PENDING
102652,C1135,USB Cable,Accessories,1,461.67,0,2026-06-04,Hyderabad,COD,SHIPPED
102653,C1868,Desk,Furniture,4,20316.06,0,2026-04-25,Kochi,UPI,COMPLETED
102654,C1144,SSD 1TB,Electronics,1,6236.36,0,2026-04-15,Jaipur,Debit Card,SHIPPED
102655,C1885,SSD 1TB,Electronics,5,7434.66,5,2026-04-08,Pune,COD,COMPLETED
102656,C1643,Printer,Electronics,1,14232.58,5,2026-02-10,Kochi,COD,COMPLETED
102657,C1967,Keyboard,Electronics,3,2654.36,10,2026-06-02,Delhi,Debit Card,CANCELLED
102658,C1335,Smartphone,Electronics,0,32073.52,0,2026-04-25,Ahmedabad,COD,COMPLETED
102659,C1049,Webcam,Electronics,3,5026.84,0,2026-07-28,Mumbai,Credit Card,COMPLETED
102660,C1878,Laptop Stand,Accessories,2,1697.41,0,2026-04-04,Hyderabad,Net Banking,COMPLETED
102661,C1671,Monitor,Electronics,1,14105.66,15,2026-08-19,Kochi,Net Banking,PENDING
102662,C1759,Smartphone,Electronics,5,38477.55,0,2026-06-10,Mumbai,COD,COMPLETED
102663,C1390,Smartwatch,Electronics,1,8063.07,20,2026-02-15,Jaipur,Net Banking,COMPLETED
102664,C1065,Backpack,Accessories,3,2266.24,0,2026-06-04,Delhi,Debit Card,COMPLETED
102665,C1158,Laptop Stand,Accessories,5,1958.73,20,2026-07-07,Kolkata,Credit Card,COMPLETED
102666,C1834,Mechanical Keyboard,Electronics,5,7366.42,5,2026-07-20,Pune,Credit Card,SHIPPED
102667,C1769,Power Bank,Electronics,6,2445.61,20,2026-03-23,Delhi,Credit Card,COMPLETED
102668,C1532,USB Cable,Accessories,5,543.98,0,2026-03-11,Kolkata,Credit Card,COMPLETED
102669,C1410,Smartwatch,Electronics,1,8231.92,0,2026-04-28,Kolkata,Credit Card,COMPLETED
102670,C1259,Tablet,Electronics,4,27504.17,15,2026-03-04,Chennai,Net Banking,COMPLETED
102671,C1955,Laptop,Electronics,4,66406.25,0,2026-09-02,Kochi,COD,COMPLETED
102672,C1768,Power Bank,Electronics,2,-50,0,2026-03-30,Hyderabad,Debit Card,COMPLETED
102673,C1057,Keyboard,Electronics,2,2807.68,15,2026-05-13,Jaipur,Credit Card,COMPLETED
102674,C1029,Webcam,Electronics,3,4792.6,20,not_available,Kolkata,Credit Card,PENDING
102675,C1303,Backpack,Accessories,1,2834.91,20,2026-01-09,Bengaluru,Net Banking,CANCELLED
102676,C1166,Headphones,Electronics,6,3267.36,0,2026-01-27,Pune,UPI,SHIPPED
102677,C1833,Tablet,Electronics,3,29348.65,10,2026-08-25,Bengaluru,Net Banking,CANCELLED
102678,C1651,Printer,Electronics,3,15364.33,5,2026-02-24,Kochi,COD,COMPLETED
102679,C1947,Office Chair,Furniture,1,11590.74,15,2026-04-27,Ahmedabad,Net Banking,COMPLETED
102680,C1807,Printer,Electronics,6,12523.02,10,2026-02-02,Mumbai,Credit Card,COMPLETED
102681,C1613,Mouse,Electronics,5,867.67,0,2026-07-17,Chennai,COD,COMPLETED
102682,C1729,Office Chair,Furniture,5,12808.95,0,2026-05-07,Jaipur,Credit Card,CANCELLED
102683,C1192,Backpack,Accessories,5,2702.07,0,2026-04-06,Bengaluru,Credit Card,COMPLETED
102684,C1088,Mouse,Electronics,1,807.42,10,2026-01-22,Delhi,Debit Card,CANCELLED
102685,C1566,Tablet,Electronics,6,28959.2,15,2026-02-07,Jaipur,UPI,SHIPPED
102686,C1298,Mouse,Electronics,6,903.81,10,2026-03-19,Pune,UPI,PENDING
102687,C1994,Desk Lamp,Furniture,5,1480.87,0,2026-04-02,Kochi,Debit Card,CANCELLED
102688,C1907,Monitor,Electronics,4,13209.11,0,2026-03-14,Jaipur,Net Banking,CANCELLED
102689,C1260,Laptop Stand,Accessories,2,1831.08,0,2026-03-25,Kolkata,Debit Card,COMPLETED
102690,C1153,USB Cable,Accessories,1,481.35,5,2026-06-14,Hyderabad,COD,CANCELLED
102691,C1391,Webcam,Electronics,2,4824.05,0,2026-04-11,Delhi,Debit Card,COMPLETED
102692,C1309,Backpack,Accessories,-5,2353.55,20,2026-09-23,Jaipur,COD,PENDING
102693,C1594,Power Bank,Electronics,1,2048.84,0,2026-03-27,Kolkata,Debit Card,PENDING
102694,C1699,Smartphone,Electronics,5,36935.72,0,2026-06-10,Delhi,Net Banking,SHIPPED
102695,C1263,Desk Lamp,Furniture,6,1793.81,5,not_available,Delhi,Credit Card,PENDING
102696,C1758,Power Bank,Electronics,4,2023.89,0,2026-08-20,Jaipur,Net Banking,COMPLETED
102697,C1813,Headphones,Electronics,2,3370.84,10,2026-03-20,Kolkata,Net Banking,COMPLETED
104135,C1096,Webcam,Electronics,3,4712.75,15,2026-01-02,Jaipur,COD,PENDING
104470,C1257,Power Bank,Electronics,3,2022.06,15,2026-09-27,Mumbai,COD,SHIPPED
102700,C1043,USB Cable,Accessories,5,472.66,20,2026-07-25,Delhi,Net Banking,COMPLETED
102701,C1474,USB Cable,Accessories,6,486.29,20,2026-06-01,Mumbai,UPI,SHIPPED
102702,C1386,Keyboard,Electronics,3,2622.43,10,2026-09-21,Kolkata,COD,COMPLETED
102703,C1099,Webcam,Electronics,2,4802.2,0,2026-10-03,Kolkata,UPI,COMPLETED
102704,C1587,Mechanical Keyboard,Electronics,2,6898.53,0,2026-02-02,Bengaluru,Credit Card,COMPLETED
102705,C1096,Headphones,Electronics,1,2884.9,0,2026-09-19,Bengaluru,Debit Card,PENDING
102706,C1157,Tablet,Electronics,5,27304.11,5,2026-07-25,Hyderabad,UPI,COMPLETED
102707,C1781,Smartwatch,Electronics,1,9083.26,0,2026-10-03,Kolkata,Net Banking,COMPLETED
102708,C1312,USB Cable,Accessories,6,425.14,20,2026-07-18,Mumbai,COD,PENDING
102709,C1937,Printer,Electronics,4,14580.78,5,2026-05-06,Pune,COD,COMPLETED
102710,C1794,Smartphone,Electronics,6,33968.13,20,2026-07-24,Hyderabad,UPI,PENDING
102711,C1445,USB Cable,Accessories,2,469.43,0,2026-02-27,Kochi,Credit Card,CANCELLED
102712,C1952,Tablet,Electronics,2,25303.98,0,2026-04-04,Kolkata,Debit Card,CANCELLED
102713,C1065,Mouse,Electronics,3,719.14,0,2026-09-30,Delhi,UPI,COMPLETED
102714,C1750,Printer,Electronics,5,15751.55,10,2026-02-27,Bengaluru,Net Banking,PENDING
102715,,USB Cable,Accessories,4,513.22,10,2026-05-23,Kochi,COD,COMPLETED
102716,C1667,Headphones,Electronics,5,3178.48,0,2026-01-11,Kolkata,Credit Card,SHIPPED
102717,C1432,Tablet,Electronics,1,29995.0,15,2026-03-28,Kolkata,UPI,COMPLETED
102718,,Webcam,Electronics,6,4042.75,0,2026-04-10,Ahmedabad,Net Banking,COMPLETED
102719,C1893,Monitor,Electronics,1,14197.94,0,2026-06-17,Mumbai,Debit Card,COMPLETED
102720,C1907,Router,Electronics,2,3247.84,0,2026-07-01,Ahmedabad,Credit Card,SHIPPED
102721,C1862,Desk Lamp,Furniture,2,1676.79,10,2026-02-01,Kolkata,Net Banking,SHIPPED
102722,C1546,Tablet,Electronics,2,30710.13,20,2026-08-12,Delhi,Credit Card,COMPLETED
102723,C1864,Mechanical Keyboard,Electronics,2,7244.93,10,2026-07-17,Delhi,Credit Card,SHIPPED
102724,C1417,Keyboard,Electronics,5,2377.17,0,2026-07-26,Mumbai,Net Banking,SHIPPED
102725,C1107,Laptop Stand,Accessories,4,1828.16,20,2026-02-25,Kolkata,UPI,COMPLETED
102726,C1158,Router,Electronics,2,2913.08,0,2026-03-20,Bengaluru,COD,PENDING
102727,C1748,Laptop Stand,Accessories,3,2014.76,5,2026-02-02,Ahmedabad,Net Banking,COMPLETED
102728,C1725,Laptop,Electronics,4,68148.02,5,2026-15-45,Chennai,UPI,CANCELLED
102729,C1044,Tablet,Electronics,6,29876.15,20,2026-03-27,Kolkata,COD,PENDING
102730,C1102,Office Chair,Furniture,2,12973.17,10,2026-03-07,Jaipur,COD,SHIPPED
102731,C1979,Tablet,Electronics,1,27669.41,10,2026-02-26,Pune,COD,SHIPPED
102732,C1593,Mechanical Keyboard,Electronics,6,6006.55,15,2026-06-03,Pune,Net Banking,COMPLETED
102733,C1752,Laptop,Electronics,6,65794.36,0,2026-07-20,Chennai,Debit Card,CANCELLED
102734,C1976,Smartphone,Electronics,5,33786.96,0,2026-07-01,Kochi,UPI,COMPLETED
102735,C1331,Backpack,Accessories,2,2356.04,10,2026-03-25,Pune,Debit Card,COMPLETED
102736,C1616,Office Chair,Furniture,6,11766.56,15,2026-01-05,Jaipur,Debit Card,COMPLETED
102737,C1593,Desk Lamp,Furniture,1,1573.62,15,2026-09-01,Mumbai,COD,SHIPPED
102738,C1433,Smartwatch,Electronics,3,7819.91,5,2026-07-22,Jaipur,UPI,PENDING
102739,C1003,Mechanical Keyboard,Electronics,5,6416.7,15,2026-09-12,Hyderabad,COD,COMPLETED
102740,C1702,Desk Lamp,Furniture,5,1496.43,0,2026-02-08,Ahmedabad,Credit Card,PENDING
102741,C1821,Router,Electronics,3,2828.04,5,2026-05-05,Hyderabad,Net Banking,PENDING
102742,C1966,Power Bank,Electronics,2,2133.12,10,2026-10-02,Ahmedabad,UPI,SHIPPED
102743,C1299,Smartwatch,Electronics,5,7725.48,0,not_available,Kolkata,COD,COMPLETED
102744,C1678,Router,Electronics,4,3560.8,0,2026-03-29,Bengaluru,UPI,COMPLETED
102745,C1408,USB Cable,Accessories,4,430.86,5,2026-05-29,Ahmedabad,COD,COMPLETED
102746,C1018,Mechanical Keyboard,Electronics,2,6052.59,20,2026-05-10,Pune,COD,COMPLETED
102747,C1788,Laptop Stand,Accessories,1,1830.39,10,2026-04-08,Kolkata,Debit Card,SHIPPED
102748,C1312,Mechanical Keyboard,Electronics,5,5987.07,10,2026-08-31,Hyderabad,UPI,PENDING
102749,C1355,Tablet,Electronics,2,23922.38,5,2026-07-09,Kolkata,UPI,COMPLETED
102750,C1217,Mouse,Electronics,6,762.78,5,2026-07-26,Bengaluru,COD,PENDING
102751,C1364,Webcam,Electronics,1,5055.07,0,2026-07-18,Hyderabad,UPI,PENDING
102752,C1267,Smartwatch,Electronics,2,9878.76,10,2026-05-31,Chennai,Net Banking,PENDING
102753,C1053,Router,Electronics,4,3597.42,0,2026-03-02,Ahmedabad,Net Banking,COMPLETED
102754,C1424,Mouse,Electronics,1,707.12,20,2026-04-15,Chennai,Debit Card,CANCELLED
102755,C1125,Mouse,Electronics,2,745.13,0,2026-06-05,Hyderabad,Credit Card,PENDING
102756,C1609,Mouse,Electronics,4,796.15,15,2026-06-25,Chennai,COD,SHIPPED
102757,C1838,SSD 1TB,Electronics,2,6581.86,0,2026-07-13,Mumbai,Credit Card,COMPLETED
102758,C1331,SSD 1TB,Electronics,5,,20,2026-09-02,Mumbai,Debit Card,SHIPPED
102759,C1786,Headphones,Electronics,2,3395.05,0,2026-03-05,Kochi,UPI,COMPLETED
102760,C1241,Webcam,Electronics,6,4699.15,0,2026-08-14,Kolkata,Debit Card,SHIPPED
102761,C1314,Printer,Electronics,4,13175.01,0,2026-06-16,Pune,COD,COMPLETED
104607,C1663,Mechanical Keyboard,Electronics,2,7019.67,20,2026-03-27,Jaipur,COD,SHIPPED
102763,C1006,Printer,Electronics,1,15971.69,0,2026-06-20,Pune,Credit Card,COMPLETED
102764,C1170,Desk Lamp,Furniture,1,1361.6,0,2026-07-21,Mumbai,Credit Card,COMPLETED
102765,C1952,Keyboard,Electronics,6,2709.35,0,2026-03-15,Jaipur,Net Banking,COMPLETED
102766,C1435,Office Chair,Furniture,5,12513.14,15,2026-05-07,Kochi,Debit Card,PENDING
102767,C1328,Power Bank,Electronics,5,2084.32,0,2026-06-06,Mumbai,Debit Card,COMPLETED
102768,C1729,Power Bank,Electronics,1,2138.01,10,2026-06-17,Jaipur,Debit Card,PENDING
102769,C1086,Backpack,Accessories,1,2166.05,0,2026-09-28,Kolkata,Debit Card,COMPLETED
102770,C1613,Keyboard,Electronics,3,2461.18,0,2026-05-18,Jaipur,Credit Card,COMPLETED
102771,C1653,Webcam,Electronics,3,4867.71,0,2026-08-13,Ahmedabad,Debit Card,COMPLETED
102772,C1853,Backpack,Accessories,1,2392.31,0,2026-08-24,Delhi,Debit Card,COMPLETED
102773,C1867,Desk Lamp,Furniture,2,1377.59,0,2026-09-08,Ahmedabad,COD,COMPLETED
102774,C1227,Webcam,Electronics,1,4540.3,5,2026-02-12,Bengaluru,Credit Card,COMPLETED
102775,C1845,Router,Electronics,5,3661.19,5,2026-01-20,Ahmedabad,Net Banking,PENDING
102776,C1547,Headphones,Electronics,5,2611.49,20,2026-03-31,Jaipur,COD,SHIPPED
102777,C1201,Laptop,Electronics,3,65889.78,5,2026-04-05,Pune,UPI,COMPLETED
102778,C1185,Monitor,Electronics,4,15861.79,5,2026-06-17,Delhi,Debit Card,CANCELLED
102779,C1231,Printer,Electronics,5,12110.01,10,2026-02-24,Pune,Net Banking,CANCELLED
102780,C1489,Webcam,Electronics,3,4201.94,5,2026-09-12,Bengaluru,Net Banking,SHIPPED
102781,C1760,Smartphone,Electronics,2,35971.14,5,2026-02-03,Hyderabad,Credit Card,COMPLETED
102782,C1833,Smartphone,Electronics,2,35920.44,10,2026-05-12,Chennai,Net Banking,COMPLETED
102783,C1994,Power Bank,Electronics,1,2272.33,10,2026-01-15,Kolkata,UPI,COMPLETED
102784,C1545,Desk Lamp,Furniture,5,1523.34,0,2026-01-09,Ahmedabad,Credit Card,CANCELLED
102785,,Power Bank,Electronics,2,1932.83,0,2026-07-29,Ahmedabad,Debit Card,COMPLETED
102786,C1174,Desk,Furniture,4,16795.45,10,2026-09-22,Hyderabad,COD,CANCELLED
102787,C1629,Backpack,Accessories,-1,2403.03,0,2026-07-09,Jaipur,Debit Card,CANCELLED
102788,C1727,Smartwatch,Electronics,3,9686.43,0,2026-09-23,Bengaluru,COD,COMPLETED
102789,C1183,USB Cable,Accessories,1,491.17,10,2026-08-25,Ahmedabad,COD,CANCELLED
102790,C1918,Keyboard,Electronics,2,2349.43,10,2026-04-07,Kochi,Net Banking,COMPLETED
102791,C1473,Laptop,Electronics,3,64511.03,10,2026-06-03,Hyderabad,Debit Card,COMPLETED
102792,C1808,Office Chair,Furniture,2,11731.63,20,2026-03-23,Ahmedabad,Net Banking,PENDING
102793,C1107,Keyboard,Electronics,2,2669.59,15,2026-01-16,Delhi,COD,PENDING
102794,C1349,Tablet,Electronics,5,24758.25,0,2026-05-06,Kochi,Net Banking,PENDING
102795,C1081,Office Chair,Furniture,3,12275.18,20,2026-01-12,Kochi,COD,CANCELLED
102796,C1866,Headphones,Electronics,1,2950.77,10,2026-01-25,Pune,Debit Card,COMPLETED
102797,,Tablet,Electronics,4,28715.69,0,2026-07-11,Bengaluru,Debit Card,CANCELLED
102798,C1516,Mechanical Keyboard,Electronics,1,-1200,5,2026-01-07,Pune,Credit Card,COMPLETED
102799,C1689,Smartphone,Electronics,1,37584.35,0,2026-03-04,Kochi,Credit Card,PENDING
102800,C1081,Laptop,Electronics,2,68253.47,10,2026-03-06,Kochi,Net Banking,COMPLETED
102801,C1137,Power Bank,Electronics,3,1950.03,15,2026-08-07,Kolkata,COD,COMPLETED
102802,C1706,Router,Electronics,3,3513.3,20,2026-02-21,Ahmedabad,UPI,COMPLETED
102803,C1290,Power Bank,Electronics,1,2450.35,0,2026-04-19,Jaipur,Credit Card,SHIPPED
102804,C1071,Power Bank,Electronics,6,2394.75,10,2026-09-12,Delhi,Net Banking,SHIPPED
102805,C1143,Backpack,Accessories,1,2287.77,0,2026-09-18,Kochi,Net Banking,PENDING
102806,C1251,Webcam,Electronics,3,4151.69,10,2026-01-31,Kolkata,Debit Card,PENDING
102807,C1329,Tablet,Electronics,1,26880.43,0,2026-08-19,Delhi,UPI,CANCELLED
102808,C1342,Smartphone,Electronics,4,32263.79,5,2026-04-06,Pune,Debit Card,COMPLETED
102809,C1103,Smartphone,Electronics,3,32334.04,15,2026-01-22,Mumbai,COD,COMPLETED
102810,C1482,Printer,Electronics,2,13819.13,20,2026-03-23,Ahmedabad,COD,SHIPPED
102811,C1784,Smartphone,Electronics,4,29799.2,0,2026-06-01,Mumbai,COD,COMPLETED
102812,C1386,Office Chair,Furniture,3,10447.28,15,2026-07-31,Bengaluru,UPI,COMPLETED
102813,C1638,Backpack,Accessories,3,2600.95,0,2026-06-21,Ahmedabad,Debit Card,SHIPPED
102814,C1848,Office Chair,Furniture,1,-50,0,2026-01-20,Delhi,COD,PENDING
102815,C1001,USB Cable,Accessories,4,572.02,0,2026-05-16,Mumbai,Net Banking,SHIPPED
102816,C1213,Tablet,Electronics,2,31642.47,10,2026-02-22,Hyderabad,Debit Card,CANCELLED
102817,C1277,Backpack,Accessories,1,2521.65,10,2026-04-28,Kochi,Debit Card,COMPLETED
100900,C1583,Keyboard,Electronics,1,2739.69,20,2026-01-08,Ahmedabad,Credit Card,CANCELLED
102819,C1266,Desk Lamp,Furniture,6,1823.29,0,2026-03-30,Mumbai,COD,PENDING
102820,C1781,Office Chair,Furniture,5,12032.93,20,2026-05-19,Pune,Debit Card,COMPLETED
102821,C1876,Laptop Stand,Accessories,3,1820.32,5,2026-03-11,Jaipur,UPI,SHIPPED
102822,C1272,Webcam,Electronics,1,4691.43,5,2026-03-03,Bengaluru,Net Banking,COMPLETED
102823,C1794,Mouse,Electronics,2,753.22,0,2026-09-15,Ahmedabad,UPI,PENDING
102824,C1505,Webcam,Electronics,5,4459.36,15,2026-07-03,Ahmedabad,Credit Card,CANCELLED
102825,C1239,Webcam,Electronics,4,4208.35,5,2026-08-19,Kolkata,Debit Card,COMPLETED
102826,C1238,Laptop,Electronics,5,51224.21,0,2026-06-28,Delhi,COD,CANCELLED
102827,C1894,Tablet,Electronics,-2,25364.83,0,2026-07-22,Mumbai,Debit Card,COMPLETED
104045,C1572,Monitor,Electronics,4,16677.21,20,2026-06-13,Jaipur,COD,COMPLETED
102829,C1035,SSD 1TB,Electronics,4,6919.83,0,2026-05-18,Hyderabad,UPI,COMPLETED
102830,C1057,Printer,Electronics,6,14384.57,15,2026-05-20,Bengaluru,COD,COMPLETED
102831,C1163,Office Chair,Furniture,3,13792.19,0,2026-02-08,Kolkata,COD,SHIPPED
102832,C1731,Desk Lamp,Furniture,3,1407.42,15,2026-03-15,Mumbai,Debit Card,PENDING
102833,C1974,Backpack,Accessories,1,2565.54,15,2026-09-01,Mumbai,Net Banking,COMPLETED
102834,C1886,Smartwatch,Electronics,4,8202.65,0,2026-07-11,Bengaluru,Net Banking,COMPLETED
102835,C1812,USB Cable,Accessories,2,468.44,0,2026-04-20,Mumbai,Net Banking,COMPLETED
102836,C1110,Mechanical Keyboard,Electronics,5,5625.65,0,2026-06-06,Chennai,COD,SHIPPED
102837,C1101,Smartphone,Electronics,2,30277.74,0,2026-03-18,Ahmedabad,Net Banking,SHIPPED
102838,C1711,Headphones,Electronics,1,3390.83,0,2026-01-18,Kolkata,COD,COMPLETED
102839,C1798,Laptop Stand,Accessories,4,2012.36,5,2026-03-11,Bengaluru,COD,COMPLETED
102840,C1201,Tablet,Electronics,5,28700.5,0,2026-06-23,Jaipur,Net Banking,PENDING
102841,C1320,Laptop,Electronics,1,52724.03,0,2026-03-11,Pune,COD,COMPLETED
102842,C1026,Backpack,Accessories,2,2586.5,0,2026-04-08,Kolkata,Net Banking,COMPLETED
102843,C1164,Keyboard,Electronics,1,2278.15,20,2026-07-14,Kochi,UPI,CANCELLED
102844,,Printer,Electronics,1,14651.36,5,2026-03-14,Mumbai,UPI,COMPLETED
102845,C1823,Office Chair,Furniture,3,13332.5,15,2026-05-24,Chennai,UPI,SHIPPED
102846,C1113,Smartwatch,Electronics,2,9127.33,0,2026-08-31,Kolkata,Net Banking,COMPLETED
102847,C1313,Laptop Stand,Accessories,4,1559.05,0,2026-04-26,Hyderabad,Debit Card,COMPLETED
102848,C1188,SSD 1TB,Electronics,2,6144.97,5,2026-01-08,Mumbai,Debit Card,COMPLETED
102849,C1219,Smartwatch,Electronics,3,9689.39,0,2026-01-09,Kochi,Debit Card,COMPLETED
102850,C1759,Backpack,Accessories,4,2787.48,5,2026-01-12,Delhi,Credit Card,SHIPPED
102851,C1656,SSD 1TB,Electronics,3,6148.18,0,2026-08-29,Chennai,UPI,CANCELLED
102852,C1476,Desk Lamp,Furniture,3,1705.7,0,2026-03-10,Hyderabad,Debit Card,CANCELLED
102853,C1367,Smartwatch,Electronics,5,8597.04,5,2026-01-19,Mumbai,UPI,COMPLETED
102854,C1588,Monitor,Electronics,3,17047.87,10,2026-02-16,Mumbai,Net Banking,PENDING
102855,C1901,Smartphone,Electronics,6,32748.13,10,2026-10-02,Chennai,Debit Card,SHIPPED
102856,C1569,Tablet,Electronics,5,29465.5,0,2026-04-20,Jaipur,Net Banking,COMPLETED
102857,C1929,Laptop,Electronics,5,60459.34,0,2026-08-22,Hyderabad,UPI,PENDING
102858,C1767,Laptop Stand,Accessories,4,1973.27,10,2026-02-15,Kochi,UPI,PENDING
102859,C1033,Printer,Electronics,3,14502.79,10,2026-03-08,Bengaluru,Net Banking,COMPLETED
102860,C1044,Mouse,Electronics,4,817.11,15,2026-09-28,Delhi,Net Banking,PENDING
102861,C1985,USB Cable,Accessories,2,542.81,0,2026-05-23,Ahmedabad,Debit Card,PENDING
102862,C1447,Office Chair,Furniture,4,13600.38,0,2026-09-16,Mumbai,UPI,COMPLETED
102863,C1587,Router,Electronics,4,3025.82,5,2026-04-06,Mumbai,UPI,COMPLETED
102864,C1067,Headphones,Electronics,2,3219.13,5,2026-03-17,Kolkata,Debit Card,COMPLETED
102865,C1001,Webcam,Electronics,2,3827.67,0,2026-01-10,Ahmedabad,COD,SHIPPED
102866,C1254,Desk,Furniture,6,19157.31,5,2026-08-21,Delhi,COD,COMPLETED
102867,C1626,Laptop,Electronics,1,60290.84,10,2026-02-16,Bengaluru,Debit Card,COMPLETED
102868,C1415,Laptop,Electronics,1,61433.61,20,2026-02-17,Chennai,COD,CANCELLED
102869,C1642,USB Cable,Accessories,2,445.83,5,2026-04-14,Jaipur,COD,CANCELLED
102870,C1544,Smartwatch,Electronics,6,8891.54,15,2026-01-23,Chennai,UPI,PENDING
102871,C1814,Power Bank,Electronics,3,2228.6,20,2026-02-12,Ahmedabad,Net Banking,SHIPPED
102872,C1264,Smartphone,Electronics,2,30176.62,0,2026-09-21,Hyderabad,Credit Card,COMPLETED
102873,C1444,Monitor,Electronics,1,16003.56,0,2026-08-17,Bengaluru,UPI,PENDING
102874,C1903,Keyboard,Electronics,3,2194.35,10,2026-07-09,Hyderabad,Debit Card,PENDING
102875,C1144,Smartwatch,Electronics,3,8055.22,0,2026-04-07,Hyderabad,UPI,COMPLETED
102876,C1371,Webcam,Electronics,3,4854.56,0,2026-07-31,Chennai,UPI,SHIPPED
102877,C1329,Smartphone,Electronics,5,36125.7,0,2026-05-26,Kochi,Debit Card,SHIPPED
102878,C1442,Backpack,Accessories,2,2662.09,0,2026-01-30,Ahmedabad,Credit Card,COMPLETED
102879,C1902,Laptop,Electronics,2,63714.12,10,2026-02-16,Ahmedabad,Credit Card,COMPLETED
102880,C1668,Laptop Stand,Accessories,5,1771.24,20,2026-05-28,Kolkata,Credit Card,SHIPPED
102881,C1144,Mouse,Electronics,5,763.2,0,2026-09-12,Hyderabad,Debit Card,COMPLETED
102882,C1478,Laptop Stand,Accessories,3,1874.07,0,2026-07-30,Hyderabad,Credit Card,COMPLETED
102883,C1352,Backpack,Accessories,1,2131.32,0,2026-03-23,Kochi,UPI,PENDING
102884,C1973,USB Cable,Accessories,5,530.18,0,2026-03-01,Chennai,UPI,CANCELLED
102885,C1180,Power Bank,Electronics,3,2242.54,0,2026-07-23,Bengaluru,UPI,COMPLETED
102886,C1475,Desk Lamp,Furniture,2,1465.15,0,2026-08-07,Chennai,UPI,COMPLETED
102887,C1087,USB Cable,Accessories,5,-500,0,2026-08-23,Bengaluru,UPI,COMPLETED
102888,C1740,Headphones,Electronics,2,3435.25,0,2026-08-07,Bengaluru,Debit Card,COMPLETED
102889,C1128,Laptop,Electronics,6,67280.09,10,2026-07-11,Kolkata,Net Banking,CANCELLED
102890,C1439,Tablet,Electronics,3,25684.86,20,2026-05-13,Hyderabad,Net Banking,CANCELLED
102891,C1047,Desk,Furniture,6,16259.6,0,2026-08-14,Chennai,Credit Card,CANCELLED
102892,C1307,Smartphone,Electronics,1,30874.24,0,2026-06-20,Delhi,UPI,COMPLETED
102893,C1511,Webcam,Electronics,6,4242.32,20,2026-03-18,Hyderabad,Credit Card,COMPLETED
102894,C1571,Tablet,Electronics,1,27925.82,5,2026-10-01,Mumbai,Credit Card,COMPLETED
102895,C1775,Monitor,Electronics,6,15807.25,20,2026-08-23,Mumbai,Net Banking,SHIPPED
102896,C1003,Router,Electronics,4,3533.41,15,2026-07-18,Pune,Net Banking,COMPLETED
102897,C1876,USB Cable,Accessories,3,572.53,10,2026-08-15,Chennai,COD,SHIPPED
102898,C1522,Office Chair,Furniture,5,11256.43,5,2026-02-11,Mumbai,COD,COMPLETED
102899,C1654,Webcam,Electronics,3,3845.31,5,2026-02-25,Ahmedabad,Debit Card,PENDING
102900,C1579,Printer,Electronics,3,15988.93,0,2026-05-01,Pune,Debit Card,COMPLETED
102901,C1314,Mouse,Electronics,3,854.25,15,2026-07-13,Ahmedabad,Credit Card,COMPLETED
102902,C1154,Keyboard,Electronics,3,2717.97,5,2026-05-10,Kochi,Debit Card,COMPLETED
102903,C1365,Office Chair,Furniture,5,13028.36,0,2026-07-24,Hyderabad,Debit Card,CANCELLED
102904,C1838,Keyboard,Electronics,1,2200.81,15,2026-09-10,Delhi,COD,PENDING
102905,C1082,Router,Electronics,2,3165.06,0,2026-08-08,Delhi,Debit Card,COMPLETED
102906,C1345,Smartwatch,Electronics,3,9001.2,20,2026-09-15,Mumbai,UPI,PENDING
102907,C1529,Office Chair,Furniture,5,13084.93,10,2026-01-12,Chennai,Net Banking,COMPLETED
102908,C1886,Laptop,Electronics,3,66241.36,20,2026-02-21,Kolkata,Credit Card,COMPLETED
102909,C1164,SSD 1TB,Electronics,3,6361.75,15,2026-05-23,Bengaluru,Credit Card,COMPLETED
102910,C1883,Laptop,Electronics,1,63748.2,0,not_available,Kochi,COD,SHIPPED
102911,C1004,Laptop Stand,Accessories,4,1606.83,15,2026-09-16,Chennai,UPI,COMPLETED
102912,C1207,Headphones,Electronics,1,3449.55,0,2026-02-23,Kochi,Net Banking,PENDING
102913,C1847,Smartwatch,Electronics,5,9281.86,0,2026-02-11,Bengaluru,Debit Card,COMPLETED
102914,C1960,Laptop,Electronics,2,56360.65,5,31/31/2026,Delhi,UPI,CANCELLED
102915,C1508,Monitor,Electronics,5,16451.86,20,2026-08-01,Kolkata,UPI,CANCELLED
102916,C1775,Smartphone,Electronics,2,37735.88,0,2026-01-27,Ahmedabad,Debit Card,COMPLETED
102917,C1595,Desk,Furniture,6,17819.96,10,2026-06-18,Pune,UPI,CANCELLED
102918,,Keyboard,Electronics,2,2843.65,0,2026-04-25,Pune,COD,COMPLETED
102919,C1723,Monitor,Electronics,1,14876.47,0,2026-09-28,Jaipur,COD,CANCELLED
102920,C1003,Printer,Electronics,2,15173.44,10,2026-01-29,Delhi,Net Banking,COMPLETED
102921,C1968,Tablet,Electronics,1,27384.72,10,2026-09-20,Bengaluru,COD,SHIPPED
102922,C1999,USB Cable,Accessories,2,559.06,15,wrong_date,Hyderabad,Net Banking,SHIPPED
102923,C1793,Monitor,Electronics,5,13640.84,0,31/31/2026,Kolkata,Net Banking,SHIPPED
102924,C1573,Monitor,Electronics,1,13569.28,0,2026-01-08,Ahmedabad,Debit Card,COMPLETED
102925,C1476,Router,Electronics,1,2734.14,15,2026-15-45,Hyderabad,Credit Card,COMPLETED
102926,C1218,Smartphone,Electronics,2,31453.83,20,2026-03-04,Chennai,COD,COMPLETED
102927,C1808,Smartphone,Electronics,5,36773.34,5,2026-06-30,Jaipur,Debit Card,SHIPPED
102928,C1682,Printer,Electronics,1,13533.52,5,2026-07-02,Bengaluru,Net Banking,PENDING
102929,C1706,Monitor,Electronics,2,15351.29,0,2026-03-14,Bengaluru,Debit Card,COMPLETED
102930,C1753,Monitor,Electronics,4,16775.92,20,2026-03-16,Chennai,UPI,COMPLETED
102931,C1491,Laptop,Electronics,2,54557.25,0,2026-09-25,Hyderabad,Credit Card,COMPLETED
102932,C1868,Webcam,Electronics,6,4834.88,0,2026-10-03,Delhi,COD,COMPLETED
102933,C1295,Mechanical Keyboard,Electronics,3,6506.61,0,2026-01-13,Kolkata,Debit Card,COMPLETED
102934,C1756,Tablet,Electronics,5,30598.7,0,2026-01-08,Pune,Credit Card,COMPLETED
102935,C1150,Monitor,Electronics,3,16852.16,5,2026-09-01,Pune,COD,SHIPPED
102936,C1715,Desk,Furniture,4,19149.74,0,2026-04-29,Kochi,Debit Card,COMPLETED
102976,C1227,SSD 1TB,Electronics,6,6050.29,20,2026-08-08,Kolkata,Credit Card,SHIPPED
102938,C1430,Office Chair,Furniture,2,11966.1,20,2026-08-06,Bengaluru,Debit Card,SHIPPED
102939,C1252,Mechanical Keyboard,Electronics,3,6150.86,20,2026-02-26,Mumbai,COD,COMPLETED
102940,C1927,Backpack,Accessories,4,2372.14,0,2026-03-10,Delhi,COD,COMPLETED
102941,C1783,Smartwatch,Electronics,4,9018.06,0,2026-07-05,Hyderabad,Credit Card,SHIPPED
102942,C1874,Mouse,Electronics,6,874.9,5,2026-03-24,Delhi,Net Banking,COMPLETED
102943,C1157,Desk,Furniture,3,17649.71,15,2026-07-09,Hyderabad,Net Banking,SHIPPED
102944,C1479,USB Cable,Accessories,1,478.72,5,2026-02-22,Kolkata,Net Banking,COMPLETED
102945,C1062,Router,Electronics,4,2837.6,5,2026-05-15,Jaipur,COD,CANCELLED
102946,C1770,Laptop Stand,Accessories,4,1888.87,0,2026-04-21,Bengaluru,Net Banking,COMPLETED
102947,C1314,Laptop Stand,Accessories,5,1538.61,0,2026-08-15,Hyderabad,UPI,COMPLETED
102948,C1515,Power Bank,Electronics,-2,2172.95,0,2026-07-16,Kolkata,Credit Card,PENDING
102949,C1176,Power Bank,Electronics,3,2378.58,5,2026-09-28,Chennai,Credit Card,SHIPPED
102950,C1190,Mechanical Keyboard,Electronics,5,7151.12,0,2026-08-18,Chennai,Net Banking,COMPLETED
102951,C1139,Laptop,Electronics,4,62748.65,5,2026-04-16,Mumbai,Net Banking,COMPLETED
102952,C1880,Webcam,Electronics,3,4106.13,10,2026-07-25,Jaipur,Net Banking,CANCELLED
102953,C1141,SSD 1TB,Electronics,5,6213.3,10,2026-08-09,Ahmedabad,Net Banking,PENDING
102954,C1053,Tablet,Electronics,6,29630.29,20,2026-05-15,Ahmedabad,COD,SHIPPED
102955,C1605,Laptop Stand,Accessories,2,1561.07,0,2026-07-09,Delhi,Debit Card,COMPLETED
102956,C1355,Laptop,Electronics,6,60446.87,20,2026-03-16,Jaipur,Credit Card,PENDING
102957,C1428,Keyboard,Electronics,3,2572.14,5,2026-08-08,Hyderabad,UPI,COMPLETED
102958,C1196,Power Bank,Electronics,4,2167.15,15,2026-08-31,Ahmedabad,COD,SHIPPED
102959,C1511,Power Bank,Electronics,3,2038.1,5,2026-02-09,Kochi,UPI,COMPLETED
102960,C1851,Router,Electronics,3,2861.28,0,2026-09-02,Delhi,Net Banking,CANCELLED
102961,C1857,USB Cable,Accessories,4,534.3,0,2026-01-31,Mumbai,Credit Card,CANCELLED
102962,C1150,Printer,Electronics,1,12346.95,0,2026-08-26,Pune,Net Banking,SHIPPED
102963,C1621,Monitor,Electronics,4,13229.74,0,2026-01-30,Hyderabad,Credit Card,PENDING
102964,C1904,Mechanical Keyboard,Electronics,3,5747.34,0,2026-07-26,Kochi,COD,COMPLETED
102965,C1033,SSD 1TB,Electronics,2,7923.99,20,2026-08-06,Kochi,UPI,COMPLETED
102966,C1598,Headphones,Electronics,2,2576.63,0,2026-07-31,Kochi,COD,COMPLETED
102967,C1097,Office Chair,Furniture,2,12642.99,0,2026-09-11,Bengaluru,UPI,SHIPPED
102968,C1559,Laptop,Electronics,1,59110.39,20,2026-01-10,Delhi,UPI,SHIPPED
102969,C1946,Webcam,Electronics,4,5022.58,0,2026-06-25,Kolkata,UPI,COMPLETED
102970,C1597,Webcam,Electronics,2,4074.41,20,2026-08-23,Mumbai,Debit Card,COMPLETED
102971,C1385,Smartwatch,Electronics,2,9952.59,20,2026-08-14,Mumbai,COD,COMPLETED
102972,C1801,Backpack,Accessories,4,2859.17,10,2026-01-03,Ahmedabad,Credit Card,PENDING
102973,C1033,Smartphone,Electronics,3,32481.15,0,2026-06-29,Kochi,COD,PENDING
102974,C1332,Monitor,Electronics,6,15466.3,15,2026-04-26,Mumbai,Net Banking,CANCELLED
102975,C1161,Printer,Electronics,2,14171.86,0,2026-03-23,Kochi,UPI,SHIPPED
102976,C1227,SSD 1TB,Electronics,6,6050.29,20,2026-08-08,Kolkata,Credit Card,SHIPPED
102977,C1735,Tablet,Electronics,4,27119.12,0,2026-03-29,Jaipur,Credit Card,PENDING
102978,C1659,Desk,Furniture,3,20577.04,10,2026-09-08,Hyderabad,COD,CANCELLED
102979,C1641,Smartwatch,Electronics,3,7713.17,15,2026-01-01,Ahmedabad,COD,SHIPPED
102980,C1308,Laptop,Electronics,4,64467.31,0,2026-07-31,Kolkata,Credit Card,COMPLETED
102981,C1558,Laptop,Electronics,6,63867.63,0,2026-03-29,Kochi,UPI,COMPLETED
102982,C1190,Keyboard,Electronics,3,2707.47,0,2026-05-02,Kochi,UPI,COMPLETED
102983,C1265,Mechanical Keyboard,Electronics,5,7307.05,10,2026-04-26,Mumbai,Credit Card,COMPLETED
102984,C1980,Webcam,Electronics,2,4103.49,0,2026-03-27,Delhi,Debit Card,COMPLETED
102985,C1041,USB Cable,Accessories,3,560.88,20,2026-06-19,Pune,UPI,COMPLETED
102986,C1633,Laptop Stand,Accessories,3,1683.19,20,2026-01-18,Delhi,Net Banking,PENDING
102987,C1516,Mechanical Keyboard,Electronics,5,6080.43,20,2026-04-17,Kochi,Credit Card,COMPLETED
102988,C1197,Headphones,Electronics,3,3314.82,5,2026-03-25,Kochi,Net Banking,COMPLETED
102989,C1007,Mechanical Keyboard,Electronics,1,6201.3,15,2026-10-03,Delhi,UPI,COMPLETED
102990,C1851,Office Chair,Furniture,3,10525.68,10,2026-01-30,Jaipur,Debit Card,PENDING
102991,C1402,Power Bank,Electronics,5,2266.75,0,2026-01-29,Bengaluru,Credit Card,COMPLETED
102992,C1990,Printer,Electronics,4,12731.97,5,2026-08-24,Hyderabad,COD,COMPLETED
102993,C1284,Headphones,Electronics,1,3365.77,5,2026-04-04,Kochi,Debit Card,CANCELLED
102994,C1095,Smartwatch,Electronics,2,10084.56,0,2026-02-20,Kochi,Credit Card,COMPLETED
102995,C1405,Backpack,Accessories,1,-50,0,2026-09-04,Pune,Credit Card,CANCELLED
102996,C1410,USB Cable,Accessories,4,553.25,0,2026-08-31,Pune,Credit Card,CANCELLED
102997,C1873,Router,Electronics,6,3601.1,0,2026-07-16,Bengaluru,Credit Card,CANCELLED
102998,C1026,Desk Lamp,Furniture,4,1417.82,20,2026-04-28,Kolkata,UPI,PENDING
102999,C1607,Headphones,Electronics,6,3217.64,10,2026-05-18,Pune,Credit Card,COMPLETED
103000,C1062,Webcam,Electronics,2,4776.95,0,2026-07-01,Delhi,Debit Card,COMPLETED
103001,C1010,Power Bank,Electronics,1,2048.8,15,2026-03-13,Bengaluru,COD,CANCELLED
103002,C1107,Desk,Furniture,2,18897.43,0,2026-09-22,Jaipur,Net Banking,PENDING
103003,C1472,USB Cable,Accessories,3,494.92,0,2026-07-11,Hyderabad,Credit Card,COMPLETED
103004,C1994,Keyboard,Electronics,5,2533.94,15,2026-05-11,Pune,COD,COMPLETED
103005,C1604,Headphones,Electronics,6,3384.9,0,2026-06-04,Ahmedabad,Net Banking,SHIPPED
103006,C1042,Tablet,Electronics,4,29126.0,20,2026-04-12,Delhi,Credit Card,COMPLETED
103007,C1603,Smartwatch,Electronics,5,8811.0,0,2026-07-03,Kochi,UPI,COMPLETED
103008,C1348,Backpack,Accessories,6,2532.18,0,2026-08-10,Hyderabad,UPI,PENDING
103009,C1341,Router,Electronics,3,3425.83,10,2026-04-09,Ahmedabad,Credit Card,COMPLETED
103010,C1716,Tablet,Electronics,6,30467.37,0,2026-07-27,Mumbai,UPI,CANCELLED
103011,C1520,Office Chair,Furniture,4,11936.12,15,2026-03-28,Pune,Debit Card,COMPLETED
103012,C1882,Power Bank,Electronics,6,2116.33,20,2026-07-20,Mumbai,COD,COMPLETED
103013,C1176,Headphones,Electronics,3,2557.76,0,2026-10-01,Mumbai,Debit Card,CANCELLED
103014,C1814,Smartphone,Electronics,2,37697.8,0,2026-08-17,Mumbai,COD,SHIPPED
103015,C1193,Smartwatch,Electronics,3,10028.19,15,2026-01-07,Bengaluru,Credit Card,COMPLETED
103016,C1251,Office Chair,Furniture,1,11234.9,10,2026-03-31,Kochi,UPI,COMPLETED
103017,C1620,Tablet,Electronics,4,25230.02,15,2026-08-16,Kolkata,Credit Card,SHIPPED
103018,C1408,Laptop,Electronics,3,67534.09,0,2026-01-27,Kochi,Debit Card,SHIPPED
103019,C1198,Headphones,Electronics,1,2979.49,0,2026-01-21,Kolkata,Credit Card,PENDING
103020,C1076,Mouse,Electronics,6,862.46,10,2026-04-23,Delhi,Debit Card,COMPLETED
103021,C1551,Desk Lamp,Furniture,2,1424.55,0,2026-08-26,Bengaluru,UPI,PENDING
103022,C1227,Smartphone,Electronics,1,37045.69,5,2026-01-11,Ahmedabad,Credit Card,SHIPPED
103023,C1497,Mouse,Electronics,3,775.99,5,2026-02-26,Chennai,UPI,SHIPPED
103024,C1999,Tablet,Electronics,2,27083.75,0,2026-09-27,Pune,UPI,COMPLETED
103025,C1586,Power Bank,Electronics,2,2175.6,0,2026-05-19,Chennai,UPI,SHIPPED
103026,C1845,Tablet,Electronics,6,25031.55,0,2026-02-26,Delhi,Credit Card,SHIPPED
103027,C1117,Laptop,Electronics,6,67863.42,10,2026-05-13,Hyderabad,UPI,SHIPPED
103028,C1306,USB Cable,Accessories,2,532.31,5,2026-06-28,Hyderabad,Debit Card,COMPLETED
103029,C1937,Webcam,Electronics,4,,5,2026-07-18,Ahmedabad,Debit Card,SHIPPED
103030,C1973,Tablet,Electronics,1,27344.71,15,2026-04-17,Hyderabad,COD,COMPLETED
103291,C1654,Headphones,Electronics,4,3166.78,5,2026-05-15,Bengaluru,Debit Card,PENDING
103032,C1102,Router,Electronics,5,3143.73,0,2026-09-11,Kochi,COD,PENDING
103033,C1193,Headphones,Electronics,3,3177.6,0,2026-03-28,Hyderabad,COD,COMPLETED
103034,C1455,Desk,Furniture,3,19466.08,0,2026-09-12,Mumbai,Credit Card,COMPLETED
103035,C1353,Tablet,Electronics,3,30487.5,10,2026-07-19,Kochi,Debit Card,SHIPPED
103036,C1583,Laptop,Electronics,2,57460.84,0,2026-10-02,Pune,Credit Card,SHIPPED
103037,C1862,USB Cable,Accessories,4,508.91,0,2026-05-24,Jaipur,Credit Card,COMPLETED
103038,C1528,Tablet,Electronics,6,29731.22,0,not_available,Kolkata,COD,COMPLETED
102348,C1552,SSD 1TB,Electronics,4,6594.58,0,2026-04-19,Kolkata,Debit Card,COMPLETED
103040,C1400,Office Chair,Furniture,2,11356.63,10,2026-01-09,Kolkata,COD,COMPLETED
103041,C1488,Mechanical Keyboard,Electronics,1,6035.61,5,2026-01-26,Hyderabad,Net Banking,CANCELLED
103042,C1650,Tablet,Electronics,6,24588.45,0,2026-08-22,Ahmedabad,COD,COMPLETED
103043,C1282,Webcam,Electronics,4,3894.16,15,2026-07-12,Bengaluru,COD,SHIPPED
103044,C1863,SSD 1TB,Electronics,4,6488.46,5,2026-08-28,Mumbai,Net Banking,COMPLETED
103045,C1413,Mechanical Keyboard,Electronics,-2,6242.1,0,2026-02-14,Ahmedabad,Debit Card,PENDING
103046,C1764,Desk Lamp,Furniture,5,1376.11,0,2026-03-18,Jaipur,Net Banking,CANCELLED
103047,C1170,Smartwatch,Electronics,1,7679.95,10,2026-06-07,Pune,UPI,CANCELLED
104332,C1308,Mechanical Keyboard,Electronics,3,5700.23,20,2026-05-28,Mumbai,Credit Card,COMPLETED
103049,C1345,Mouse,Electronics,2,849.41,5,2026-05-17,Chennai,COD,PENDING
103050,C1251,Webcam,Electronics,1,4360.08,15,2026-08-14,Delhi,UPI,SHIPPED
103051,C1482,Monitor,Electronics,5,16948.57,0,2026-04-04,Chennai,Net Banking,SHIPPED
103052,C1933,Smartwatch,Electronics,6,8409.27,0,2026-01-09,Ahmedabad,Net Banking,PENDING
103053,C1662,Router,Electronics,4,3035.93,10,2026-06-18,Kochi,UPI,SHIPPED
103105,C1804,USB Cable,Accessories,3,561.29,0,2026-03-19,Kolkata,COD,COMPLETED
103055,C1774,Printer,Electronics,4,12001.1,20,2026-06-11,Pune,UPI,CANCELLED
103056,C1652,Desk,Furniture,5,16045.47,20,2026-03-02,Jaipur,UPI,COMPLETED
103057,C1663,Mechanical Keyboard,Electronics,4,7016.74,20,2026-02-09,Ahmedabad,Net Banking,CANCELLED
103058,C1740,Backpack,Accessories,1,2430.35,0,2026-04-06,Kolkata,UPI,SHIPPED
103059,C1781,Headphones,Electronics,5,3387.84,15,2026-01-08,Jaipur,Credit Card,PENDING
103060,C1595,Headphones,Electronics,5,3305.37,0,2026-10-02,Mumbai,Net Banking,COMPLETED
103061,C1575,USB Cable,Accessories,4,530.36,20,2026-04-15,Delhi,Net Banking,COMPLETED
103062,C1468,Laptop,Electronics,5,58612.0,20,2026-06-07,Kochi,Debit Card,COMPLETED
102830,C1057,Printer,Electronics,6,14384.57,15,2026-05-20,Bengaluru,COD,COMPLETED
103064,C1789,Laptop Stand,Accessories,3,1693.34,15,2026-01-10,Bengaluru,Debit Card,COMPLETED
103065,C1793,Smartwatch,Electronics,5,10291.67,5,2026-01-14,Chennai,COD,COMPLETED
103066,C1065,Desk Lamp,Furniture,3,1753.37,5,2026-04-08,Kolkata,Debit Card,COMPLETED
103067,C1621,Router,Electronics,2,3640.25,0,2026-04-29,Ahmedabad,COD,CANCELLED
103068,C1794,Office Chair,Furniture,6,13030.86,20,2026-01-28,Mumbai,UPI,SHIPPED
103069,C1742,Mechanical Keyboard,Electronics,1,6332.86,10,2026-01-03,Chennai,Net Banking,CANCELLED
103070,C1277,Laptop Stand,Accessories,6,1591.5,15,2026-09-28,Kochi,UPI,COMPLETED
103071,C1388,Office Chair,Furniture,5,13515.63,15,2026-03-14,Ahmedabad,UPI,COMPLETED
103072,C1001,Webcam,Electronics,4,-500,0,2026-09-01,Kolkata,COD,COMPLETED
103073,C1422,Desk,Furniture,1,17709.84,0,2026-04-15,Kolkata,COD,CANCELLED
103074,C1552,Mouse,Electronics,5,833.75,20,2026-02-03,Jaipur,Credit Card,SHIPPED
103075,C1153,Router,Electronics,2,3296.61,5,2026-03-31,Hyderabad,Debit Card,PENDING
103076,C1334,Laptop,Electronics,6,66311.86,5,2026-03-17,Ahmedabad,COD,CANCELLED
103077,C1593,Power Bank,Electronics,5,1991.34,15,2026-08-28,Hyderabad,UPI,COMPLETED
103078,C1429,Mechanical Keyboard,Electronics,1,6349.82,10,2026-15-45,Kochi,Net Banking,COMPLETED
103079,C1175,Printer,Electronics,4,13546.04,0,2026-01-17,Ahmedabad,Credit Card,COMPLETED
103080,C1245,Desk Lamp,Furniture,1,1579.02,15,2026-03-31,Chennai,Credit Card,CANCELLED
103081,C1922,Office Chair,Furniture,3,11169.56,0,2026-07-15,Mumbai,Debit Card,COMPLETED
103082,C1534,Printer,Electronics,1,12241.14,0,2026-06-01,Mumbai,Debit Card,COMPLETED
103083,C1673,SSD 1TB,Electronics,2,6806.43,0,2026-02-16,Mumbai,Credit Card,SHIPPED
103084,C1372,Laptop Stand,Accessories,1,1628.63,0,2026-08-20,Chennai,UPI,COMPLETED
103085,C1624,Smartphone,Electronics,6,37740.97,0,2026-03-09,Hyderabad,Credit Card,SHIPPED
103086,C1325,USB Cable,Accessories,6,471.25,0,2026-07-01,Delhi,Net Banking,COMPLETED
103087,C1513,Keyboard,Electronics,6,2524.59,5,2026-07-08,Hyderabad,UPI,COMPLETED
103088,C1894,Smartphone,Electronics,6,32605.76,10,2026-03-17,Bengaluru,Debit Card,CANCELLED
103089,C1583,Backpack,Accessories,4,2311.58,0,2026-05-22,Chennai,Net Banking,COMPLETED
103090,C1202,USB Cable,Accessories,2,489.18,5,2026-07-26,Jaipur,COD,PENDING
103091,C1993,Router,Electronics,4,2992.36,0,2026-03-08,Pune,COD,COMPLETED
103092,C1580,Printer,Electronics,6,15701.33,0,2026-01-26,Hyderabad,Credit Card,PENDING
103093,C1537,Smartphone,Electronics,2,31490.75,5,2026-03-07,Kolkata,Net Banking,SHIPPED
103094,C1407,Keyboard,Electronics,4,2836.47,10,2026-07-28,Mumbai,Credit Card,COMPLETED
103095,C1386,Desk Lamp,Furniture,5,1796.17,10,2026-03-21,Kochi,COD,CANCELLED
103096,C1561,Laptop Stand,Accessories,2,1703.13,10,2026-09-02,Chennai,COD,PENDING
103097,C1475,Printer,Electronics,4,14465.84,0,2026-08-11,Kolkata,Debit Card,COMPLETED
103098,C1252,Office Chair,Furniture,5,10821.6,10,2026-05-09,Kochi,Credit Card,COMPLETED
103099,C1335,Webcam,Electronics,5,4537.64,0,2026-02-13,Mumbai,Credit Card,SHIPPED
103100,C1010,Laptop,Electronics,1,67142.49,0,2026-06-02,Kolkata,Net Banking,SHIPPED
103101,C1150,Desk Lamp,Furniture,6,1718.56,0,2026-06-06,Delhi,UPI,COMPLETED
103102,C1748,Smartwatch,Electronics,1,8237.86,0,2026-01-09,Delhi,COD,PENDING
103103,C1507,Power Bank,Electronics,2,2464.75,20,2026-08-29,Mumbai,UPI,PENDING
103104,C1627,Mechanical Keyboard,Electronics,4,6781.63,20,2026-07-16,Hyderabad,Credit Card,CANCELLED
103105,C1804,USB Cable,Accessories,3,561.29,0,2026-03-19,Kolkata,COD,COMPLETED
103106,C1239,Power Bank,Electronics,2,1890.45,5,2026-08-07,Chennai,COD,COMPLETED
103107,C1637,Office Chair,Furniture,5,13460.68,5,2026-03-06,Kochi,COD,COMPLETED
103108,C1664,SSD 1TB,Electronics,4,7071.29,0,2026-02-13,Jaipur,Debit Card,COMPLETED
103109,C1643,Laptop,Electronics,4,62082.37,5,2026-02-21,Ahmedabad,Net Banking,PENDING
103110,C1341,Printer,Electronics,2,15082.32,15,2026-05-29,Kolkata,Debit Card,COMPLETED
103111,C1814,Desk,Furniture,4,16691.19,15,2026-03-25,Pune,Credit Card,COMPLETED
103112,C1672,,Electronics,4,4716.64,0,2026-07-27,Bengaluru,UPI,COMPLETED
103113,C1508,Printer,Electronics,4,12725.09,0,2026-02-07,Jaipur,Debit Card,COMPLETED
103114,C1231,Tablet,Electronics,1,30163.58,20,2026-04-02,Kolkata,Credit Card,CANCELLED
103115,C1341,Desk Lamp,Furniture,6,1761.2,10,2026-02-06,Kochi,Credit Card,PENDING
103116,C1495,Webcam,Electronics,2,4445.49,0,2026-06-02,Mumbai,Debit Card,COMPLETED
103117,C1281,Backpack,Accessories,3,2537.46,0,2026-05-19,Jaipur,Net Banking,COMPLETED
103118,C1454,Mechanical Keyboard,Electronics,4,7213.7,20,2026-04-26,Pune,UPI,COMPLETED
103119,C1708,Printer,Electronics,4,13249.68,20,2026-02-06,Jaipur,UPI,CANCELLED
103120,C1570,SSD 1TB,Electronics,1,6964.97,0,2026-03-27,Ahmedabad,COD,COMPLETED
103121,C1080,Office Chair,Furniture,3,11580.7,0,2026-01-19,Kochi,UPI,PENDING
103122,C1813,SSD 1TB,Electronics,5,5953.06,0,2026-02-10,Bengaluru,Debit Card,SHIPPED
103123,C1266,Office Chair,Furniture,6,13082.76,5,2026-07-07,Delhi,COD,CANCELLED
103124,C1119,Smartphone,Electronics,1,36539.43,20,2026-08-31,Kolkata,UPI,COMPLETED
103125,C1011,Smartwatch,Electronics,2,10059.1,20,2026-01-07,Hyderabad,Debit Card,COMPLETED
103126,,Mechanical Keyboard,Electronics,3,7445.19,20,2026-05-08,Kochi,COD,COMPLETED
103127,C1182,Keyboard,Electronics,5,2143.1,0,2026-07-15,Chennai,Credit Card,CANCELLED
103128,C1748,Mouse,Electronics,2,803.3,20,2026-07-24,Hyderabad,UPI,CANCELLED
103129,C1455,Mechanical Keyboard,Electronics,5,5549.27,5,2026-06-14,Mumbai,COD,CANCELLED
103130,C1346,Keyboard,Electronics,4,2336.86,5,2026-04-16,Delhi,Credit Card,COMPLETED
103131,C1738,Tablet,Electronics,2,25480.74,0,2026-08-28,Hyderabad,Debit Card,COMPLETED
103132,C1515,Router,Electronics,1,3451.6,20,2026-08-10,Jaipur,UPI,PENDING
103133,C1737,Desk Lamp,Furniture,5,1591.82,0,2026-03-28,Kolkata,UPI,PENDING
100470,C1608,Backpack,Accessories,2,2845.39,5,2026-06-29,Pune,Credit Card,COMPLETED
103135,C1204,USB Cable,Accessories,4,481.79,0,2026-06-21,Ahmedabad,Debit Card,PENDING
103136,C1346,Mechanical Keyboard,Electronics,1,6193.67,110,2026-07-24,Delhi,Credit Card,CANCELLED
103137,C1122,Monitor,Electronics,5,15702.89,0,2026-06-01,Jaipur,Credit Card,COMPLETED
103138,C1018,Power Bank,Electronics,2,2266.41,5,2026-01-04,Jaipur,Net Banking,COMPLETED
103139,C1372,Office Chair,Furniture,3,11928.89,15,2026-01-30,Ahmedabad,Credit Card,CANCELLED
103140,C1916,Webcam,Electronics,1,4424.12,0,2026-05-29,Chennai,UPI,PENDING
103141,C1586,Power Bank,Electronics,6,2030.96,0,2026-08-04,Jaipur,Net Banking,SHIPPED
103142,C1135,Tablet,Electronics,2,25884.86,15,2026-07-12,Kolkata,Debit Card,COMPLETED
103143,C1999,Laptop,Electronics,2,64482.73,0,2026-10-01,Hyderabad,UPI,COMPLETED
103144,C1382,Printer,Electronics,5,15710.31,0,2026-04-21,Chennai,COD,SHIPPED
103145,C1049,Power Bank,Electronics,1,2129.62,0,2026-07-22,Chennai,Credit Card,SHIPPED
103146,C1849,Laptop,Electronics,3,51792.3,15,2026-09-29,Bengaluru,Net Banking,COMPLETED
103147,C1857,Laptop,Electronics,5,60810.34,0,2026-01-06,Delhi,COD,COMPLETED
103148,C1606,Monitor,Electronics,2,13014.16,15,2026-05-02,Kolkata,Credit Card,COMPLETED
103149,C1138,Laptop,Electronics,5,55721.26,0,2026-04-13,Jaipur,Debit Card,PENDING
103150,C1478,Desk Lamp,Furniture,3,1471.01,0,2026-04-06,Chennai,UPI,COMPLETED
103151,C1638,Mechanical Keyboard,Electronics,4,5608.85,20,2026-08-26,Pune,Net Banking,COMPLETED
103152,C1677,Power Bank,Electronics,3,2405.47,15,2026-03-12,Kolkata,Debit Card,COMPLETED
103153,C1765,Mechanical Keyboard,Electronics,5,6073.96,150,2026-06-18,Delhi,COD,COMPLETED
103154,C1127,Mechanical Keyboard,Electronics,1,6754.71,0,2026-07-19,Pune,Debit Card,PENDING
103155,C1216,Desk,Furniture,3,19415.28,5,2026-07-27,Mumbai,Credit Card,PENDING
103156,C1813,SSD 1TB,Electronics,2,6209.03,10,2026-09-11,Kolkata,Debit Card,CANCELLED
103157,C1417,Smartphone,Electronics,-5,32214.7,20,2026-07-29,Bengaluru,Net Banking,COMPLETED
103158,C1317,Mechanical Keyboard,Electronics,4,5584.44,0,2026-06-01,Jaipur,Credit Card,SHIPPED
103159,C1923,Smartphone,Electronics,1,31126.36,0,2026-02-02,Pune,COD,COMPLETED
103160,C1027,Keyboard,Electronics,0,2841.17,15,2026-01-03,Bengaluru,Net Banking,COMPLETED
103161,C1695,Keyboard,Electronics,4,2497.79,0,2026-06-11,Chennai,UPI,COMPLETED
103162,C1539,Backpack,Accessories,5,2171.38,0,2026-04-02,Hyderabad,Debit Card,COMPLETED
103163,,Laptop Stand,Accessories,5,1706.25,5,2026-05-16,Kolkata,Net Banking,COMPLETED
103164,C1749,SSD 1TB,Electronics,2,6153.86,20,2026-06-13,Jaipur,COD,COMPLETED
103165,C1326,Backpack,Accessories,1,2554.5,15,2026-02-10,Ahmedabad,COD,PENDING
103166,C1407,Tablet,Electronics,6,31668.53,20,2026-07-27,Kochi,Credit Card,SHIPPED
103167,C1338,Smartphone,Electronics,1,35564.15,0,2026-06-15,Kochi,Net Banking,COMPLETED
103168,C1642,Mechanical Keyboard,Electronics,4,6297.18,0,2026-07-11,Jaipur,UPI,COMPLETED
103169,C1993,Laptop Stand,Accessories,6,1904.8,20,2026-08-31,Bengaluru,COD,COMPLETED
103170,C1250,Laptop,Electronics,6,52804.71,0,2026-03-25,Kolkata,COD,COMPLETED
103171,C1442,Printer,Electronics,2,12811.46,20,2026-03-15,Kochi,Net Banking,COMPLETED
103172,C1805,USB Cable,Accessories,2,509.83,20,2026-07-27,Hyderabad,Debit Card,COMPLETED
103173,C1190,Mechanical Keyboard,Electronics,2,6153.21,20,2026-03-25,Chennai,Net Banking,SHIPPED
103174,C1632,Smartwatch,Electronics,6,8154.45,0,2026-08-13,Jaipur,Credit Card,PENDING
103175,C1955,Headphones,Electronics,2,3198.84,20,2026-06-23,Mumbai,UPI,COMPLETED
103176,C1244,Headphones,Electronics,1,3067.71,0,2026-01-01,Bengaluru,Net Banking,PENDING
103177,C1193,Laptop Stand,Accessories,2,1808.78,0,2026-03-12,Delhi,Debit Card,SHIPPED
103178,C1675,Keyboard,Electronics,5,2568.24,0,2026-01-05,Jaipur,Debit Card,COMPLETED
103179,C1882,Keyboard,Electronics,3,2757.06,15,2026-06-25,Mumbai,Net Banking,COMPLETED
103180,C1936,Backpack,Accessories,3,2452.31,15,2026-02-05,Delhi,COD,COMPLETED
103181,C1127,Laptop,Electronics,1,63899.18,5,2026-05-26,Delhi,Credit Card,CANCELLED
103182,C1158,Headphones,Electronics,4,3443.61,15,wrong_date,Mumbai,Net Banking,SHIPPED
103183,C1478,Backpack,Accessories,2,2277.81,0,2026-08-01,Ahmedabad,UPI,SHIPPED
103184,C1411,Desk,Furniture,6,17881.97,20,2026-08-15,Kolkata,Credit Card,PENDING
103185,C1370,Mouse,Electronics,2,770.83,0,2026-06-21,Kochi,Debit Card,COMPLETED
103186,C1638,Router,Electronics,3,2849.86,0,2026-02-13,Kolkata,Net Banking,CANCELLED
103187,C1304,Mouse,Electronics,2,895.47,0,2026-01-10,Chennai,Net Banking,COMPLETED
103188,C1518,Headphones,Electronics,4,2958.1,0,2026-07-10,Kochi,UPI,SHIPPED
103189,C1850,Headphones,Electronics,1,3308.49,0,2026-07-27,Delhi,COD,CANCELLED
103190,C1365,Smartphone,Electronics,3,39681.57,15,2026-02-06,Hyderabad,COD,SHIPPED
103191,C1273,Power Bank,Electronics,5,2190.56,10,2026-04-17,Bengaluru,COD,COMPLETED
103192,C1601,Smartwatch,Electronics,6,8957.89,10,2026-05-23,Kochi,UPI,COMPLETED
103193,C1613,Router,Electronics,4,2753.01,15,31/31/2026,Pune,UPI,COMPLETED
103194,C1611,Webcam,Electronics,2,4936.79,20,2026-08-12,Hyderabad,Credit Card,COMPLETED
103195,C1134,Laptop Stand,Accessories,5,1668.92,5,2026-02-21,Mumbai,UPI,COMPLETED
103196,C1735,Mechanical Keyboard,Electronics,5,6897.58,10,2026-02-08,Bengaluru,Debit Card,PENDING
103197,C1295,Mechanical Keyboard,Electronics,3,5969.56,0,2026-01-03,Bengaluru,Credit Card,CANCELLED
103198,C1461,Tablet,Electronics,0,29671.7,0,2026-03-12,Delhi,COD,PENDING
103199,C1720,Desk,Furniture,4,16920.92,20,2026-03-24,Pune,Net Banking,CANCELLED
103200,C1472,Router,Electronics,6,3192.03,20,2026-09-20,Ahmedabad,COD,COMPLETED
103201,C1930,USB Cable,Accessories,2,492.54,15,2026-09-05,Kolkata,Debit Card,CANCELLED
103202,C1559,Desk,Furniture,1,17394.84,0,2026-07-16,Bengaluru,Credit Card,CANCELLED
103203,C1740,Office Chair,Furniture,5,12512.76,5,2026-06-06,Jaipur,COD,PENDING
103204,C1549,Office Chair,Furniture,4,10288.21,15,2026-06-16,Ahmedabad,Net Banking,CANCELLED
103205,C1454,Desk Lamp,Furniture,3,1632.34,20,2026-07-18,Delhi,COD,COMPLETED
103206,C1994,Laptop,Electronics,5,66445.44,5,2026-03-20,Delhi,Net Banking,COMPLETED
103207,C1051,Mechanical Keyboard,Electronics,1,6644.16,0,2026-08-02,Bengaluru,Net Banking,SHIPPED
103208,C1135,Laptop,Electronics,1,58536.5,0,2026-06-13,Jaipur,COD,SHIPPED
103209,C1973,Office Chair,Furniture,3,11997.34,10,2026-07-24,Pune,Debit Card,COMPLETED
103210,C1909,Printer,Electronics,3,12319.48,0,2026-05-11,Jaipur,Net Banking,COMPLETED
103211,C1005,Laptop,Electronics,1,57955.47,5,2026-06-22,Ahmedabad,Net Banking,PENDING
103212,C1876,USB Cable,Accessories,3,527.49,0,2026-02-06,Chennai,Net Banking,COMPLETED
103213,C1261,Power Bank,Electronics,1,1971.58,0,2026-06-04,Hyderabad,UPI,PENDING
103214,C1602,Desk Lamp,Furniture,4,1807.82,0,2026-03-15,Delhi,Credit Card,PENDING
103215,C1416,Mechanical Keyboard,Electronics,4,5558.13,20,2026-04-30,Pune,Net Banking,COMPLETED
103216,C1747,Keyboard,Electronics,4,2139.91,0,2026-07-29,Delhi,UPI,PENDING
103217,C1305,Office Chair,Furniture,2,13498.71,10,2026-07-30,Kolkata,Credit Card,COMPLETED
103218,C1816,Power Bank,Electronics,6,1902.02,10,2026-10-01,Delhi,UPI,PENDING
103219,C1795,Office Chair,Furniture,6,10448.99,0,2026-01-07,Kochi,Net Banking,CANCELLED
103220,C1067,Desk Lamp,Furniture,4,1646.26,20,2026-09-07,Mumbai,Debit Card,COMPLETED
103221,C1156,Mechanical Keyboard,Electronics,3,5738.56,0,2026-07-19,Kochi,Debit Card,PENDING
103222,C1013,Desk,Furniture,3,20237.61,5,2026-04-15,Pune,Net Banking,CANCELLED
103223,C1503,Desk,Furniture,5,20557.89,0,2026-06-14,Jaipur,Credit Card,PENDING
103224,C1257,Laptop,Electronics,3,61520.6,15,2026-01-24,Mumbai,Net Banking,COMPLETED
103225,C1172,Desk Lamp,Furniture,3,1489.73,15,2026-01-23,Delhi,UPI,COMPLETED
103226,C1933,Router,Electronics,5,3655.96,0,2026-06-20,Ahmedabad,Debit Card,PENDING
103227,C1861,Laptop,Electronics,4,54441.78,0,2026-03-20,Kolkata,Credit Card,COMPLETED
103228,C1577,Backpack,Accessories,6,2469.88,0,2026-09-30,Chennai,Net Banking,COMPLETED
103229,C1624,SSD 1TB,Electronics,1,7328.24,0,2026-09-20,Chennai,Debit Card,CANCELLED
103230,C1535,Headphones,Electronics,2,2553.32,10,2026-03-08,Kochi,Debit Card,CANCELLED
103231,C1532,Smartphone,Electronics,6,35150.18,0,2026-02-24,Kochi,Net Banking,COMPLETED
103232,C1250,Laptop Stand,Accessories,2,2054.38,5,2026-01-16,Pune,COD,SHIPPED
103233,C1733,Desk Lamp,Furniture,3,1439.56,5,2026-09-04,Hyderabad,COD,COMPLETED
103234,C1101,Backpack,Accessories,2,2649.85,5,2026-07-26,Mumbai,COD,COMPLETED
103235,C1672,Keyboard,Electronics,3,2194.2,20,2026-09-29,Bengaluru,Net Banking,PENDING
103236,C1512,USB Cable,Accessories,3,541.84,5,2026-07-05,Pune,COD,COMPLETED
103237,C1424,Desk Lamp,Furniture,5,1644.99,0,2026-08-04,Mumbai,Credit Card,COMPLETED
103238,C1471,USB Cable,Accessories,2,523.06,0,2026-08-19,Kochi,COD,PENDING
103239,C1027,USB Cable,Accessories,2,459.2,15,2026-01-29,Kolkata,Net Banking,COMPLETED
103240,C1843,Office Chair,Furniture,6,12151.75,15,2026-08-18,Kolkata,COD,COMPLETED
103241,C1829,Backpack,Accessories,4,2560.69,15,2026-05-13,Bengaluru,Net Banking,SHIPPED
103242,C1508,Power Bank,Electronics,3,2003.67,10,2026-02-09,Ahmedabad,COD,PENDING
103243,C1701,Mouse,Electronics,4,859.75,5,2026-09-21,Bengaluru,Debit Card,PENDING
103244,C1066,Power Bank,Electronics,4,-50,10,2026-06-04,Pune,COD,PENDING
103245,C1780,Smartphone,Electronics,2,34002.36,10,2026-04-18,Ahmedabad,Debit Card,PENDING
103246,C1524,Backpack,Accessories,4,2279.02,0,2026-03-21,Kolkata,Net Banking,SHIPPED
104713,C1050,Mouse,Electronics,4,692.17,20,2026-05-08,Kochi,COD,COMPLETED
103248,C1805,Desk Lamp,Furniture,1,1663.38,0,2026-02-15,Ahmedabad,COD,COMPLETED
103249,C1158,Smartwatch,Electronics,6,9780.6,10,2026-07-18,Bengaluru,COD,COMPLETED
103250,C1835,Laptop,Electronics,6,65895.36,0,wrong_date,Chennai,COD,COMPLETED
103251,C1894,Monitor,Electronics,1,14796.07,0,2026-04-23,Jaipur,Credit Card,PENDING
103252,C1568,USB Cable,Accessories,4,507.99,0,2026-04-25,Hyderabad,COD,CANCELLED
103253,C1952,Tablet,Electronics,6,26351.82,5,2026-01-24,Delhi,Debit Card,COMPLETED
103254,C1430,Printer,Electronics,3,13833.01,10,2026-07-31,Ahmedabad,Credit Card,COMPLETED
103255,C1346,SSD 1TB,Electronics,6,6886.79,20,2026-09-07,Jaipur,Credit Card,CANCELLED
103256,C1103,Headphones,Electronics,6,3358.92,0,2026-02-21,Pune,Debit Card,COMPLETED
103257,C1647,Mouse,Electronics,6,882.6,0,2026-08-14,Kolkata,Debit Card,COMPLETED
103258,C1659,Keyboard,Electronics,5,2483.83,10,2026-04-24,Ahmedabad,Debit Card,CANCELLED
103259,C1841,Office Chair,Furniture,3,10360.96,0,2026-09-18,Ahmedabad,Credit Card,COMPLETED
103260,C1995,Keyboard,Electronics,3,2172.92,5,2026-01-27,Bengaluru,Credit Card,COMPLETED
103261,C1663,Power Bank,Electronics,1,2000.98,10,2026-08-16,Bengaluru,Debit Card,CANCELLED
103262,C1768,Smartphone,Electronics,5,36068.28,15,2026-01-20,Kochi,Net Banking,SHIPPED
100705,C1140,Keyboard,Electronics,6,2411.66,15,2026-04-27,Chennai,Credit Card,PENDING
103264,C1436,Router,Electronics,3,2972.87,5,2026-05-31,Kolkata,Credit Card,SHIPPED
103265,C1743,Tablet,Electronics,3,30640.99,0,2026-08-10,Delhi,Credit Card,PENDING
103266,C1326,Printer,Electronics,2,15085.21,10,2026-04-17,Bengaluru,Debit Card,PENDING
103267,C1967,Printer,Electronics,3,13802.63,0,2026-03-17,Jaipur,Credit Card,COMPLETED
103268,C1521,Smartphone,Electronics,5,37877.24,0,2026-01-20,Mumbai,COD,COMPLETED
103269,C1339,Mechanical Keyboard,Electronics,3,7322.44,15,2026-06-05,Mumbai,Credit Card,COMPLETED
103270,C1179,Desk,Furniture,1,17329.94,15,2026-07-10,Bengaluru,COD,COMPLETED
103271,C1641,Office Chair,Furniture,5,11090.78,5,2026-07-19,Kolkata,Net Banking,COMPLETED
103272,C1307,Desk,Furniture,4,19871.42,15,2026-05-11,Chennai,Credit Card,CANCELLED
103273,C1125,SSD 1TB,Electronics,6,7277.6,0,2026-05-26,Bengaluru,Net Banking,COMPLETED
103274,C1758,Desk Lamp,Furniture,1,1563.85,5,2026-01-02,Pune,UPI,COMPLETED
103275,C1919,Headphones,Electronics,1,3012.26,0,2026-07-27,Kochi,COD,COMPLETED
103276,C1661,Desk,Furniture,1,16530.8,20,2026-06-03,Hyderabad,Net Banking,SHIPPED
103277,C1715,Mouse,Electronics,6,821.79,20,2026-04-15,Jaipur,Net Banking,COMPLETED
103278,C1026,USB Cable,Accessories,5,546.55,20,2026-03-06,Ahmedabad,Net Banking,COMPLETED
103279,C1680,Laptop Stand,Accessories,2,1946.15,0,2026-03-19,Chennai,Debit Card,CANCELLED
103280,C1030,Smartwatch,Electronics,6,9393.69,5,2026-04-06,Bengaluru,COD,COMPLETED
103281,C1425,Smartphone,Electronics,4,34576.64,10,2026-07-13,Chennai,Net Banking,SHIPPED
103282,C1975,Keyboard,Electronics,1,2229.66,0,2026-07-21,Delhi,Debit Card,COMPLETED
103283,C1830,Mouse,Electronics,2,870.42,20,2026-03-07,Mumbai,Credit Card,COMPLETED
103284,C1628,Smartwatch,Electronics,5,7756.97,0,2026-08-13,Chennai,COD,COMPLETED
103285,C1912,Tablet,Electronics,4,26807.9,15,2026-01-09,Bengaluru,Net Banking,SHIPPED
103286,C1629,Keyboard,Electronics,3,2237.29,0,2026-05-22,Chennai,UPI,COMPLETED
103287,C1300,Laptop,Electronics,5,53955.68,0,2026-06-29,Bengaluru,Net Banking,COMPLETED
103288,C1871,Smartphone,Electronics,3,34309.95,0,2026-03-13,Chennai,UPI,COMPLETED
103289,C1562,Smartphone,Electronics,2,34890.97,0,wrong_date,Delhi,UPI,PENDING
103290,C1598,SSD 1TB,Electronics,6,7849.65,5,2026-06-21,Pune,COD,COMPLETED
103291,C1654,Headphones,Electronics,4,3166.78,5,2026-05-15,Bengaluru,Debit Card,PENDING
103292,C1046,Laptop,Electronics,2,67691.29,20,2026-06-15,Kolkata,Credit Card,CANCELLED
103293,C1820,Power Bank,Electronics,3,1911.94,15,2026-04-17,Hyderabad,Debit Card,CANCELLED
103294,C1261,Mechanical Keyboard,Electronics,4,6463.17,0,2026-10-01,Ahmedabad,Credit Card,PENDING
103295,C1000,Desk,Furniture,4,19377.15,0,2026-02-03,Hyderabad,Debit Card,COMPLETED
103296,C1387,Keyboard,Electronics,3,2639.98,0,2026-04-12,Mumbai,Debit Card,COMPLETED
103297,C1117,Office Chair,Furniture,6,13014.0,5,2026-09-27,Ahmedabad,Net Banking,PENDING
103298,C1843,Power Bank,Electronics,2,1911.93,20,2026-01-05,Hyderabad,UPI,PENDING
103299,C1329,Desk,Furniture,2,17680.39,15,2026-08-11,Chennai,UPI,PENDING
103300,C1198,Mouse,Electronics,6,806.8,0,2026-09-15,Kolkata,UPI,COMPLETED
103301,C1740,Mechanical Keyboard,Electronics,4,7406.81,0,2026-06-09,Delhi,COD,COMPLETED
103302,C1332,Keyboard,Electronics,1,2312.63,5,2026-09-04,Ahmedabad,Net Banking,COMPLETED
103303,C1646,Monitor,Electronics,1,14936.48,10,2026-02-09,Ahmedabad,Net Banking,COMPLETED
103304,C1046,Desk Lamp,Furniture,6,1554.59,10,2026-06-13,Chennai,Debit Card,COMPLETED
103305,C1338,Backpack,Accessories,1,2429.91,10,2026-01-02,Mumbai,Net Banking,PENDING
103306,C1672,Webcam,Electronics,2,5073.07,15,2026-02-06,Pune,Debit Card,COMPLETED
103307,C1723,Webcam,Electronics,-1,4370.73,0,2026-04-05,Delhi,UPI,COMPLETED
103308,C1981,Router,Electronics,4,3559.31,15,2026-06-21,Kolkata,Debit Card,COMPLETED
103309,C1172,Desk,Furniture,6,15816.11,0,2026-03-20,Kolkata,Net Banking,SHIPPED
103310,C1491,Mouse,Electronics,1,755.61,0,2026-06-13,Kochi,COD,COMPLETED
103311,C1019,Monitor,Electronics,4,14659.87,0,2026-04-16,Ahmedabad,Credit Card,COMPLETED
103312,C1138,USB Cable,Accessories,3,430.6,0,2026-04-29,Kochi,Credit Card,COMPLETED
103313,C1680,Headphones,Electronics,1,2885.19,0,2026-01-15,Bengaluru,COD,COMPLETED
103314,C1870,Keyboard,Electronics,1,2693.62,0,2026-10-01,Hyderabad,Credit Card,COMPLETED
103315,C1589,Monitor,Electronics,2,13775.21,0,2026-07-06,Mumbai,COD,SHIPPED
103316,C1978,Monitor,Electronics,2,13462.46,15,2026-05-11,Pune,Net Banking,CANCELLED
103317,C1290,Power Bank,Electronics,2,2012.94,0,2026-09-14,Chennai,Debit Card,COMPLETED
104275,C1425,Keyboard,Electronics,2,2495.18,0,2026-03-07,Bengaluru,UPI,COMPLETED
103319,C1439,Webcam,Electronics,3,4059.72,0,2026-07-02,Delhi,Net Banking,SHIPPED
103320,C1651,Printer,Electronics,6,15700.63,20,2026-05-05,Hyderabad,COD,PENDING
103321,C1652,SSD 1TB,Electronics,2,7255.84,20,2026-04-29,Pune,Net Banking,COMPLETED
103322,C1342,Headphones,Electronics,4,3433.65,5,2026-15-45,Pune,COD,COMPLETED
103323,C1273,Printer,Electronics,4,15933.85,0,2026-05-07,Ahmedabad,UPI,PENDING
103324,C1938,Tablet,Electronics,4,26321.23,0,2026-08-31,Pune,Credit Card,COMPLETED
103325,C1414,Smartwatch,Electronics,6,8651.35,0,2026-08-15,Hyderabad,Net Banking,SHIPPED
103326,C1736,Power Bank,Electronics,6,2023.99,0,2026-07-28,Mumbai,COD,PENDING
103327,C1909,Power Bank,Electronics,6,2034.9,0,2026-04-14,Chennai,Net Banking,PENDING
103328,C1154,Desk,Furniture,1,17129.28,0,2026-03-22,Jaipur,Net Banking,COMPLETED
103329,C1762,Mechanical Keyboard,Electronics,2,6156.76,0,2026-05-27,Chennai,COD,COMPLETED
103330,C1512,Tablet,Electronics,2,29417.55,0,2026-07-31,Bengaluru,Net Banking,CANCELLED
103331,C1551,USB Cable,Accessories,3,509.83,10,2026-05-02,Kochi,COD,PENDING
103332,C1806,Keyboard,Electronics,4,2197.14,20,2026-04-25,Ahmedabad,UPI,COMPLETED
103333,C1403,Router,Electronics,6,2908.86,5,2026-02-15,Kolkata,Credit Card,COMPLETED
103334,C1509,Webcam,Electronics,4,4001.58,0,2026-08-30,Mumbai,UPI,COMPLETED
103335,C1280,Mechanical Keyboard,Electronics,5,6351.04,5,2026-01-10,Ahmedabad,Credit Card,SHIPPED
103336,C1749,Office Chair,Furniture,5,10948.82,0,2026-03-04,Hyderabad,Net Banking,COMPLETED
103337,C1606,Desk,Furniture,4,17443.05,0,2026-05-23,Mumbai,COD,CANCELLED
103338,C1168,Smartphone,Electronics,6,32863.65,20,2026-07-27,Delhi,Credit Card,PENDING
103339,C1111,Backpack,Accessories,2,2686.04,10,2026-06-03,Kolkata,Credit Card,SHIPPED
103340,C1840,Smartwatch,Electronics,3,9015.19,15,2026-02-10,Bengaluru,Credit Card,CANCELLED
103341,C1423,Smartphone,Electronics,6,32817.38,5,2026-02-15,Kochi,Net Banking,SHIPPED
103342,C1688,Laptop,Electronics,4,63274.7,10,2026-04-25,Delhi,Debit Card,COMPLETED
103343,C1614,Monitor,Electronics,1,13221.96,5,2026-02-25,Mumbai,Debit Card,PENDING
103344,C1028,Monitor,Electronics,4,16242.32,0,2026-05-20,Kochi,UPI,COMPLETED
103345,C1199,Laptop Stand,Accessories,2,1676.97,0,2026-04-21,Jaipur,Net Banking,SHIPPED
103346,C1672,Webcam,Electronics,6,-500,20,2026-02-21,Hyderabad,UPI,PENDING
103347,C1558,Office Chair,Furniture,1,12822.13,0,2026-08-11,Jaipur,COD,COMPLETED
103348,C1038,Keyboard,Electronics,3,2806.53,0,2026-02-23,Chennai,UPI,COMPLETED
103349,C1592,Smartwatch,Electronics,6,9425.77,20,2026-01-13,Kolkata,Debit Card,CANCELLED
103350,C1920,Headphones,Electronics,1,2685.47,10,2026-08-02,Chennai,UPI,SHIPPED
103351,C1937,Mechanical Keyboard,Electronics,1,6983.58,0,2026-01-21,Delhi,Debit Card,COMPLETED
103352,C1124,Webcam,Electronics,3,4502.62,15,2026-06-18,Hyderabad,COD,COMPLETED
103353,C1909,USB Cable,Accessories,1,456.43,0,2026-02-08,Chennai,UPI,CANCELLED
103354,C1489,Smartwatch,Electronics,6,7909.65,20,2026-02-21,Delhi,COD,SHIPPED
103355,C1060,Keyboard,Electronics,3,2715.4,-10,2026-02-14,Jaipur,UPI,COMPLETED
103356,C1897,USB Cable,Accessories,6,439.66,15,2026-06-08,Kolkata,Credit Card,COMPLETED
103357,C1927,Backpack,Accessories,6,2775.57,0,2026-09-24,Ahmedabad,UPI,COMPLETED
103358,C1094,Monitor,Electronics,2,16531.72,5,2026-06-03,Pune,Credit Card,SHIPPED
103359,C1956,Keyboard,Electronics,5,2284.85,5,2026-09-01,Ahmedabad,Debit Card,SHIPPED
103360,C1389,Desk,Furniture,4,-50,0,2026-05-03,Ahmedabad,UPI,COMPLETED
103361,C1940,Printer,Electronics,3,14481.6,0,2026-07-14,Bengaluru,COD,COMPLETED
103362,C1173,Laptop Stand,Accessories,6,1611.95,0,2026-05-26,Kolkata,UPI,CANCELLED
103363,C1243,Keyboard,Electronics,3,-50,0,2026-07-30,Kochi,Net Banking,CANCELLED
103364,C1189,Smartphone,Electronics,1,34018.46,0,2026-06-26,Pune,Credit Card,COMPLETED
103365,C1179,Printer,Electronics,6,13209.93,0,2026-01-02,Mumbai,Debit Card,COMPLETED
103366,C1498,Keyboard,Electronics,6,2474.91,10,2026-05-22,Ahmedabad,COD,COMPLETED
103367,C1436,Smartphone,Electronics,5,,10,2026-04-24,Kolkata,UPI,COMPLETED
103368,C1108,Smartwatch,Electronics,6,9542.04,0,2026-08-10,Jaipur,Debit Card,CANCELLED
103369,C1939,Smartphone,Electronics,2,33589.01,20,2026-09-16,Hyderabad,Credit Card,COMPLETED
103370,C1459,Keyboard,Electronics,4,2242.05,5,2026-03-10,Pune,Net Banking,COMPLETED
103371,C1026,Office Chair,Furniture,4,13346.27,5,2026-01-12,Kolkata,UPI,COMPLETED
103372,C1879,Office Chair,Furniture,1,13219.8,0,2026-07-13,Ahmedabad,Net Banking,COMPLETED
103373,C1266,Mouse,Electronics,6,802.87,20,2026-02-22,Kolkata,UPI,CANCELLED
103374,C1832,Tablet,Electronics,4,28348.56,0,2026-05-20,Bengaluru,Net Banking,COMPLETED
103375,C1549,USB Cable,Accessories,1,495.76,0,2026-04-09,Ahmedabad,UPI,COMPLETED
103376,C1359,Headphones,Electronics,2,2756.43,10,2026-03-17,Mumbai,Credit Card,PENDING
103377,C1158,Desk,Furniture,1,18194.67,5,2026-06-17,Mumbai,COD,COMPLETED
103378,C1366,Desk Lamp,Furniture,5,1645.84,0,2026-01-01,Hyderabad,UPI,COMPLETED
103379,C1743,Mechanical Keyboard,Electronics,3,6407.12,20,2026-03-01,Delhi,Debit Card,COMPLETED
103380,C1721,Monitor,Electronics,2,14311.63,0,2026-06-10,Delhi,Debit Card,SHIPPED
103381,C1949,USB Cable,Accessories,2,539.92,10,2026-03-09,Kolkata,Net Banking,COMPLETED
103382,C1120,SSD 1TB,Electronics,4,7118.7,0,2026-08-26,Ahmedabad,Credit Card,COMPLETED
103383,C1130,Mechanical Keyboard,Electronics,1,7185.4,0,2026-06-03,Bengaluru,COD,COMPLETED
103384,C1931,Power Bank,Electronics,2,2068.85,10,2026-06-20,Mumbai,COD,COMPLETED
103385,C1952,Office Chair,Furniture,3,11890.31,5,2026-08-21,Hyderabad,Credit Card,PENDING
103386,C1037,Headphones,Electronics,1,3127.4,15,2026-04-25,Kolkata,Net Banking,COMPLETED
103387,C1774,SSD 1TB,Electronics,4,8010.81,10,2026-01-13,Delhi,Net Banking,PENDING
103388,C1599,Monitor,Electronics,6,13406.59,0,2026-08-16,Hyderabad,Credit Card,CANCELLED
103389,C1412,Desk Lamp,Furniture,5,1366.6,20,2026-06-19,Ahmedabad,Debit Card,COMPLETED
103390,C1936,Printer,Electronics,3,14387.9,0,2026-01-11,Ahmedabad,Debit Card,COMPLETED
103391,C1589,Laptop,Electronics,4,61849.37,5,2026-01-26,Hyderabad,Debit Card,COMPLETED
103392,C1532,Desk Lamp,Furniture,5,1565.99,5,2026-02-04,Kolkata,Net Banking,COMPLETED
103393,C1430,Backpack,Accessories,2,2300.15,20,2026-05-20,Pune,Net Banking,COMPLETED
103394,C1084,Smartphone,Electronics,3,31260.97,5,2026-02-17,Delhi,Net Banking,CANCELLED
103395,C1573,Keyboard,Electronics,3,2565.81,10,2026-01-30,Mumbai,Debit Card,COMPLETED
103396,C1650,Laptop,Electronics,5,56046.35,5,2026-07-24,Kochi,COD,COMPLETED
103397,C1655,Desk Lamp,Furniture,4,1501.97,0,2026-08-24,Jaipur,Credit Card,COMPLETED
103398,C1821,Laptop,Electronics,5,56075.72,0,2026-05-04,Mumbai,Debit Card,COMPLETED
103399,C1217,Desk,Furniture,5,15325.74,0,2026-05-21,Bengaluru,Net Banking,CANCELLED
103400,C1129,Desk,Furniture,1,19188.79,0,2026-05-07,Chennai,COD,COMPLETED
103401,C1335,Mechanical Keyboard,Electronics,3,6139.88,0,2026-01-15,Chennai,Credit Card,SHIPPED
103402,C1576,Smartphone,Electronics,1,31452.59,0,2026-07-08,Jaipur,UPI,COMPLETED
103403,C1781,Webcam,Electronics,2,4712.16,10,2026-06-23,Kochi,Debit Card,COMPLETED
103404,C1185,Laptop Stand,Accessories,1,1703.97,10,2026-03-13,Ahmedabad,Net Banking,COMPLETED
103405,C1047,Office Chair,Furniture,1,13481.93,0,2026-08-11,Chennai,Credit Card,CANCELLED
103406,C1632,Desk Lamp,Furniture,1,1572.46,0,2026-09-06,Hyderabad,Credit Card,PENDING
103407,C1142,USB Cable,Accessories,1,470.31,5,2026-08-26,Ahmedabad,Credit Card,COMPLETED
103408,C1367,Laptop Stand,Accessories,5,1625.09,5,2026-07-15,Kochi,Credit Card,SHIPPED
103409,C1879,Laptop,Electronics,4,54983.23,0,2026-07-01,Kolkata,Credit Card,COMPLETED
103410,C1859,Laptop Stand,Accessories,5,1614.72,0,2026-06-04,Ahmedabad,Debit Card,COMPLETED
103411,C1189,USB Cable,Accessories,1,487.7,15,2026-01-25,Bengaluru,COD,COMPLETED
103412,C1658,Laptop Stand,Accessories,2,1731.78,0,2026-09-08,Kochi,Net Banking,COMPLETED
103413,C1618,Mouse,Electronics,1,693.95,0,2026-04-05,Kochi,Debit Card,SHIPPED
103414,C1101,,Electronics,2,31684.16,0,2026-07-12,Hyderabad,Net Banking,COMPLETED
103415,C1526,SSD 1TB,Electronics,3,7986.64,0,2026-01-02,Jaipur,COD,PENDING
103416,C1831,USB Cable,Accessories,2,425.07,20,2026-06-26,Delhi,Credit Card,CANCELLED
103417,C1239,Keyboard,Electronics,4,2613.17,5,2026-08-27,Ahmedabad,UPI,COMPLETED
103418,C1339,Smartphone,Electronics,3,34381.47,0,2026-05-06,Jaipur,UPI,CANCELLED
103419,C1121,Desk Lamp,Furniture,3,1813.59,0,2026-04-11,Kochi,UPI,COMPLETED
103420,C1686,Backpack,Accessories,4,2445.93,5,2026-08-08,Pune,UPI,COMPLETED
103421,C1181,Printer,Electronics,6,15664.59,5,2026-02-04,Mumbai,UPI,PENDING
103422,C1163,Mechanical Keyboard,Electronics,1,7126.67,15,2026-06-14,Jaipur,COD,COMPLETED
103423,C1416,Keyboard,Electronics,6,2593.71,0,2026-03-09,Delhi,UPI,CANCELLED
103424,C1116,Smartphone,Electronics,4,36323.67,15,2026-08-15,Kolkata,Net Banking,CANCELLED
103425,,Printer,Electronics,6,13695.83,0,2026-05-06,Mumbai,Credit Card,COMPLETED
104318,C1376,Mouse,Electronics,5,757.96,15,2026-08-19,Kolkata,COD,COMPLETED
103427,C1838,Router,Electronics,6,2993.1,10,2026-07-08,Chennai,Credit Card,SHIPPED
103428,C1085,Keyboard,Electronics,3,2759.35,10,2026-06-09,Delhi,UPI,COMPLETED
103429,C1029,Laptop Stand,Accessories,4,1978.3,20,2026-05-06,Kochi,COD,PENDING
103430,C1929,USB Cable,Accessories,2,530.46,0,2026-04-17,Mumbai,Debit Card,SHIPPED
103431,C1352,Desk Lamp,Furniture,6,1660.66,20,2026-07-14,Chennai,COD,COMPLETED
103432,C1129,Printer,Electronics,-1,14897.14,0,2026-09-09,Ahmedabad,Credit Card,CANCELLED
103433,C1508,Tablet,Electronics,3,28589.05,0,2026-04-18,Ahmedabad,Credit Card,COMPLETED
103434,C1096,Monitor,Electronics,3,15752.85,0,2026-07-18,Pune,Credit Card,CANCELLED
103435,C1438,Smartphone,Electronics,3,31681.89,5,2026-04-23,Pune,UPI,COMPLETED
103436,C1499,Headphones,Electronics,3,2834.33,0,2026-04-23,Delhi,Net Banking,COMPLETED
103437,C1688,Smartphone,Electronics,3,39518.7,5,2026-08-29,Chennai,Debit Card,PENDING
103438,C1451,Router,Electronics,3,3285.13,0,2026-03-26,Hyderabad,COD,COMPLETED
103439,C1725,SSD 1TB,Electronics,1,5995.53,5,2026-03-12,Pune,UPI,SHIPPED
103440,C1592,USB Cable,Accessories,5,487.82,5,2026-10-01,Pune,UPI,COMPLETED
103441,C1838,Mouse,Electronics,4,863.82,20,2026-08-18,Chennai,Net Banking,COMPLETED
103442,C1611,Laptop Stand,Accessories,6,1702.57,0,2026-08-14,Kochi,Credit Card,COMPLETED
103443,C1701,Office Chair,Furniture,2,10462.62,10,2026-02-26,Hyderabad,Net Banking,CANCELLED
103444,C1380,Laptop,Electronics,2,53652.2,0,2026-05-30,Jaipur,Net Banking,PENDING
103445,,Laptop,Electronics,3,67392.74,5,2026-08-26,Mumbai,Debit Card,COMPLETED
103446,C1884,Router,Electronics,3,3390.19,0,2026-08-23,Kolkata,Credit Card,COMPLETED
103447,C1665,Desk Lamp,Furniture,5,1424.3,0,2026-08-20,Ahmedabad,Credit Card,COMPLETED
103448,C1197,Backpack,Accessories,6,2673.35,0,2026-01-29,Kochi,Debit Card,COMPLETED
103449,C1065,Smartphone,Electronics,4,33952.11,15,2026-08-16,Kolkata,Net Banking,COMPLETED
103450,C1416,Laptop Stand,Accessories,6,1605.94,20,2026-09-24,Chennai,Credit Card,COMPLETED
103451,C1115,Keyboard,Electronics,2,2787.46,20,2026-03-19,Kolkata,UPI,CANCELLED
103452,C1692,Router,Electronics,3,3203.24,0,2026-03-06,Chennai,Debit Card,PENDING
103453,C1208,Webcam,Electronics,2,4395.86,5,2026-07-15,Kolkata,COD,COMPLETED
103454,C1961,Mechanical Keyboard,Electronics,5,6315.67,15,2026-02-13,Delhi,Net Banking,COMPLETED
103455,C1872,Power Bank,Electronics,0,2316.94,10,2026-05-27,Chennai,COD,COMPLETED
103456,C1024,Mechanical Keyboard,Electronics,3,7313.59,0,2026-01-27,Bengaluru,Credit Card,COMPLETED
103457,C1267,Desk Lamp,Furniture,3,1726.53,0,2026-04-21,Pune,UPI,CANCELLED
103458,C1992,Laptop,Electronics,1,52949.06,0,2026-05-30,Chennai,UPI,SHIPPED
103459,C1353,Router,Electronics,6,3383.29,15,2026-01-31,Ahmedabad,UPI,COMPLETED
103460,C1974,Router,Electronics,6,3209.19,15,2026-01-19,Hyderabad,Debit Card,CANCELLED
103461,C1069,Mouse,Electronics,3,694.74,0,2026-02-02,Pune,Net Banking,SHIPPED
103462,C1915,Router,Electronics,3,2792.81,0,2026-06-19,Delhi,COD,CANCELLED
103463,C1670,Monitor,Electronics,3,15067.73,0,2026-09-02,Hyderabad,Net Banking,COMPLETED
103464,C1360,Router,Electronics,1,2909.2,10,2026-01-07,Bengaluru,Net Banking,PENDING
103465,C1953,Power Bank,Electronics,4,2056.01,0,2026-09-07,Jaipur,COD,COMPLETED
103466,C1036,Keyboard,Electronics,5,2152.9,5,2026-02-22,Chennai,COD,PENDING
103467,C1710,Mechanical Keyboard,Electronics,6,6896.4,5,2026-02-22,Chennai,UPI,COMPLETED
103468,C1374,Router,Electronics,4,3127.32,20,2026-09-22,Chennai,UPI,COMPLETED
103469,C1582,Smartwatch,Electronics,4,9881.82,5,2026-08-13,Pune,COD,CANCELLED
103470,C1729,Router,Electronics,2,3357.44,0,2026-07-31,Bengaluru,Net Banking,COMPLETED
103471,C1736,Power Bank,Electronics,1,2089.67,10,2026-04-17,Pune,Credit Card,COMPLETED
103472,C1365,Mechanical Keyboard,Electronics,1,6671.72,5,2026-06-17,Jaipur,Credit Card,PENDING
103473,C1378,Laptop Stand,Accessories,3,2044.0,0,2026-09-18,Mumbai,Debit Card,COMPLETED
103474,C1397,Smartphone,Electronics,6,31241.28,5,2026-09-04,Pune,COD,COMPLETED
103475,C1068,Power Bank,Electronics,5,2407.49,5,2026-08-08,Ahmedabad,Net Banking,PENDING
103476,C1889,Webcam,Electronics,1,,20,2026-04-14,Kolkata,Credit Card,PENDING
103477,C1349,Webcam,Electronics,2,5041.28,5,2026-04-02,Jaipur,Net Banking,SHIPPED
103478,C1606,Mechanical Keyboard,Electronics,6,5957.86,0,2026-02-05,Pune,UPI,COMPLETED
103479,C1327,USB Cable,Accessories,5,480.59,0,2026-08-07,Bengaluru,Credit Card,COMPLETED
103480,C1823,Mechanical Keyboard,Electronics,4,7120.46,0,2026-10-02,Kochi,Net Banking,COMPLETED
103481,C1907,Laptop,Electronics,6,59220.24,20,2026-04-25,Ahmedabad,Credit Card,SHIPPED
103482,C1812,Printer,Electronics,4,13814.7,15,2026-03-01,Bengaluru,COD,COMPLETED
103483,C1143,Power Bank,Electronics,2,2327.57,5,2026-09-16,Chennai,Credit Card,COMPLETED
103484,C1798,Desk Lamp,Furniture,1,1364.14,0,2026-03-16,Bengaluru,UPI,COMPLETED
103485,C1733,Office Chair,Furniture,2,10896.46,15,2026-05-29,Jaipur,Credit Card,CANCELLED
103486,C1987,Mouse,Electronics,3,857.33,5,2026-08-17,Jaipur,UPI,PENDING
103487,C1854,Tablet,Electronics,1,29493.99,10,2026-09-01,Bengaluru,Net Banking,COMPLETED
103488,C1726,Desk Lamp,Furniture,4,1527.94,5,2026-07-26,Jaipur,Net Banking,COMPLETED
103489,C1041,Desk Lamp,Furniture,5,1707.25,5,2026-09-26,Delhi,Credit Card,COMPLETED
103490,C1797,Office Chair,Furniture,1,10262.88,15,2026-07-07,Mumbai,Credit Card,COMPLETED
103491,C1967,USB Cable,Accessories,6,481.98,15,2026-07-06,Delhi,Net Banking,PENDING
103492,C1205,Headphones,Electronics,2,3304.01,10,2026-02-08,Hyderabad,Credit Card,PENDING
103493,C1720,Laptop,Electronics,4,51382.52,15,2026-05-26,Jaipur,Credit Card,SHIPPED
103494,C1051,Monitor,Electronics,3,14967.79,15,2026-02-28,Bengaluru,Debit Card,COMPLETED
103495,C1763,Monitor,Electronics,1,13061.59,15,2026-03-19,Chennai,UPI,COMPLETED
103496,C1516,Mouse,Electronics,2,776.32,10,2026-04-17,Hyderabad,Net Banking,COMPLETED
103497,C1612,Backpack,Accessories,5,2813.89,0,2026-04-23,Pune,Debit Card,PENDING
103498,C1512,Webcam,Electronics,3,4489.2,0,2026-04-06,Bengaluru,Debit Card,PENDING
103499,C1412,Printer,Electronics,5,12283.42,0,2026-07-16,Delhi,COD,SHIPPED
103500,C1648,Smartphone,Electronics,3,36877.18,0,2026-03-21,Kolkata,Credit Card,COMPLETED
103501,C1965,Printer,Electronics,6,12482.58,15,2026-07-28,Chennai,Debit Card,COMPLETED
103502,C1797,Router,Electronics,2,3017.96,10,2026-06-20,Hyderabad,COD,COMPLETED
103503,C1737,Printer,Electronics,6,12439.85,0,2026-01-21,Kolkata,Credit Card,COMPLETED
103504,C1559,Smartphone,Electronics,6,30271.11,0,2026-07-13,Kolkata,Debit Card,COMPLETED
103505,C1603,Laptop,Electronics,5,64782.42,0,2026-04-17,Mumbai,Net Banking,COMPLETED
103506,C1410,Webcam,Electronics,6,3901.98,15,2026-04-12,Delhi,Debit Card,SHIPPED
103507,C1865,Webcam,Electronics,4,4632.67,20,2026-04-13,Kolkata,UPI,COMPLETED
103508,C1058,Mouse,Electronics,5,692.58,20,2026-05-01,Bengaluru,COD,SHIPPED
103509,C1533,Monitor,Electronics,6,12765.98,0,2026-09-30,Kolkata,Credit Card,PENDING
103510,C1659,Laptop Stand,Accessories,3,1907.47,0,2026-02-03,Pune,COD,PENDING
103511,C1774,Headphones,Electronics,5,3164.65,10,2026-04-28,Kolkata,Debit Card,CANCELLED
103512,C1225,Backpack,Accessories,4,2443.52,0,2026-08-02,Chennai,Credit Card,PENDING
103513,C1938,Laptop,Electronics,5,65199.65,0,2026-03-13,Mumbai,Net Banking,PENDING
103514,C1068,SSD 1TB,Electronics,5,6586.51,5,2026-05-12,Jaipur,UPI,COMPLETED
103515,C1933,Laptop Stand,Accessories,1,2066.49,20,2026-02-15,Kolkata,Debit Card,CANCELLED
103516,C1561,Webcam,Electronics,6,4877.67,0,2026-01-05,Kochi,Net Banking,SHIPPED
103517,C1952,Webcam,Electronics,5,4429.62,10,2026-05-29,Mumbai,UPI,PENDING
103518,C1598,Monitor,Electronics,6,14137.91,15,2026-08-05,Kochi,Credit Card,SHIPPED
103519,C1417,SSD 1TB,Electronics,6,6010.44,15,2026-02-23,Chennai,Net Banking,SHIPPED
103520,C1490,Monitor,Electronics,5,14978.58,5,2026-03-06,Ahmedabad,COD,COMPLETED
103521,C1418,Laptop Stand,Accessories,4,1824.16,15,2026-07-03,Kolkata,UPI,CANCELLED
103522,C1670,Smartphone,Electronics,6,31445.38,5,2026-03-30,Kochi,Credit Card,COMPLETED
103523,C1435,Tablet,Electronics,4,27528.37,20,2026-09-21,Kolkata,COD,CANCELLED
103524,C1704,Webcam,Electronics,4,4693.83,0,2026-07-22,Pune,Credit Card,COMPLETED
103525,C1563,Desk Lamp,Furniture,6,1788.16,10,2026-01-01,Jaipur,Debit Card,PENDING
103526,C1597,Laptop Stand,Accessories,3,1835.42,0,31/31/2026,Pune,Debit Card,PENDING
103527,C1488,Printer,Electronics,4,12539.63,0,2026-09-11,Chennai,Debit Card,COMPLETED
103528,C1562,Webcam,Electronics,5,4323.63,15,2026-09-30,Kolkata,Debit Card,COMPLETED
103529,C1946,Keyboard,Electronics,6,2830.89,0,2026-03-05,Jaipur,UPI,SHIPPED
103530,C1337,Printer,Electronics,-5,14347.39,10,2026-02-05,Mumbai,COD,COMPLETED
103531,C1888,Smartphone,Electronics,3,38165.04,10,2026-09-30,Jaipur,UPI,CANCELLED
103532,C1116,Desk,Furniture,5,17614.06,0,2026-07-04,Kolkata,UPI,CANCELLED
103533,C1617,Headphones,Electronics,3,2792.79,15,2026-04-03,Ahmedabad,Net Banking,PENDING
103534,C1855,Printer,Electronics,3,14585.7,0,2026-04-30,Kolkata,Credit Card,PENDING
103535,C1200,Laptop,Electronics,1,52830.16,0,2026-06-24,Kolkata,UPI,CANCELLED
103536,C1519,Smartphone,Electronics,6,30129.35,0,2026-03-29,Kochi,UPI,SHIPPED
103537,C1677,Desk Lamp,Furniture,3,1431.63,0,2026-03-24,Delhi,Credit Card,SHIPPED
103538,C1619,Webcam,Electronics,1,4680.88,0,2026-07-16,Mumbai,UPI,COMPLETED
103539,C1801,Printer,Electronics,6,12721.38,0,2026-05-14,Mumbai,Net Banking,CANCELLED
103540,C1727,Tablet,Electronics,2,25980.32,20,2026-08-20,Pune,Credit Card,SHIPPED
103541,C1967,Desk,Furniture,1,19065.35,0,2026-09-11,Bengaluru,Debit Card,COMPLETED
103542,C1400,Desk Lamp,Furniture,3,1792.62,15,2026-09-11,Hyderabad,UPI,CANCELLED
103543,C1389,Mechanical Keyboard,Electronics,4,7063.52,0,2026-06-05,Hyderabad,Debit Card,COMPLETED
103544,C1260,Power Bank,Electronics,6,1913.29,5,2026-08-08,Ahmedabad,COD,CANCELLED
103545,C1842,Tablet,Electronics,3,31590.82,10,2026-04-12,Hyderabad,COD,COMPLETED
103546,C1805,Desk,Furniture,5,19303.61,0,2026-06-30,Ahmedabad,Net Banking,CANCELLED
103547,C1163,Tablet,Electronics,4,25613.01,5,2026-06-03,Ahmedabad,Debit Card,COMPLETED
103548,C1157,Laptop,Electronics,6,65605.27,5,2026-07-06,Ahmedabad,Net Banking,COMPLETED
103549,C1946,Router,Electronics,5,2999.1,0,2026-07-29,Kochi,COD,COMPLETED
103550,C1672,Office Chair,Furniture,3,11077.88,15,2026-08-09,Kochi,Debit Card,PENDING
104772,C1312,USB Cable,Accessories,1,431.51,0,2026-02-03,Kolkata,UPI,COMPLETED
103552,C1738,Mouse,Electronics,5,721.97,0,2026-07-25,Jaipur,Credit Card,CANCELLED
103553,C1842,Laptop,Electronics,1,59241.94,0,2026-03-30,Kochi,Credit Card,PENDING
103554,C1046,Backpack,Accessories,4,2295.46,15,2026-09-08,Mumbai,COD,COMPLETED
103555,C1276,SSD 1TB,Electronics,6,7270.66,15,2026-01-03,Delhi,COD,COMPLETED
103556,C1064,Tablet,Electronics,2,26614.69,0,2026-02-26,Pune,UPI,CANCELLED
103557,C1135,Laptop,Electronics,3,68864.23,0,2026-04-05,Ahmedabad,UPI,COMPLETED
103558,C1214,Power Bank,Electronics,2,2453.91,0,2026-08-26,Kochi,Debit Card,CANCELLED
103559,C1703,Laptop Stand,Accessories,2,1935.32,10,2026-06-19,Delhi,UPI,CANCELLED
103560,C1742,Monitor,Electronics,1,13390.06,15,2026-06-30,Kochi,UPI,COMPLETED
103561,C1889,Headphones,Electronics,4,2872.17,5,2026-05-16,Mumbai,COD,SHIPPED
103562,C1860,Smartphone,Electronics,2,38214.31,0,2026-02-26,Kolkata,COD,COMPLETED
103563,C1507,Laptop Stand,Accessories,5,1633.92,15,2026-06-29,Pune,Debit Card,COMPLETED
103564,C1977,Keyboard,Electronics,3,2598.94,5,2026-01-21,Kochi,UPI,PENDING
103565,C1237,Power Bank,Electronics,1,1921.74,15,2026-06-05,Pune,Debit Card,COMPLETED
103566,C1773,Laptop Stand,Accessories,6,1775.03,0,2026-08-02,Mumbai,Net Banking,COMPLETED
103567,C1556,Monitor,Electronics,4,14800.32,0,2026-08-15,Hyderabad,Net Banking,COMPLETED
103568,C1863,USB Cable,Accessories,1,525.17,20,2026-09-01,Pune,Net Banking,CANCELLED
103569,C1739,Headphones,Electronics,4,2781.6,0,2026-03-30,Chennai,UPI,PENDING
103570,,Router,Electronics,1,3210.72,20,2026-08-15,Chennai,Credit Card,COMPLETED
103571,C1603,,Furniture,1,1563.47,0,2026-02-12,Kochi,Net Banking,COMPLETED
103572,C1020,Laptop Stand,Accessories,5,1852.76,0,2026-08-12,Jaipur,UPI,COMPLETED
103573,C1343,Mouse,Electronics,6,759.18,10,2026-03-15,Mumbai,Net Banking,SHIPPED
103574,C1233,Monitor,Electronics,2,17035.21,0,2026-05-24,Delhi,COD,PENDING
103575,C1543,Mouse,Electronics,3,800.5,20,2026-02-16,Hyderabad,Credit Card,COMPLETED
103576,C1148,SSD 1TB,Electronics,5,7663.41,5,2026-06-02,Pune,UPI,CANCELLED
103577,C1148,Mechanical Keyboard,Electronics,2,7056.59,0,2026-02-24,Delhi,Debit Card,COMPLETED
103578,C1482,SSD 1TB,Electronics,3,6877.28,5,2026-04-05,Kochi,COD,COMPLETED
103579,C1112,Power Bank,Electronics,3,2259.71,15,2026-05-27,Hyderabad,Credit Card,COMPLETED
103580,C1533,Webcam,Electronics,6,4228.86,5,2026-07-10,Delhi,UPI,COMPLETED
103581,C1702,Headphones,Electronics,6,3433.19,5,2026-09-05,Bengaluru,UPI,COMPLETED
103582,C1016,Tablet,Electronics,2,29539.89,0,2026-08-28,Kochi,Credit Card,SHIPPED
103583,C1924,Power Bank,Electronics,1,2470.4,0,2026-03-24,Ahmedabad,UPI,SHIPPED
103584,C1144,Desk Lamp,Furniture,1,1716.95,15,2026-09-15,Jaipur,Credit Card,PENDING
103585,C1159,Headphones,Electronics,1,3084.33,0,2026-07-23,Kochi,UPI,COMPLETED
103586,C1453,Webcam,Electronics,6,4446.69,20,2026-09-05,Bengaluru,UPI,COMPLETED
103587,C1140,Smartwatch,Electronics,5,9492.6,5,2026-01-01,Jaipur,Debit Card,COMPLETED
103588,C1870,Desk Lamp,Furniture,-5,1657.0,15,2026-02-11,Pune,Credit Card,COMPLETED
103589,C1260,Office Chair,Furniture,3,10384.03,20,2026-04-01,Kolkata,Credit Card,CANCELLED
103590,C1386,Router,Electronics,2,3258.04,10,2026-01-18,Delhi,Debit Card,CANCELLED
103591,C1354,Mouse,Electronics,2,822.67,10,2026-07-24,Jaipur,Net Banking,COMPLETED
103592,C1243,Mouse,Electronics,3,682.04,20,2026-04-16,Hyderabad,Net Banking,CANCELLED
103593,C1706,Backpack,Accessories,6,2385.99,15,2026-02-05,Ahmedabad,Credit Card,COMPLETED
103594,C1807,Tablet,Electronics,5,28041.9,0,2026-02-08,Delhi,COD,CANCELLED
103595,C1135,Backpack,Accessories,2,2178.75,20,2026-15-45,Bengaluru,Credit Card,COMPLETED
103596,C1287,Smartphone,Electronics,1,30805.78,0,2026-03-23,Mumbai,UPI,COMPLETED
103597,C1240,Mechanical Keyboard,Electronics,6,6591.46,0,2026-05-01,Mumbai,UPI,PENDING
103598,C1757,Webcam,Electronics,6,4812.13,20,2026-07-18,Ahmedabad,UPI,CANCELLED
103599,C1798,Tablet,Electronics,2,27288.82,0,2026-05-02,Ahmedabad,COD,CANCELLED
103600,C1683,Keyboard,Electronics,6,2828.81,5,2026-05-06,Chennai,COD,COMPLETED
103601,C1477,Router,Electronics,5,3398.17,15,31/31/2026,Chennai,Net Banking,COMPLETED
103602,C1047,Mouse,Electronics,1,764.86,0,2026-05-12,Bengaluru,UPI,SHIPPED
103603,C1935,Laptop,Electronics,4,53054.52,0,2026-05-18,Ahmedabad,Debit Card,COMPLETED
103604,C1813,Mechanical Keyboard,Electronics,5,6150.25,0,2026-04-21,Jaipur,UPI,PENDING
103605,C1380,Keyboard,Electronics,1,2786.61,10,2026-02-11,Kochi,Debit Card,CANCELLED
103606,,SSD 1TB,Electronics,3,7912.95,5,2026-08-30,Mumbai,COD,SHIPPED
103607,C1352,Power Bank,Electronics,4,2412.98,10,2026-04-06,Jaipur,Net Banking,SHIPPED
103608,C1080,Laptop Stand,Accessories,4,1770.92,15,2026-03-01,Ahmedabad,COD,SHIPPED
103609,C1768,USB Cable,Accessories,4,461.08,0,2026-07-25,Bengaluru,Credit Card,CANCELLED
103610,C1411,Smartphone,Electronics,4,35460.98,0,2026-07-10,Pune,Net Banking,COMPLETED
103611,C1469,Monitor,Electronics,2,,20,2026-09-26,Jaipur,Debit Card,COMPLETED
103612,C1169,USB Cable,Accessories,2,528.11,15,2026-05-28,Chennai,UPI,COMPLETED
103613,C1304,Smartphone,Electronics,4,31597.04,5,2026-04-15,Delhi,UPI,COMPLETED
103614,C1974,Monitor,Electronics,1,16374.91,5,2026-02-19,Hyderabad,Credit Card,CANCELLED
103615,C1687,Monitor,Electronics,3,13585.06,10,2026-04-27,Bengaluru,COD,SHIPPED
103616,C1544,Tablet,Electronics,2,31252.27,5,2026-05-15,Jaipur,UPI,COMPLETED
103617,C1397,Power Bank,Electronics,4,2225.51,10,2026-07-18,Kochi,COD,SHIPPED
103618,C1949,Laptop,Electronics,2,57793.28,10,2026-04-29,Kolkata,UPI,COMPLETED
103619,C1554,Laptop Stand,Accessories,4,1898.77,15,2026-04-27,Chennai,Credit Card,CANCELLED
103620,C1863,Keyboard,Electronics,3,2557.49,0,2026-03-16,Kochi,UPI,CANCELLED
103621,C1659,Headphones,Electronics,4,3391.54,5,2026-06-18,Kochi,Credit Card,COMPLETED
103622,C1065,,Electronics,3,691.97,15,2026-03-16,Kochi,UPI,COMPLETED
103623,C1556,Backpack,Accessories,2,2221.21,0,2026-05-24,Jaipur,UPI,PENDING
103624,C1197,Laptop,Electronics,1,60656.52,5,2026-07-25,Kolkata,Net Banking,COMPLETED
103625,C1693,Backpack,Accessories,5,2584.62,20,2026-09-24,Hyderabad,COD,SHIPPED
103626,C1915,Desk,Furniture,5,18617.22,10,2026-01-30,Pune,Credit Card,COMPLETED
103627,C1109,Printer,Electronics,1,12363.59,10,2026-07-29,Pune,Net Banking,COMPLETED
103628,C1529,Monitor,Electronics,5,15539.15,15,2026-02-22,Kolkata,Net Banking,COMPLETED
103629,C1504,Webcam,Electronics,6,4906.06,20,2026-06-10,Chennai,Credit Card,COMPLETED
103630,C1417,Webcam,Electronics,1,4052.02,5,2026-07-07,Pune,Net Banking,COMPLETED
103631,C1762,Tablet,Electronics,1,27315.84,0,2026-07-30,Delhi,Net Banking,PENDING
103632,C1519,Keyboard,Electronics,1,2555.47,0,2026-09-27,Kochi,COD,PENDING
103633,C1054,Smartphone,Electronics,5,40019.31,0,2026-01-25,Bengaluru,Credit Card,CANCELLED
103634,C1843,Laptop,Electronics,4,52383.48,5,2026-06-28,Delhi,Credit Card,COMPLETED
103635,C1398,Laptop Stand,Accessories,6,1635.01,0,2026-05-04,Bengaluru,Net Banking,PENDING
103636,C1881,Router,Electronics,3,2977.05,0,2026-01-24,Hyderabad,COD,COMPLETED
103637,C1248,Printer,Electronics,6,12586.04,0,2026-06-01,Pune,COD,COMPLETED
103638,C1515,Laptop Stand,Accessories,3,1905.22,20,2026-05-01,Kochi,COD,PENDING
103639,,Monitor,Electronics,2,14918.23,0,2026-04-22,Kochi,Credit Card,COMPLETED
103640,C1932,Power Bank,Electronics,3,1939.86,20,2026-05-20,Bengaluru,COD,CANCELLED
103641,C1757,Headphones,Electronics,3,3051.89,0,2026-05-11,Jaipur,Net Banking,COMPLETED
103642,C1926,Monitor,Electronics,6,17211.56,15,2026-04-07,Chennai,UPI,COMPLETED
103643,C1712,Mechanical Keyboard,Electronics,4,5979.88,10,2026-05-14,Pune,Debit Card,COMPLETED
103644,C1844,Webcam,Electronics,6,4867.96,0,2026-06-12,Delhi,UPI,COMPLETED
103645,C1398,Webcam,Electronics,1,4639.2,0,2026-08-29,Kochi,Net Banking,PENDING
103646,C1677,Power Bank,Electronics,5,1900.45,10,2026-08-08,Hyderabad,Debit Card,PENDING
103647,C1551,Backpack,Accessories,2,2597.23,15,2026-01-17,Ahmedabad,COD,PENDING
103648,C1887,Headphones,Electronics,6,2646.85,5,2026-04-07,Pune,UPI,SHIPPED
103649,C1410,Router,Electronics,1,2783.88,0,2026-04-21,Kochi,Net Banking,COMPLETED
103650,C1956,Tablet,Electronics,4,24041.78,15,2026-03-11,Bengaluru,Net Banking,CANCELLED
103651,C1231,Desk,Furniture,1,19114.27,0,2026-06-06,Mumbai,Credit Card,CANCELLED
103652,C1174,Office Chair,Furniture,1,12678.04,10,2026-04-28,Kolkata,Net Banking,CANCELLED
103653,C1934,Laptop Stand,Accessories,2,1926.1,5,2026-06-10,Hyderabad,UPI,COMPLETED
103654,C1912,Mechanical Keyboard,Electronics,1,6790.19,0,2026-05-29,Hyderabad,Credit Card,COMPLETED
103655,C1779,Mechanical Keyboard,Electronics,3,5827.84,15,2026-01-16,Mumbai,Debit Card,COMPLETED
101666,C1624,Desk Lamp,Furniture,5,1839.48,10,2026-07-29,Kolkata,Debit Card,PENDING
103657,C1915,Keyboard,Electronics,1,2626.23,10,2026-08-07,Bengaluru,Debit Card,SHIPPED
103658,C1280,Laptop,Electronics,5,65448.72,0,2026-02-22,Hyderabad,Net Banking,COMPLETED
103659,C1197,Desk Lamp,Furniture,5,1657.62,0,2026-04-09,Jaipur,UPI,COMPLETED
103660,C1318,USB Cable,Accessories,3,550.82,0,2026-01-29,Ahmedabad,Credit Card,SHIPPED
103661,C1880,Keyboard,Electronics,6,-500,20,2026-02-06,Kolkata,Credit Card,COMPLETED
103662,C1392,Power Bank,Electronics,5,2046.33,15,2026-03-31,Kolkata,Credit Card,COMPLETED
103663,C1491,,Electronics,6,33756.85,10,2026-08-05,Kochi,Credit Card,COMPLETED
103664,C1583,SSD 1TB,Electronics,2,6436.6,5,2026-02-17,Kochi,Debit Card,COMPLETED
103665,C1854,Keyboard,Electronics,6,2742.04,20,2026-04-09,Kochi,UPI,PENDING
103666,C1812,Laptop Stand,Accessories,3,-1200,15,2026-03-18,Hyderabad,UPI,SHIPPED
103667,C1434,Headphones,Electronics,5,3220.21,0,2026-07-29,Delhi,Credit Card,COMPLETED
103668,C1690,Router,Electronics,5,3300.33,0,2026-05-12,Delhi,Net Banking,COMPLETED
103669,C1104,Router,Electronics,4,3138.73,10,2026-05-11,Kolkata,COD,SHIPPED
103670,C1794,SSD 1TB,Electronics,3,6319.03,0,2026-04-01,Chennai,COD,COMPLETED
103671,,Power Bank,Electronics,3,1883.74,0,2026-04-15,Pune,UPI,PENDING
103672,C1882,SSD 1TB,Electronics,2,7995.57,20,2026-09-25,Kochi,Debit Card,PENDING
103673,C1278,Printer,Electronics,6,15535.64,0,2026-08-07,Kochi,Net Banking,COMPLETED
103674,C1334,Webcam,Electronics,3,4636.27,20,2026-08-29,Chennai,Debit Card,COMPLETED
103675,C1264,Backpack,Accessories,1,2726.93,10,2026-04-14,Kolkata,UPI,PENDING
103676,C1817,Smartwatch,Electronics,3,8389.72,10,2026-09-18,Jaipur,Credit Card,COMPLETED
103677,C1291,Desk Lamp,Furniture,6,1552.94,5,2026-09-22,Chennai,Net Banking,SHIPPED
103678,C1603,Mechanical Keyboard,Electronics,5,6654.81,5,2026-01-09,Chennai,UPI,SHIPPED
103679,C1717,Laptop,Electronics,4,61516.36,0,2026-05-14,Kochi,Net Banking,COMPLETED
103680,,Laptop,Electronics,2,65371.57,0,2026-08-18,Bengaluru,Debit Card,SHIPPED
103681,C1491,SSD 1TB,Electronics,4,6857.48,0,2026-01-01,Pune,UPI,PENDING
103682,C1745,Router,Electronics,4,3625.94,15,2026-02-19,Chennai,Net Banking,CANCELLED
103683,C1299,Office Chair,Furniture,5,13392.55,15,2026-04-03,Delhi,Debit Card,CANCELLED
103684,C1212,SSD 1TB,Electronics,5,7813.94,5,2026-09-22,Pune,UPI,COMPLETED
103685,C1331,Laptop,Electronics,6,57032.23,5,2026-07-29,Kochi,Credit Card,SHIPPED
103686,C1351,Desk,Furniture,1,16032.86,15,2026-05-16,Mumbai,COD,SHIPPED
103687,C1073,Printer,Electronics,6,14155.65,0,2026-06-19,Jaipur,UPI,COMPLETED
103688,C1981,Mouse,Electronics,2,759.31,20,2026-05-04,Ahmedabad,Debit Card,CANCELLED
103689,C1502,Tablet,Electronics,6,25248.41,5,2026-06-04,Ahmedabad,UPI,CANCELLED
103690,C1421,Laptop Stand,Accessories,5,1879.29,10,2026-05-06,Chennai,COD,COMPLETED
103691,C1687,Smartphone,Electronics,2,33142.3,0,2026-04-24,Kolkata,UPI,COMPLETED
103692,C1788,Keyboard,Electronics,2,2454.46,10,2026-07-13,Kochi,Debit Card,COMPLETED
103693,C1990,Desk Lamp,Furniture,6,1460.03,20,2026-05-31,Ahmedabad,Debit Card,COMPLETED
103694,C1928,Printer,Electronics,4,13371.17,5,2026-09-01,Kolkata,Credit Card,SHIPPED
103695,C1335,Tablet,Electronics,2,24233.49,0,2026-08-05,Delhi,Debit Card,COMPLETED
103696,C1696,Desk,Furniture,2,18695.89,0,2026-07-26,Ahmedabad,COD,SHIPPED
103697,C1765,Laptop Stand,Accessories,2,1586.67,0,2026-03-19,Delhi,Credit Card,COMPLETED
103698,C1450,Tablet,Electronics,1,27804.93,20,2026-01-25,Jaipur,Credit Card,COMPLETED
103699,C1907,Backpack,Accessories,3,2334.96,0,2026-08-25,Jaipur,Net Banking,COMPLETED
103700,C1691,Tablet,Electronics,-5,27060.24,5,2026-08-16,Ahmedabad,Debit Card,CANCELLED
103701,C1042,Router,Electronics,5,3585.66,10,2026-09-08,Jaipur,Debit Card,SHIPPED
103702,C1989,SSD 1TB,Electronics,5,6522.49,0,2026-05-03,Hyderabad,COD,CANCELLED
103703,C1342,USB Cable,Accessories,5,478.12,0,2026-08-17,Jaipur,Debit Card,COMPLETED
103704,C1985,Laptop Stand,Accessories,4,1740.22,5,2026-09-01,Hyderabad,UPI,COMPLETED
103705,C1893,USB Cable,Accessories,1,568.74,5,2026-08-04,Jaipur,Debit Card,COMPLETED
100300,C1878,USB Cable,Accessories,4,562.21,10,2026-07-31,Chennai,COD,PENDING
103707,C1784,Webcam,Electronics,6,4873.89,0,2026-01-30,Kolkata,UPI,PENDING
103708,C1871,Office Chair,Furniture,6,10320.59,5,2026-07-10,Chennai,Debit Card,CANCELLED
103709,C1518,USB Cable,Accessories,2,536.73,15,2026-05-15,Pune,Credit Card,PENDING
103710,C1981,Power Bank,Electronics,6,2303.77,0,2026-05-06,Pune,Credit Card,COMPLETED
103711,C1885,USB Cable,Accessories,-1,489.48,0,2026-01-07,Kolkata,Debit Card,SHIPPED
103712,C1029,Smartwatch,Electronics,6,7862.44,0,2026-05-06,Hyderabad,COD,CANCELLED
103713,C1370,Tablet,Electronics,1,24460.78,15,2026-09-14,Kochi,COD,CANCELLED
103714,C1408,Power Bank,Electronics,1,1927.26,0,2026-06-12,Ahmedabad,Credit Card,CANCELLED
103715,C1984,Backpack,Accessories,3,2426.34,0,2026-06-09,Hyderabad,Net Banking,SHIPPED
103716,C1435,Keyboard,Electronics,5,2607.13,15,2026-07-29,Ahmedabad,Net Banking,CANCELLED
103717,C1000,Office Chair,Furniture,6,11861.61,10,2026-07-30,Chennai,Net Banking,PENDING
103718,C1906,USB Cable,Accessories,6,517.12,15,2026-07-10,Mumbai,Debit Card,SHIPPED
103719,C1351,Desk Lamp,Furniture,5,1539.97,10,2026-02-04,Hyderabad,Credit Card,CANCELLED
103720,C1238,Laptop Stand,Accessories,1,1924.2,10,2026-04-06,Jaipur,Net Banking,COMPLETED
104865,C1588,Monitor,Electronics,3,14258.66,0,2026-08-13,Mumbai,Credit Card,SHIPPED
103722,C1178,USB Cable,Accessories,1,,0,2026-02-04,Delhi,UPI,PENDING
103723,,Smartphone,Electronics,1,32987.43,0,2026-08-19,Delhi,Credit Card,PENDING
103724,C1604,Keyboard,Electronics,3,2465.34,15,2026-09-14,Pune,Credit Card,COMPLETED
103725,C1466,Desk,Furniture,3,19769.11,0,2026-04-07,Pune,COD,COMPLETED
103726,C1288,Monitor,Electronics,1,16935.1,15,2026-03-27,Delhi,COD,SHIPPED
103727,C1660,Laptop Stand,Accessories,3,2065.74,10,2026-07-28,Chennai,Debit Card,SHIPPED
103728,C1490,Desk,Furniture,1,16400.45,0,2026-15-45,Bengaluru,COD,CANCELLED
103729,C1192,Laptop,Electronics,2,57396.15,0,2026-04-11,Hyderabad,Net Banking,COMPLETED
103730,C1547,Keyboard,Electronics,3,2282.53,10,2026-09-27,Ahmedabad,Debit Card,CANCELLED
103731,,Monitor,Electronics,4,15226.7,0,2026-06-25,Kochi,COD,COMPLETED
103732,C1828,Smartwatch,Electronics,5,8469.69,15,2026-02-08,Mumbai,COD,SHIPPED
103733,C1338,SSD 1TB,Electronics,5,7712.96,20,2026-02-26,Chennai,Net Banking,COMPLETED
103734,C1776,Desk Lamp,Furniture,2,1463.26,0,2026-02-19,Kochi,Credit Card,COMPLETED
103735,C1545,Smartwatch,Electronics,1,9128.88,15,2026-01-22,Kolkata,Credit Card,PENDING
103736,C1066,Office Chair,Furniture,4,10880.68,0,2026-03-30,Hyderabad,Credit Card,COMPLETED
103737,C1705,Desk Lamp,Furniture,3,1635.63,15,2026-05-04,Kolkata,COD,CANCELLED
103738,C1945,Monitor,Electronics,2,13034.91,0,2026-03-21,Jaipur,Credit Card,COMPLETED
103739,C1092,Keyboard,Electronics,3,2667.8,0,2026-04-11,Delhi,UPI,COMPLETED
103740,C1903,,Electronics,3,6361.13,0,2026-02-02,Pune,Credit Card,COMPLETED
103741,C1194,Mouse,Electronics,3,751.24,5,2026-08-14,Ahmedabad,UPI,CANCELLED
103742,C1729,Monitor,Electronics,1,15524.88,15,2026-07-28,Pune,COD,PENDING
103743,C1310,Power Bank,Electronics,3,2171.37,15,2026-08-10,Delhi,Debit Card,COMPLETED
103744,C1907,Desk,Furniture,1,19528.66,15,2026-04-05,Kochi,COD,COMPLETED
103745,,Tablet,Electronics,5,31004.57,10,2026-05-17,Pune,Credit Card,COMPLETED
103746,C1426,Desk,Furniture,6,15742.98,10,2026-02-22,Kolkata,Net Banking,COMPLETED
103747,C1939,Smartphone,Electronics,6,33745.62,10,2026-02-17,Kolkata,UPI,CANCELLED
103748,C1744,Router,Electronics,6,2847.12,15,2026-05-09,Mumbai,UPI,SHIPPED
103749,C1548,USB Cable,Accessories,4,548.63,0,2026-03-19,Bengaluru,Net Banking,COMPLETED
103750,C1950,Smartphone,Electronics,2,36579.03,5,2026-07-15,Mumbai,UPI,PENDING
103751,C1198,Office Chair,Furniture,4,12262.57,15,2026-02-14,Kolkata,UPI,COMPLETED
103752,C1582,Laptop Stand,Accessories,2,1887.51,15,2026-06-30,Jaipur,Credit Card,COMPLETED
103753,C1564,Backpack,Accessories,1,2652.59,0,2026-03-16,Kolkata,UPI,CANCELLED
101803,C1721,USB Cable,Accessories,4,457.28,5,2026-06-08,Ahmedabad,Debit Card,COMPLETED
103755,C1569,Backpack,Accessories,1,2233.56,0,2026-02-15,Hyderabad,Debit Card,COMPLETED
103756,C1922,Mouse,Electronics,3,842.45,10,2026-01-12,Mumbai,COD,SHIPPED
103757,C1016,Smartphone,Electronics,1,32774.38,0,2026-03-30,Mumbai,Debit Card,COMPLETED
103758,C1428,SSD 1TB,Electronics,3,7811.46,0,2026-08-19,Chennai,COD,COMPLETED
103759,C1042,Smartwatch,Electronics,1,8344.37,0,2026-09-15,Kochi,COD,COMPLETED
103760,C1446,Smartphone,Electronics,6,32475.65,0,2026-02-18,Chennai,Debit Card,CANCELLED
103887,C1610,SSD 1TB,Electronics,4,6035.85,15,2026-04-16,Kochi,COD,SHIPPED
103762,C1520,Router,Electronics,4,3418.89,5,2026-06-27,Chennai,COD,PENDING
103763,C1849,Laptop Stand,Accessories,1,1641.24,15,2026-01-27,Chennai,Credit Card,COMPLETED
103764,C1863,Smartwatch,Electronics,1,10038.75,0,2026-04-10,Ahmedabad,Net Banking,COMPLETED
103765,C1944,Office Chair,Furniture,4,13190.55,0,2026-08-17,Bengaluru,COD,PENDING
103766,C1015,Webcam,Electronics,5,3847.51,0,2026-03-04,Hyderabad,COD,PENDING
103767,C1816,Power Bank,Electronics,6,2032.29,0,2026-05-29,Hyderabad,UPI,PENDING
103768,C1728,Monitor,Electronics,3,14818.21,150,2026-01-25,Pune,Credit Card,COMPLETED
103769,C1451,USB Cable,Accessories,5,460.91,0,2026-02-17,Chennai,Net Banking,COMPLETED
103770,C1654,Mouse,Electronics,5,759.53,0,2026-03-06,Chennai,Net Banking,COMPLETED
103771,C1827,Mechanical Keyboard,Electronics,3,7210.84,20,2026-09-22,Chennai,COD,CANCELLED
103772,C1788,Tablet,Electronics,3,26991.98,15,2026-03-18,Kochi,Credit Card,COMPLETED
103773,C1792,Mechanical Keyboard,Electronics,6,5886.86,0,2026-09-27,Mumbai,COD,COMPLETED
103774,C1778,Monitor,Electronics,5,13732.5,0,2026-07-11,Delhi,UPI,SHIPPED
103775,C1919,Router,Electronics,5,3049.13,10,2026-06-02,Chennai,Net Banking,SHIPPED
103776,C1654,Printer,Electronics,5,11977.58,5,2026-05-23,Pune,COD,COMPLETED
103777,C1491,Office Chair,Furniture,6,11210.62,0,2026-09-01,Pune,Credit Card,COMPLETED
103778,C1236,SSD 1TB,Electronics,6,6371.4,5,2026-06-15,Pune,Debit Card,PENDING
103779,C1643,Headphones,Electronics,5,3180.02,5,2026-05-21,Ahmedabad,Net Banking,COMPLETED
103780,C1089,Keyboard,Electronics,6,2602.09,10,2026-07-17,Mumbai,Net Banking,SHIPPED
103781,C1330,Monitor,Electronics,6,15683.61,20,2026-09-10,Chennai,Debit Card,COMPLETED
103782,C1229,Office Chair,Furniture,5,11662.53,20,2026-06-12,Bengaluru,Debit Card,CANCELLED
103783,C1446,Desk,Furniture,1,18601.44,-10,2026-09-29,Kochi,Net Banking,COMPLETED
103784,C1957,Laptop,Electronics,1,61183.04,0,2026-06-29,Ahmedabad,Credit Card,COMPLETED
103785,C1855,Monitor,Electronics,4,16279.28,20,2026-01-20,Bengaluru,Debit Card,PENDING
103786,C1486,USB Cable,Accessories,2,563.29,0,2026-03-06,Ahmedabad,Debit Card,PENDING
103787,C1810,Webcam,Electronics,3,4867.6,10,2026-03-27,Jaipur,Net Banking,SHIPPED
103788,C1566,Mouse,Electronics,5,830.82,20,2026-05-11,Chennai,UPI,COMPLETED
103789,C1823,Router,Electronics,1,2983.61,20,2026-04-15,Delhi,Debit Card,PENDING
103790,C1005,Keyboard,Electronics,3,2777.85,5,2026-05-04,Pune,COD,SHIPPED
103791,C1409,Printer,Electronics,1,15799.88,0,2026-05-14,Hyderabad,Net Banking,COMPLETED
103792,C1353,Laptop Stand,Accessories,5,1613.29,5,2026-01-21,Kochi,Net Banking,SHIPPED
103793,C1876,Office Chair,Furniture,6,13168.9,5,2026-03-12,Jaipur,Credit Card,COMPLETED
103794,C1644,Power Bank,Electronics,6,2006.1,15,2026-06-03,Kochi,COD,COMPLETED
103795,C1109,Desk Lamp,Furniture,6,1433.52,10,2026-06-28,Chennai,Net Banking,CANCELLED
103796,C1641,USB Cable,Accessories,5,479.66,0,2026-03-29,Bengaluru,Debit Card,COMPLETED
103797,C1739,Webcam,Electronics,5,4156.97,0,2026-09-12,Jaipur,Debit Card,COMPLETED
103798,C1562,USB Cable,Accessories,1,562.13,5,2026-04-04,Chennai,Debit Card,COMPLETED
103799,C1965,Desk Lamp,Furniture,3,1550.88,15,2026-09-20,Hyderabad,Debit Card,CANCELLED
103800,C1404,Laptop,Electronics,4,61101.22,20,2026-01-12,Jaipur,Debit Card,COMPLETED
103801,C1682,Smartwatch,Electronics,6,9187.7,0,2026-09-16,Bengaluru,Net Banking,SHIPPED
103802,C1383,SSD 1TB,Electronics,1,6271.67,15,2026-05-22,Hyderabad,UPI,COMPLETED
103803,C1618,Headphones,Electronics,3,2735.41,0,2026-08-08,Hyderabad,COD,PENDING
103804,C1182,Router,Electronics,6,3449.56,10,2026-06-22,Kochi,Net Banking,COMPLETED
103805,C1450,Backpack,Accessories,4,2387.88,20,2026-06-13,Kochi,UPI,SHIPPED
103806,C1019,SSD 1TB,Electronics,3,6586.28,10,2026-05-15,Delhi,Debit Card,COMPLETED
103807,C1784,Tablet,Electronics,5,27754.31,5,2026-02-22,Pune,Net Banking,PENDING
103808,C1178,USB Cable,Accessories,6,425.4,10,2026-05-17,Kochi,UPI,SHIPPED
103809,C1414,Laptop Stand,Accessories,3,1997.17,0,2026-04-18,Pune,COD,SHIPPED
103810,C1477,Monitor,Electronics,1,15737.96,0,2026-03-05,Pune,Debit Card,SHIPPED
103811,C1465,Laptop Stand,Accessories,3,1861.86,0,2026-05-04,Bengaluru,Debit Card,CANCELLED
103812,C1549,Printer,Electronics,2,12626.38,0,2026-08-28,Ahmedabad,Debit Card,SHIPPED
103813,C1260,Monitor,Electronics,2,14291.74,15,2026-09-07,Hyderabad,UPI,SHIPPED
103814,C1546,Power Bank,Electronics,6,2116.9,0,2026-06-10,Mumbai,Credit Card,COMPLETED
103815,C1549,SSD 1TB,Electronics,3,6683.99,0,2026-06-26,Jaipur,COD,COMPLETED
103816,C1852,Printer,Electronics,3,15797.46,0,2026-07-29,Chennai,UPI,COMPLETED
103817,C1806,Router,Electronics,3,3322.95,0,2026-04-10,Chennai,Credit Card,COMPLETED
103818,C1218,Desk,Furniture,4,15310.16,0,2026-08-27,Bengaluru,Debit Card,SHIPPED
103819,C1826,Smartwatch,Electronics,4,9360.72,0,2026-05-11,Jaipur,COD,SHIPPED
103820,C1737,Laptop Stand,Accessories,3,1597.22,0,2026-06-13,Kochi,Debit Card,COMPLETED
103821,C1530,Webcam,Electronics,4,5092.42,0,2026-07-26,Kolkata,UPI,SHIPPED
103822,C1026,Webcam,Electronics,5,4938.27,0,2026-01-10,Bengaluru,Net Banking,COMPLETED
103823,C1630,Laptop,Electronics,6,66234.91,20,2026-02-23,Jaipur,UPI,SHIPPED
103824,C1471,Smartwatch,Electronics,6,8378.22,0,2026-09-08,Ahmedabad,Net Banking,CANCELLED
103825,C1611,Headphones,Electronics,5,2831.34,15,2026-02-20,Chennai,Credit Card,COMPLETED
103826,C1767,SSD 1TB,Electronics,5,7651.89,0,2026-08-06,Jaipur,Net Banking,CANCELLED
103827,C1255,SSD 1TB,Electronics,2,7610.23,5,2026-05-03,Pune,Debit Card,CANCELLED
103828,C1539,Desk Lamp,Furniture,4,1381.83,0,2026-08-21,Mumbai,Credit Card,PENDING
103829,C1551,Webcam,Electronics,3,4876.77,0,2026-04-29,Pune,UPI,COMPLETED
103830,C1626,Laptop,Electronics,-1,55897.89,0,2026-08-28,Hyderabad,Credit Card,SHIPPED
103831,C1650,Desk,Furniture,5,16524.24,5,2026-04-26,Pune,Net Banking,CANCELLED
103832,C1790,Smartwatch,Electronics,4,8842.4,20,2026-02-02,Hyderabad,COD,COMPLETED
103833,C1200,Laptop,Electronics,6,51927.89,5,2026-04-27,Pune,Net Banking,COMPLETED
103834,C1574,USB Cable,Accessories,4,548.65,10,2026-03-31,Pune,Credit Card,CANCELLED
101511,C1849,Tablet,Electronics,1,29191.85,0,2026-03-15,Kolkata,Debit Card,PENDING
103836,C1884,Router,Electronics,4,3132.0,10,2026-02-23,Bengaluru,Credit Card,CANCELLED
103837,C1131,Webcam,Electronics,2,3927.0,15,2026-03-27,Pune,Credit Card,SHIPPED
103838,C1084,Monitor,Electronics,5,14951.54,15,2026-03-17,Pune,COD,COMPLETED
103839,C1403,Power Bank,Electronics,4,2506.08,15,2026-05-20,Chennai,Debit Card,CANCELLED
103840,C1219,Headphones,Electronics,3,3167.8,0,2026-05-24,Hyderabad,UPI,COMPLETED
100682,C1582,Webcam,Electronics,6,3929.22,0,2026-09-05,Mumbai,Net Banking,CANCELLED
103842,C1943,Backpack,Accessories,2,2508.41,0,2026-06-23,Mumbai,UPI,COMPLETED
103843,C1565,Mechanical Keyboard,Electronics,1,6870.53,0,2026-08-16,Chennai,COD,COMPLETED
103844,C1799,Monitor,Electronics,5,16253.67,0,2026-09-12,Bengaluru,Debit Card,SHIPPED
103845,C1686,USB Cable,Accessories,2,429.19,0,2026-05-14,Ahmedabad,Credit Card,COMPLETED
103846,C1248,Power Bank,Electronics,3,2513.35,0,2026-02-26,Mumbai,Net Banking,COMPLETED
103847,,Webcam,Electronics,4,3840.41,0,2026-09-18,Jaipur,Net Banking,COMPLETED
103848,C1479,Printer,Electronics,1,14975.72,0,2026-08-04,Jaipur,Net Banking,COMPLETED
103849,C1994,Mechanical Keyboard,Electronics,2,7037.19,5,2026-03-15,Kochi,Debit Card,COMPLETED
103850,C1494,Tablet,Electronics,6,27855.35,20,2026-02-03,Chennai,Credit Card,COMPLETED
103851,,USB Cable,Accessories,1,467.29,10,2026-09-22,Chennai,COD,COMPLETED
103852,C1672,Desk,Furniture,1,18005.42,20,2026-04-24,Kolkata,Credit Card,CANCELLED
103853,C1165,Smartphone,Electronics,3,36620.58,20,2026-07-25,Hyderabad,COD,SHIPPED
103854,C1478,Desk,Furniture,1,18479.64,110,2026-07-25,Kolkata,Debit Card,CANCELLED
103855,C1927,Laptop Stand,Accessories,5,1898.13,5,2026-05-09,Kochi,UPI,PENDING
103856,C1736,Printer,Electronics,6,11964.96,0,2026-03-08,Pune,UPI,CANCELLED
103857,C1984,Desk Lamp,Furniture,4,1687.68,0,2026-02-05,Pune,COD,PENDING
103858,C1102,Webcam,Electronics,4,5166.18,0,2026-07-20,Jaipur,UPI,SHIPPED
103859,C1283,Headphones,Electronics,1,3414.65,0,2026-02-04,Kochi,Credit Card,CANCELLED
103860,,Smartphone,Electronics,6,31204.75,20,2026-06-24,Mumbai,Net Banking,COMPLETED
103861,C1143,Headphones,Electronics,1,2931.1,15,2026-01-13,Ahmedabad,COD,SHIPPED
103862,C1375,Office Chair,Furniture,5,10237.67,20,2026-04-29,Delhi,Debit Card,PENDING
103863,C1236,Router,Electronics,3,2904.44,20,2026-02-12,Kolkata,Net Banking,COMPLETED
103864,C1459,Laptop Stand,Accessories,3,1989.69,5,2026-06-09,Pune,Debit Card,SHIPPED
103865,C1587,Webcam,Electronics,6,4778.12,0,2026-01-14,Mumbai,UPI,COMPLETED
103866,C1048,Keyboard,Electronics,2,2808.16,0,2026-04-07,Bengaluru,COD,COMPLETED
103867,C1376,Router,Electronics,6,3279.59,5,2026-01-07,Delhi,Debit Card,PENDING
103868,C1464,Monitor,Electronics,4,16930.26,0,2026-09-06,Kolkata,Credit Card,COMPLETED
103869,C1353,Tablet,Electronics,5,27595.97,0,2026-06-05,Bengaluru,Credit Card,COMPLETED
103870,C1931,Smartphone,Electronics,1,33214.58,5,2026-05-10,Ahmedabad,Credit Card,CANCELLED
103871,C1646,Mechanical Keyboard,Electronics,5,6150.48,0,2026-08-18,Chennai,COD,COMPLETED
103872,C1118,Mechanical Keyboard,Electronics,4,7014.73,5,2026-08-23,Jaipur,Net Banking,COMPLETED
103873,C1009,Smartphone,Electronics,3,32106.63,0,2026-08-21,Delhi,UPI,CANCELLED
103874,C1780,Printer,Electronics,2,12087.35,0,2026-04-01,Hyderabad,COD,SHIPPED
103875,C1766,Backpack,Accessories,3,2809.31,5,not_available,Pune,UPI,COMPLETED
103876,C1309,Mechanical Keyboard,Electronics,3,7273.96,20,2026-01-23,Kochi,Debit Card,CANCELLED
103877,C1894,Backpack,Accessories,6,2726.49,20,2026-03-01,Ahmedabad,UPI,COMPLETED
103878,C1396,Laptop,Electronics,3,66212.26,0,2026-09-05,Kolkata,Net Banking,PENDING
103879,C1798,Smartwatch,Electronics,3,9857.6,15,2026-06-03,Jaipur,Net Banking,COMPLETED
103880,C1107,Monitor,Electronics,1,14928.53,10,2026-08-31,Chennai,Debit Card,SHIPPED
103881,C1370,Desk,Furniture,6,19313.17,5,2026-06-24,Jaipur,Credit Card,PENDING
103882,C1578,Backpack,Accessories,2,2249.81,15,2026-04-18,Hyderabad,COD,COMPLETED
102497,C1575,Power Bank,Electronics,6,2063.4,20,2026-03-14,Kochi,COD,SHIPPED
103884,C1878,SSD 1TB,Electronics,6,6825.41,20,2026-08-11,Chennai,COD,CANCELLED
103885,C1611,Headphones,Electronics,6,3196.05,5,2026-02-04,Delhi,COD,COMPLETED
103886,C1953,Tablet,Electronics,5,27801.41,10,2026-08-15,Jaipur,Net Banking,SHIPPED
103887,C1610,SSD 1TB,Electronics,4,6035.85,15,2026-04-16,Kochi,COD,SHIPPED
103888,C1147,Smartphone,Electronics,2,34968.53,10,2026-04-05,Jaipur,UPI,CANCELLED
103889,C1804,Keyboard,Electronics,1,2834.76,20,2026-05-03,Pune,UPI,COMPLETED
103890,,Desk Lamp,Furniture,4,1442.75,15,2026-01-17,Chennai,COD,CANCELLED
103891,C1938,Headphones,Electronics,3,2731.54,0,2026-04-09,Delhi,UPI,COMPLETED
103892,C1220,,Furniture,5,1805.96,0,2026-05-24,Chennai,UPI,SHIPPED
103893,C1833,Laptop,Electronics,4,61187.98,0,2026-04-27,Kolkata,Net Banking,PENDING
103894,C1352,USB Cable,Accessories,2,476.15,10,2026-07-20,Pune,Credit Card,PENDING
103895,C1312,Keyboard,Electronics,2,2504.39,0,2026-09-04,Kolkata,UPI,SHIPPED
103896,C1882,Office Chair,Furniture,3,12111.83,20,2026-06-22,Hyderabad,COD,SHIPPED
103897,C1798,Power Bank,Electronics,2,1940.38,10,2026-09-24,Kolkata,Debit Card,COMPLETED
103898,C1370,SSD 1TB,Electronics,3,7849.48,10,2026-01-04,Pune,Credit Card,SHIPPED
103899,C1420,Desk,Furniture,2,17271.88,20,2026-01-16,Jaipur,COD,SHIPPED
103900,C1563,Router,Electronics,6,3642.16,10,2026-07-23,Kolkata,Credit Card,COMPLETED
103901,C1234,Smartwatch,Electronics,2,8105.72,0,31/31/2026,Jaipur,UPI,COMPLETED
103902,C1636,Power Bank,Electronics,5,2134.85,5,2026-04-17,Kochi,COD,CANCELLED
103903,C1134,Mechanical Keyboard,Electronics,4,6628.43,20,2026-09-05,Mumbai,COD,SHIPPED
103904,C1207,Keyboard,Electronics,3,2726.08,20,2026-06-08,Kochi,Debit Card,SHIPPED
103905,C1177,Smartwatch,Electronics,-1,8929.5,15,2026-07-20,Hyderabad,Debit Card,COMPLETED
103906,C1437,Laptop,Electronics,2,54504.57,0,2026-09-17,Kolkata,Net Banking,COMPLETED
103907,C1019,Power Bank,Electronics,1,2333.05,0,2026-09-27,Jaipur,Debit Card,COMPLETED
103908,C1701,Keyboard,Electronics,2,2829.25,0,2026-03-23,Kolkata,UPI,CANCELLED
103909,C1908,Printer,Electronics,3,13149.74,0,2026-02-04,Chennai,Debit Card,PENDING
103910,C1510,Desk Lamp,Furniture,2,1676.1,15,2026-02-04,Kolkata,Debit Card,SHIPPED
103911,C1425,USB Cable,Accessories,4,472.93,15,2026-01-10,Bengaluru,Debit Card,COMPLETED
103912,C1415,Smartwatch,Electronics,4,8332.73,0,2026-01-27,Delhi,Net Banking,COMPLETED
103638,C1515,Laptop Stand,Accessories,3,1905.22,20,2026-05-01,Kochi,COD,PENDING
103914,C1990,SSD 1TB,Electronics,5,7949.93,0,2026-05-02,Ahmedabad,Credit Card,SHIPPED
103915,C1547,Laptop,Electronics,4,51881.54,0,2026-05-13,Pune,Net Banking,PENDING
103916,C1157,Laptop Stand,Accessories,2,1746.72,0,2026-05-18,Ahmedabad,Debit Card,PENDING
103917,C1720,Monitor,Electronics,5,15604.21,0,2026-02-18,Pune,UPI,CANCELLED
103918,C1109,Smartwatch,Electronics,4,8990.15,20,2026-09-05,Mumbai,UPI,PENDING
103919,C1132,SSD 1TB,Electronics,1,7150.06,0,2026-03-03,Ahmedabad,Credit Card,PENDING
103920,C1741,SSD 1TB,Electronics,2,6450.38,15,2026-03-18,Kochi,Net Banking,COMPLETED
103921,C1851,Office Chair,Furniture,5,12530.8,0,2026-09-02,Kochi,Debit Card,PENDING
103922,C1165,Smartwatch,Electronics,1,8577.91,15,2026-07-10,Pune,UPI,COMPLETED
103923,C1439,Webcam,Electronics,5,4697.0,0,2026-05-25,Kochi,Credit Card,COMPLETED
103924,C1925,Backpack,Accessories,3,2747.87,5,2026-06-04,Bengaluru,Debit Card,COMPLETED
103925,C1306,Mechanical Keyboard,Electronics,4,7137.12,10,2026-07-30,Mumbai,Net Banking,COMPLETED
103926,C1354,Desk Lamp,Furniture,1,1608.22,10,2026-05-02,Bengaluru,Credit Card,COMPLETED
103927,C1668,Smartwatch,Electronics,4,9614.57,0,2026-08-11,Jaipur,Net Banking,COMPLETED
103928,C1903,Office Chair,Furniture,3,10888.57,0,2026-04-12,Pune,Debit Card,PENDING
103929,C1918,Backpack,Accessories,5,2496.56,10,wrong_date,Pune,Net Banking,COMPLETED
103930,C1345,Smartphone,Electronics,6,38689.8,0,2026-09-23,Kolkata,Credit Card,PENDING
103931,C1937,Smartwatch,Electronics,1,9709.83,0,2026-05-19,Ahmedabad,UPI,CANCELLED
103932,C1303,USB Cable,Accessories,3,495.64,20,2026-08-03,Kolkata,UPI,CANCELLED
103933,C1051,Smartwatch,Electronics,3,7675.61,0,wrong_date,Pune,Net Banking,COMPLETED
103934,C1489,Tablet,Electronics,2,26219.06,0,2026-07-27,Chennai,Credit Card,COMPLETED
103935,C1374,Office Chair,Furniture,5,10753.64,0,2026-04-24,Chennai,COD,COMPLETED
103936,C1054,Desk Lamp,Furniture,1,1704.56,0,2026-01-31,Bengaluru,Debit Card,COMPLETED
103937,C1477,Laptop Stand,Accessories,1,2039.88,0,2026-08-24,Mumbai,Credit Card,SHIPPED
103938,C1318,Keyboard,Electronics,3,2493.51,20,2026-06-18,Chennai,COD,COMPLETED
103939,C1899,Laptop,Electronics,6,52183.96,0,2026-03-06,Kochi,Credit Card,COMPLETED
103940,C1337,Desk Lamp,Furniture,5,1832.83,0,2026-08-18,Hyderabad,Credit Card,COMPLETED
103941,C1589,Mechanical Keyboard,Electronics,6,5997.6,20,2026-06-15,Kochi,Net Banking,CANCELLED
103942,C1425,Printer,Electronics,4,15248.45,0,2026-06-30,Delhi,COD,COMPLETED
103943,,Headphones,Electronics,2,2938.15,0,2026-06-04,Jaipur,Credit Card,SHIPPED
103944,C1332,Laptop,Electronics,1,63954.65,0,2026-01-09,Kochi,UPI,CANCELLED
103945,C1994,Mouse,Electronics,4,752.15,5,2026-07-28,Bengaluru,Debit Card,COMPLETED
103946,C1149,Backpack,Accessories,5,2491.67,20,2026-06-16,Pune,Debit Card,CANCELLED
103947,C1960,Mouse,Electronics,6,901.06,0,2026-05-08,Bengaluru,Net Banking,PENDING
103948,C1504,Desk Lamp,Furniture,2,1707.58,15,2026-02-01,Chennai,Net Banking,COMPLETED
103949,C1830,Office Chair,Furniture,5,11008.68,0,2026-06-06,Delhi,COD,SHIPPED
103950,C1601,Laptop,Electronics,3,56750.36,0,2026-04-04,Pune,Credit Card,PENDING
103951,C1480,Mechanical Keyboard,Electronics,6,5958.74,5,2026-04-12,Delhi,COD,COMPLETED
103952,C1913,Laptop Stand,Accessories,2,1540.63,5,2026-04-30,Hyderabad,Debit Card,COMPLETED
103953,C1644,Webcam,Electronics,1,4069.06,0,2026-08-05,Hyderabad,UPI,COMPLETED
103954,C1156,Desk,Furniture,4,20340.39,0,2026-10-03,Pune,Credit Card,CANCELLED
103955,C1838,Backpack,Accessories,2,2166.22,0,2026-06-27,Kolkata,Debit Card,COMPLETED
103956,C1409,Mouse,Electronics,2,739.65,0,2026-06-17,Bengaluru,UPI,SHIPPED
103957,C1725,Keyboard,Electronics,3,2835.41,0,2026-10-01,Jaipur,UPI,PENDING
103958,C1978,Office Chair,Furniture,6,13791.6,0,2026-05-20,Mumbai,Credit Card,CANCELLED
103959,C1837,Desk,Furniture,3,17423.66,0,2026-02-10,Kochi,COD,COMPLETED
103960,C1380,SSD 1TB,Electronics,1,6226.35,0,2026-09-19,Kolkata,Net Banking,PENDING
103961,C1077,Smartwatch,Electronics,1,9930.1,20,2026-06-26,Kolkata,Debit Card,CANCELLED
103962,C1760,Laptop Stand,Accessories,6,-500,10,2026-05-11,Bengaluru,COD,CANCELLED
103963,C1895,Printer,Electronics,1,13299.36,5,2026-06-10,Pune,Net Banking,COMPLETED
103964,C1915,Smartphone,Electronics,4,38124.19,0,2026-09-21,Mumbai,Debit Card,SHIPPED
103965,C1251,Laptop,Electronics,4,53165.84,5,2026-03-10,Bengaluru,COD,CANCELLED
103966,C1373,Tablet,Electronics,2,26453.92,0,2026-01-01,Jaipur,Net Banking,COMPLETED
103967,C1320,Mouse,Electronics,3,716.92,0,2026-07-17,Ahmedabad,Debit Card,CANCELLED
103968,C1667,Tablet,Electronics,5,27541.3,0,2026-06-06,Delhi,Credit Card,CANCELLED
103969,C1987,Tablet,Electronics,1,31468.39,-10,2026-01-22,Kochi,UPI,COMPLETED
103970,C1045,Keyboard,Electronics,3,2698.97,5,2026-02-19,Kolkata,Credit Card,PENDING
103971,C1152,Printer,Electronics,5,14102.67,10,2026-02-20,Ahmedabad,COD,COMPLETED
103972,C1039,Office Chair,Furniture,4,12563.2,5,2026-05-05,Ahmedabad,COD,COMPLETED
103973,C1417,Router,Electronics,4,3399.41,-10,2026-06-30,Bengaluru,COD,CANCELLED
103974,,Tablet,Electronics,5,24184.27,0,2026-01-19,Kochi,Net Banking,COMPLETED
103975,C1409,Mechanical Keyboard,Electronics,5,7004.39,5,2026-09-03,Mumbai,COD,COMPLETED
103976,C1012,Printer,Electronics,2,14901.05,0,2026-01-01,Ahmedabad,UPI,CANCELLED
103977,C1684,Desk,Furniture,4,16133.42,0,2026-08-23,Delhi,Debit Card,SHIPPED
103978,C1289,Laptop,Electronics,4,60283.77,15,2026-01-15,Ahmedabad,Credit Card,COMPLETED
103979,C1787,Smartphone,Electronics,5,34406.17,10,2026-07-10,Bengaluru,Debit Card,COMPLETED
103980,C1290,Desk Lamp,Furniture,5,1458.12,5,2026-02-10,Hyderabad,Net Banking,SHIPPED
103981,C1269,Smartwatch,Electronics,1,10198.31,5,2026-09-27,Ahmedabad,Net Banking,SHIPPED
103982,C1381,Keyboard,Electronics,5,2378.22,5,2026-02-21,Bengaluru,Net Banking,COMPLETED
103983,C1362,Tablet,Electronics,1,26749.19,10,2026-07-07,Chennai,Credit Card,COMPLETED
103984,C1254,Keyboard,Electronics,5,2161.61,15,2026-08-13,Delhi,COD,COMPLETED
103985,C1016,Mouse,Electronics,2,763.88,20,wrong_date,Chennai,Debit Card,COMPLETED
103986,C1245,Printer,Electronics,6,13902.63,20,2026-15-45,Kolkata,Credit Card,COMPLETED
103987,C1387,Printer,Electronics,6,14240.28,0,2026-03-24,Chennai,UPI,COMPLETED
103988,C1289,Mechanical Keyboard,Electronics,4,6837.93,0,2026-02-22,Mumbai,Debit Card,CANCELLED
103989,C1058,USB Cable,Accessories,-1,568.3,0,2026-06-22,Pune,UPI,CANCELLED
103990,C1059,Power Bank,Electronics,3,2259.3,0,2026-09-17,Kolkata,COD,PENDING
103991,C1940,Mechanical Keyboard,Electronics,2,6632.66,5,2026-07-25,Jaipur,Credit Card,PENDING
103992,C1522,Printer,Electronics,2,13201.4,0,2026-07-20,Delhi,UPI,COMPLETED
103993,C1817,Desk,Furniture,2,18141.22,20,2026-01-31,Kolkata,UPI,PENDING
103994,C1081,Desk,Furniture,2,16989.51,10,2026-06-07,Kochi,Credit Card,COMPLETED
103995,C1503,Office Chair,Furniture,1,11775.66,10,2026-07-31,Pune,Debit Card,SHIPPED
103996,C1772,Smartphone,Electronics,2,35125.84,5,2026-04-10,Pune,UPI,PENDING
103997,C1620,Smartphone,Electronics,2,31275.36,0,2026-08-20,Pune,Net Banking,COMPLETED
103998,C1004,Headphones,Electronics,2,2774.83,0,2026-04-25,Hyderabad,UPI,COMPLETED
103999,C1391,Backpack,Accessories,4,2764.84,0,2026-04-05,Pune,UPI,CANCELLED
104000,C1377,Router,Electronics,5,3427.12,20,2026-05-15,Bengaluru,COD,CANCELLED
104001,C1169,Router,Electronics,1,3043.34,5,2026-07-26,Chennai,UPI,CANCELLED
104002,C1555,Monitor,Electronics,2,13728.79,0,2026-09-07,Ahmedabad,COD,COMPLETED
104003,C1789,Office Chair,Furniture,4,12485.59,0,2026-07-15,Delhi,Net Banking,COMPLETED
103836,C1884,Router,Electronics,4,3132.0,10,2026-02-23,Bengaluru,Credit Card,CANCELLED
104005,C1015,USB Cable,Accessories,2,544.89,0,2026-03-18,Hyderabad,COD,PENDING
104006,C1856,Smartphone,Electronics,2,37353.96,0,2026-08-25,Delhi,Net Banking,COMPLETED
104007,C1307,SSD 1TB,Electronics,1,6425.36,0,2026-02-26,Ahmedabad,UPI,CANCELLED
104008,C1156,Smartphone,Electronics,6,33746.81,10,2026-03-04,Hyderabad,UPI,PENDING
104009,C1780,Laptop Stand,Accessories,6,1839.83,0,2026-07-16,Bengaluru,UPI,COMPLETED
104010,C1465,Keyboard,Electronics,5,2550.9,15,2026-03-05,Bengaluru,COD,PENDING
104011,C1128,Power Bank,Electronics,4,-500,15,2026-03-15,Hyderabad,Net Banking,SHIPPED
104012,C1573,Mechanical Keyboard,Electronics,6,7040.27,0,2026-02-02,Kolkata,Credit Card,COMPLETED
104013,C1080,Office Chair,Furniture,1,10912.81,0,2026-09-22,Bengaluru,UPI,PENDING
104014,C1648,Monitor,Electronics,3,12793.68,0,2026-02-13,Delhi,Credit Card,COMPLETED
104015,C1651,Monitor,Electronics,4,16682.43,15,2026-01-02,Hyderabad,Debit Card,SHIPPED
104016,C1039,Router,Electronics,3,3117.51,10,2026-05-21,Kolkata,Net Banking,SHIPPED
104017,C1102,Desk,Furniture,6,19714.65,5,2026-09-27,Delhi,UPI,COMPLETED
104018,C1202,Monitor,Electronics,3,16391.96,0,2026-07-19,Hyderabad,Debit Card,SHIPPED
104019,C1128,USB Cable,Accessories,4,474.22,5,2026-05-18,Kolkata,Net Banking,CANCELLED
104020,C1274,Laptop,Electronics,2,54866.3,5,2026-05-16,Hyderabad,COD,CANCELLED
104021,C1594,Desk Lamp,Furniture,5,1575.89,10,2026-04-28,Delhi,COD,COMPLETED
104022,C1725,Laptop Stand,Accessories,4,1933.81,10,2026-05-28,Bengaluru,Credit Card,CANCELLED
104023,C1414,Desk,Furniture,1,15323.26,5,2026-01-09,Delhi,Credit Card,SHIPPED
104024,C1777,Backpack,Accessories,3,2300.31,0,2026-01-24,Pune,Net Banking,SHIPPED
104025,C1247,Keyboard,Electronics,6,2752.39,0,2026-01-14,Ahmedabad,COD,SHIPPED
104026,C1659,Power Bank,Electronics,3,2138.62,0,2026-03-26,Pune,Credit Card,SHIPPED
104027,C1038,Smartphone,Electronics,3,29973.84,0,2026-08-14,Hyderabad,COD,SHIPPED
104028,C1475,Desk Lamp,Furniture,3,1780.87,5,2026-09-23,Kochi,Debit Card,PENDING
104029,C1258,Router,Electronics,1,3168.61,15,2026-05-07,Chennai,UPI,COMPLETED
104030,C1054,Backpack,Accessories,4,2127.95,0,2026-08-16,Jaipur,Credit Card,CANCELLED
104031,C1492,Power Bank,Electronics,5,2468.92,10,2026-04-12,Delhi,UPI,SHIPPED
104032,C1540,Monitor,Electronics,1,16942.1,0,2026-08-15,Bengaluru,COD,CANCELLED
104033,C1777,Tablet,Electronics,1,32138.68,0,2026-01-13,Mumbai,UPI,COMPLETED
104034,C1293,Desk,Furniture,1,20401.99,20,2026-07-02,Pune,COD,SHIPPED
104035,C1458,Office Chair,Furniture,2,11036.5,15,2026-09-23,Hyderabad,COD,CANCELLED
104036,C1416,Power Bank,Electronics,3,2490.48,0,2026-02-25,Jaipur,UPI,COMPLETED
104037,C1744,Laptop Stand,Accessories,3,1661.65,0,2026-01-29,Hyderabad,COD,CANCELLED
101939,C1897,SSD 1TB,Electronics,1,6537.96,15,2026-01-12,Hyderabad,UPI,COMPLETED
104039,C1395,Monitor,Electronics,6,15510.41,15,2026-08-22,Delhi,UPI,SHIPPED
104040,C1221,Smartwatch,Electronics,3,9711.04,15,2026-03-21,Hyderabad,COD,SHIPPED
104041,C1734,USB Cable,Accessories,2,543.92,20,2026-06-28,Ahmedabad,Net Banking,COMPLETED
104042,C1993,Laptop Stand,Accessories,5,1612.85,5,2026-07-18,Ahmedabad,Net Banking,CANCELLED
104043,C1094,Office Chair,Furniture,6,10481.67,0,2026-05-21,Kochi,Credit Card,COMPLETED
104044,C1916,Printer,Electronics,5,13540.17,0,2026-08-09,Kolkata,Debit Card,COMPLETED
104045,C1572,Monitor,Electronics,4,16677.21,20,2026-06-13,Jaipur,COD,COMPLETED
104046,C1121,Monitor,Electronics,4,13363.11,0,2026-07-21,Kochi,COD,PENDING
104047,,SSD 1TB,Electronics,3,6775.6,5,2026-04-17,Kochi,COD,CANCELLED
104048,C1610,Backpack,Accessories,1,2201.22,0,2026-06-17,Pune,Net Banking,COMPLETED
104049,C1867,Laptop Stand,Accessories,5,1917.37,0,2026-03-09,Jaipur,UPI,CANCELLED
104050,C1553,Smartphone,Electronics,4,39764.53,10,2026-03-19,Pune,Debit Card,COMPLETED
104051,C1618,Mouse,Electronics,3,685.72,0,2026-07-19,Kolkata,UPI,COMPLETED
104052,C1682,Keyboard,Electronics,1,2625.42,15,2026-01-29,Bengaluru,Debit Card,SHIPPED
104053,C1075,Tablet,Electronics,1,30907.14,5,2026-04-09,Ahmedabad,Debit Card,COMPLETED
104054,C1991,Desk Lamp,Furniture,6,1606.85,0,2026-02-14,Delhi,UPI,COMPLETED
104055,C1688,Mechanical Keyboard,Electronics,5,5797.87,20,2026-04-09,Ahmedabad,Debit Card,CANCELLED
104056,C1994,Smartphone,Electronics,5,36307.18,20,2026-07-27,Jaipur,Credit Card,COMPLETED
104057,C1690,Webcam,Electronics,1,3907.84,15,2026-05-15,Ahmedabad,UPI,SHIPPED
104058,C1692,Backpack,Accessories,6,2308.76,5,2026-07-05,Pune,Net Banking,COMPLETED
104059,C1620,USB Cable,Accessories,2,573.17,20,2026-09-29,Ahmedabad,Credit Card,COMPLETED
104060,C1021,Tablet,Electronics,2,30105.48,10,2026-07-23,Hyderabad,UPI,SHIPPED
104061,C1393,Keyboard,Electronics,6,2597.27,15,2026-04-25,Kolkata,Credit Card,COMPLETED
104062,C1423,Office Chair,Furniture,1,12685.0,5,2026-05-03,Chennai,COD,COMPLETED
104063,C1324,Desk Lamp,Furniture,5,1391.74,20,2026-08-25,Chennai,Debit Card,COMPLETED
104064,C1856,Laptop Stand,Accessories,2,1651.68,10,2026-02-04,Kochi,Credit Card,CANCELLED
104065,C1183,Power Bank,Electronics,2,2390.34,10,2026-03-18,Chennai,Net Banking,COMPLETED
104066,C1179,Smartphone,Electronics,5,32274.2,10,2026-05-14,Kochi,COD,PENDING
104067,C1328,Headphones,Electronics,2,2831.72,10,2026-08-01,Hyderabad,Debit Card,COMPLETED
104068,C1700,Router,Electronics,3,3449.72,0,2026-08-08,Ahmedabad,Net Banking,PENDING
104069,C1115,Monitor,Electronics,1,14141.0,0,2026-04-24,Kolkata,Net Banking,COMPLETED
104070,C1024,Desk Lamp,Furniture,6,1609.47,0,2026-09-13,Jaipur,UPI,COMPLETED
104071,C1324,SSD 1TB,Electronics,5,7367.11,20,2026-01-29,Chennai,Credit Card,SHIPPED
104072,C1543,Printer,Electronics,5,12118.95,0,2026-02-20,Mumbai,UPI,CANCELLED
104073,C1747,Office Chair,Furniture,4,13633.38,5,2026-03-28,Bengaluru,Net Banking,COMPLETED
104074,C1907,Smartphone,Electronics,4,37360.88,0,2026-03-16,Delhi,Debit Card,PENDING
104075,C1304,Keyboard,Electronics,5,2722.23,0,2026-06-13,Pune,COD,PENDING
104076,C1581,Printer,Electronics,4,15132.16,15,2026-08-22,Kochi,Credit Card,PENDING
104077,C1850,SSD 1TB,Electronics,4,7740.7,0,2026-06-27,Bengaluru,COD,CANCELLED
104078,,USB Cable,Accessories,3,532.97,0,2026-02-13,Bengaluru,UPI,SHIPPED
104079,C1691,Webcam,Electronics,4,5125.29,5,2026-01-07,Delhi,COD,SHIPPED
104080,C1151,SSD 1TB,Electronics,4,7961.47,5,2026-08-09,Bengaluru,UPI,COMPLETED
104081,C1373,Mechanical Keyboard,Electronics,3,6949.05,0,2026-04-16,Delhi,UPI,COMPLETED
104082,C1556,Mouse,Electronics,3,775.5,0,2026-01-17,Ahmedabad,Credit Card,PENDING
104083,C1987,Headphones,Electronics,6,2777.47,15,2026-03-13,Ahmedabad,Net Banking,COMPLETED
102130,C1164,Printer,Electronics,2,13740.14,0,2026-01-09,Delhi,Net Banking,SHIPPED
104085,C1175,Backpack,Accessories,2,2662.2,0,2026-05-29,Ahmedabad,Debit Card,COMPLETED
104086,C1188,Laptop,Electronics,4,53407.22,0,2026-08-18,Kolkata,COD,COMPLETED
104087,C1141,Mechanical Keyboard,Electronics,4,6019.1,15,2026-02-05,Chennai,Credit Card,SHIPPED
104088,C1627,Tablet,Electronics,2,29085.54,0,2026-02-03,Mumbai,COD,CANCELLED
104089,C1748,Power Bank,Electronics,3,2089.13,15,2026-01-10,Kolkata,Debit Card,COMPLETED
104090,C1033,Router,Electronics,1,3313.71,15,2026-10-03,Hyderabad,Credit Card,COMPLETED
104091,C1439,Headphones,Electronics,2,3171.07,0,2026-04-18,Chennai,UPI,SHIPPED
104092,C1137,USB Cable,Accessories,2,473.34,0,2026-09-28,Delhi,UPI,CANCELLED
104093,C1926,Webcam,Electronics,6,4191.82,0,2026-05-21,Delhi,Net Banking,COMPLETED
104094,C1826,Webcam,Electronics,5,3979.88,5,2026-03-14,Ahmedabad,UPI,PENDING
104095,C1114,Tablet,Electronics,6,27129.72,0,2026-08-05,Chennai,COD,SHIPPED
104096,C1856,Mechanical Keyboard,Electronics,4,6942.42,0,2026-01-05,Delhi,Credit Card,COMPLETED
104097,C1260,SSD 1TB,Electronics,3,7860.75,0,not_available,Chennai,UPI,SHIPPED
104098,C1400,Office Chair,Furniture,5,11871.51,0,2026-05-28,Hyderabad,Debit Card,PENDING
104099,C1028,Monitor,Electronics,3,16029.91,0,2026-09-08,Chennai,Debit Card,COMPLETED
104100,C1594,Tablet,Electronics,6,25227.63,0,2026-03-08,Hyderabad,UPI,COMPLETED
104101,C1367,Laptop,Electronics,3,65726.09,15,2026-07-28,Kochi,COD,CANCELLED
104102,C1425,Monitor,Electronics,6,15984.77,0,2026-03-04,Pune,Credit Card,CANCELLED
104103,C1339,SSD 1TB,Electronics,2,7416.07,15,2026-03-25,Mumbai,COD,COMPLETED
104104,,Router,Electronics,5,2905.38,5,2026-08-16,Hyderabad,Credit Card,COMPLETED
104105,C1943,Office Chair,Furniture,6,10406.16,15,2026-06-06,Jaipur,Net Banking,COMPLETED
104106,C1960,Power Bank,Electronics,6,2444.44,0,2026-07-06,Kolkata,UPI,COMPLETED
104107,C1118,Power Bank,Electronics,2,2409.27,0,2026-09-17,Chennai,Credit Card,SHIPPED
104108,C1456,Mechanical Keyboard,Electronics,5,6574.69,5,2026-01-21,Delhi,UPI,SHIPPED
103968,C1667,Tablet,Electronics,5,27541.3,0,2026-06-06,Delhi,Credit Card,CANCELLED
104110,C1912,Router,Electronics,1,3398.43,10,2026-08-30,Bengaluru,COD,SHIPPED
104111,C1069,Desk,Furniture,2,16261.69,0,2026-07-08,Pune,Debit Card,CANCELLED
104112,C1748,SSD 1TB,Electronics,5,7796.49,0,2026-06-16,Pune,COD,SHIPPED
104113,C1453,Power Bank,Electronics,4,2197.31,10,2026-02-15,Bengaluru,Credit Card,SHIPPED
104114,,Mechanical Keyboard,Electronics,2,5560.73,0,2026-06-19,Jaipur,Net Banking,COMPLETED
104115,C1452,Office Chair,Furniture,-5,12961.4,15,2026-02-23,Bengaluru,Net Banking,COMPLETED
104116,C1562,Smartwatch,Electronics,3,10263.55,10,2026-08-26,Kolkata,UPI,COMPLETED
104117,C1675,Headphones,Electronics,2,2654.66,0,2026-04-14,Chennai,COD,PENDING
104118,C1795,Smartphone,Electronics,1,29831.51,10,2026-04-11,Hyderabad,Net Banking,SHIPPED
104119,C1697,Keyboard,Electronics,2,2628.71,15,2026-09-22,Kochi,COD,CANCELLED
104120,C1232,Laptop,Electronics,6,68791.01,5,2026-05-24,Chennai,UPI,CANCELLED
104121,C1119,Laptop Stand,Accessories,6,1982.03,10,2026-09-03,Kochi,COD,COMPLETED
104122,C1477,Monitor,Electronics,6,16828.63,0,2026-07-21,Kolkata,Credit Card,COMPLETED
104123,C1533,Printer,Electronics,6,14172.21,10,2026-06-30,Mumbai,COD,COMPLETED
104124,C1751,Mechanical Keyboard,Electronics,5,6523.6,10,2026-02-23,Ahmedabad,Debit Card,COMPLETED
104125,C1992,Smartwatch,Electronics,4,8719.0,0,2026-15-45,Kochi,UPI,CANCELLED
104126,C1004,Printer,Electronics,2,13985.05,0,31/31/2026,Hyderabad,Debit Card,SHIPPED
104127,C1700,Office Chair,Furniture,3,11197.57,20,2026-01-23,Jaipur,Net Banking,PENDING
104128,C1927,Headphones,Electronics,6,2933.44,5,2026-06-25,Hyderabad,Credit Card,COMPLETED
104129,C1787,Backpack,Accessories,3,2870.14,0,2026-07-20,Kolkata,Debit Card,COMPLETED
104130,C1349,Smartwatch,Electronics,6,10132.93,0,2026-09-22,Pune,COD,CANCELLED
104131,C1055,Backpack,Accessories,5,2653.03,10,2026-08-08,Pune,COD,COMPLETED
104132,C1461,Router,Electronics,2,3605.06,-10,2026-06-18,Chennai,COD,COMPLETED
104133,C1387,Printer,Electronics,5,13199.61,20,2026-04-22,Hyderabad,UPI,SHIPPED
104134,C1861,Webcam,Electronics,1,5169.71,15,2026-02-20,Jaipur,Net Banking,SHIPPED
104135,C1096,Webcam,Electronics,3,4712.75,15,2026-01-02,Jaipur,COD,PENDING
104136,C1223,Smartphone,Electronics,5,31395.58,0,2026-04-12,Ahmedabad,Debit Card,COMPLETED
104137,C1013,Laptop Stand,Accessories,2,1750.75,10,2026-06-24,Mumbai,COD,COMPLETED
104138,C1698,Mouse,Electronics,6,724.95,110,2026-03-12,Chennai,Debit Card,COMPLETED
104139,C1162,Backpack,Accessories,2,2360.17,15,2026-06-19,Bengaluru,Debit Card,PENDING
104140,C1461,USB Cable,Accessories,3,514.14,0,2026-04-07,Mumbai,Credit Card,COMPLETED
104141,C1274,Printer,Electronics,4,12214.31,5,2026-06-18,Kolkata,COD,COMPLETED
104142,C1727,SSD 1TB,Electronics,3,6723.1,15,2026-08-20,Kolkata,Credit Card,COMPLETED
104143,C1041,Tablet,Electronics,1,27750.21,0,2026-04-10,Chennai,Debit Card,COMPLETED
104144,C1959,SSD 1TB,Electronics,5,6525.6,5,2026-07-20,Bengaluru,Credit Card,COMPLETED
104145,C1564,Smartwatch,Electronics,2,10153.36,10,2026-02-17,Mumbai,Net Banking,CANCELLED
104146,C1749,Laptop,Electronics,4,56848.7,5,2026-07-27,Bengaluru,Credit Card,COMPLETED
104147,C1890,USB Cable,Accessories,5,522.37,15,2026-01-14,Pune,Net Banking,COMPLETED
104148,C1290,Tablet,Electronics,5,29637.79,0,2026-01-03,Hyderabad,Debit Card,COMPLETED
104149,C1331,Power Bank,Electronics,5,2089.76,0,2026-07-28,Delhi,Debit Card,SHIPPED
104150,C1006,Printer,Electronics,4,13946.61,10,wrong_date,Delhi,Credit Card,CANCELLED
104151,C1140,Printer,Electronics,4,15502.87,0,2026-02-01,Hyderabad,Net Banking,COMPLETED
103819,C1826,Smartwatch,Electronics,4,9360.72,0,2026-05-11,Jaipur,COD,SHIPPED
104153,C1738,USB Cable,Accessories,4,-500,10,2026-01-09,Mumbai,Credit Card,COMPLETED
104154,C1063,Smartwatch,Electronics,4,8661.22,0,2026-01-12,Chennai,UPI,SHIPPED
104155,C1791,Desk Lamp,Furniture,1,1567.2,5,2026-01-13,Bengaluru,Debit Card,CANCELLED
104156,C1110,Headphones,Electronics,1,2600.24,10,2026-04-17,Hyderabad,Debit Card,PENDING
104157,C1033,Backpack,Accessories,4,2574.35,0,2026-02-28,Chennai,Credit Card,CANCELLED
104158,C1075,Mechanical Keyboard,Electronics,6,5902.59,0,2026-04-29,Kochi,UPI,CANCELLED
104159,C1610,Headphones,Electronics,5,3377.88,20,2026-03-17,Bengaluru,UPI,COMPLETED
104160,C1229,Laptop,Electronics,4,52530.71,0,2026-08-02,Kolkata,UPI,PENDING
104161,C1128,USB Cable,Accessories,5,459.98,5,2026-08-16,Hyderabad,Credit Card,SHIPPED
104162,C1798,Mouse,Electronics,3,748.66,10,2026-06-15,Jaipur,COD,PENDING
104163,C1910,Backpack,Accessories,2,2793.0,-10,2026-02-01,Chennai,Credit Card,COMPLETED
104164,C1162,Router,Electronics,6,3437.4,0,2026-02-10,Mumbai,Net Banking,PENDING
104165,C1566,Mouse,Electronics,3,742.08,15,2026-08-03,Pune,COD,PENDING
104166,C1331,USB Cable,Accessories,6,557.16,5,31/31/2026,Kolkata,COD,SHIPPED
104167,C1838,Laptop,Electronics,6,58678.57,20,2026-05-16,Jaipur,Credit Card,CANCELLED
104168,C1642,Office Chair,Furniture,3,10836.78,5,2026-04-22,Jaipur,COD,SHIPPED
104169,C1711,Office Chair,Furniture,4,11981.34,10,2026-05-14,Kolkata,Net Banking,COMPLETED
104170,C1829,Desk Lamp,Furniture,3,1559.96,5,2026-08-28,Jaipur,UPI,SHIPPED
104171,C1088,USB Cable,Accessories,5,502.09,10,2026-08-21,Mumbai,COD,COMPLETED
104172,C1158,Smartphone,Electronics,5,30393.62,10,2026-03-11,Ahmedabad,Credit Card,SHIPPED
104173,C1703,Keyboard,Electronics,6,2607.93,5,2026-05-12,Bengaluru,Net Banking,COMPLETED
104174,C1001,Power Bank,Electronics,2,2441.35,0,2026-09-22,Chennai,UPI,COMPLETED
104175,C1396,Smartphone,Electronics,5,35160.77,20,2026-04-14,Bengaluru,Net Banking,SHIPPED
104176,C1312,Printer,Electronics,5,15420.08,15,2026-02-02,Mumbai,Net Banking,PENDING
104177,C1536,Webcam,Electronics,1,5013.16,20,2026-05-15,Mumbai,COD,CANCELLED
104178,C1369,Laptop Stand,Accessories,3,1893.02,0,2026-02-12,Chennai,UPI,COMPLETED
104179,C1590,Desk Lamp,Furniture,1,1829.01,10,2026-05-14,Ahmedabad,UPI,PENDING
104180,C1450,Laptop,Electronics,6,53133.0,0,2026-09-21,Chennai,Net Banking,COMPLETED
104181,C1375,Headphones,Electronics,1,2981.58,15,2026-02-22,Kolkata,Net Banking,COMPLETED
104182,C1059,Desk,Furniture,2,16514.65,10,2026-07-10,Jaipur,COD,SHIPPED
104183,C1463,USB Cable,Accessories,6,561.8,5,2026-02-12,Kolkata,Debit Card,COMPLETED
104184,C1093,Mouse,Electronics,5,902.04,0,2026-08-29,Kolkata,UPI,SHIPPED
104185,C1568,SSD 1TB,Electronics,1,7475.68,0,2026-07-10,Kolkata,Credit Card,COMPLETED
104186,C1681,Desk,Furniture,5,17857.2,15,2026-04-28,Kochi,Credit Card,COMPLETED
104187,C1083,Laptop,Electronics,6,54098.68,5,2026-07-06,Kochi,COD,SHIPPED
104188,C1275,Backpack,Accessories,6,2644.61,15,2026-06-20,Delhi,COD,SHIPPED
103598,C1757,Webcam,Electronics,6,4812.13,20,2026-07-18,Ahmedabad,UPI,CANCELLED
104190,C1154,Smartphone,Electronics,6,36871.11,10,2026-05-13,Mumbai,UPI,COMPLETED
104191,C1085,Smartphone,Electronics,3,30936.56,20,2026-04-19,Jaipur,Debit Card,COMPLETED
104192,C1963,SSD 1TB,Electronics,1,7840.96,0,2026-05-03,Jaipur,COD,COMPLETED
104193,C1889,Backpack,Accessories,4,2722.17,5,2026-08-18,Chennai,COD,COMPLETED
104194,C1761,Smartphone,Electronics,1,38543.57,0,2026-06-25,Jaipur,UPI,SHIPPED
104195,C1308,Desk Lamp,Furniture,6,1382.28,0,2026-09-24,Hyderabad,COD,CANCELLED
104196,C1400,Router,Electronics,-5,2795.69,0,2026-01-18,Ahmedabad,UPI,COMPLETED
104197,C1978,Power Bank,Electronics,5,2134.51,0,2026-01-24,Pune,Net Banking,COMPLETED
104198,C1271,Power Bank,Electronics,1,2242.86,10,2026-08-12,Delhi,Credit Card,COMPLETED
104199,C1382,Laptop Stand,Accessories,3,1608.49,5,2026-02-25,Bengaluru,UPI,COMPLETED
104200,C1708,Mouse,Electronics,6,804.34,20,2026-02-06,Ahmedabad,Debit Card,SHIPPED
104201,C1693,Tablet,Electronics,5,28921.38,15,2026-06-14,Kochi,Credit Card,COMPLETED
104202,C1078,Laptop Stand,Accessories,3,1976.45,5,2026-03-02,Ahmedabad,Credit Card,COMPLETED
104203,C1838,Backpack,Accessories,6,2645.84,15,2026-05-21,Ahmedabad,UPI,COMPLETED
104204,C1905,USB Cable,Accessories,2,523.5,5,2026-05-16,Mumbai,Debit Card,PENDING
104205,C1991,Printer,Electronics,6,15816.2,0,2026-06-21,Pune,Debit Card,PENDING
104206,C1846,Headphones,Electronics,5,3015.34,5,2026-02-22,Kochi,Credit Card,COMPLETED
104207,C1874,Desk,Furniture,4,20547.41,0,2026-05-24,Jaipur,Debit Card,SHIPPED
104208,C1005,Desk,Furniture,2,18452.92,5,2026-02-23,Jaipur,COD,COMPLETED
104209,C1698,Printer,Electronics,2,12238.54,5,2026-02-10,Jaipur,Credit Card,SHIPPED
104210,C1344,Mechanical Keyboard,Electronics,1,7101.91,0,2026-03-15,Kochi,Credit Card,SHIPPED
104211,C1456,Tablet,Electronics,0,31523.66,10,2026-08-21,Kochi,COD,PENDING
104212,C1472,Printer,Electronics,3,13131.42,0,2026-09-20,Hyderabad,Net Banking,COMPLETED
104213,,Keyboard,Electronics,2,2333.23,0,2026-03-11,Kochi,Credit Card,SHIPPED
104214,C1911,Laptop,Electronics,6,56909.28,10,2026-08-11,Mumbai,Net Banking,COMPLETED
104215,C1679,Keyboard,Electronics,0,2561.07,0,2026-07-12,Delhi,COD,PENDING
104216,C1027,Monitor,Electronics,2,16531.33,20,2026-09-28,Hyderabad,Debit Card,SHIPPED
104217,C1618,Laptop Stand,Accessories,4,1918.13,15,2026-06-28,Chennai,UPI,COMPLETED
104218,C1368,Tablet,Electronics,5,30547.87,0,2026-03-09,Delhi,UPI,SHIPPED
104219,C1028,Tablet,Electronics,3,28951.63,10,2026-01-16,Pune,Credit Card,COMPLETED
104220,C1387,Mouse,Electronics,2,849.57,5,2026-06-03,Delhi,Credit Card,COMPLETED
101868,C1186,Backpack,Accessories,1,2852.72,15,2026-06-26,Pune,UPI,COMPLETED
104222,C1650,Headphones,Electronics,3,2818.43,20,2026-06-30,Chennai,Credit Card,COMPLETED
104223,C1818,Monitor,Electronics,2,15564.95,0,2026-01-08,Jaipur,COD,COMPLETED
104224,C1570,Printer,Electronics,5,15084.84,0,2026-07-22,Chennai,UPI,COMPLETED
104225,C1713,Desk,Furniture,3,18661.95,10,2026-06-19,Ahmedabad,Net Banking,SHIPPED
104226,C1237,SSD 1TB,Electronics,4,6634.82,20,2026-06-01,Bengaluru,COD,COMPLETED
104227,,Mechanical Keyboard,Electronics,6,6543.39,0,2026-03-13,Bengaluru,Credit Card,CANCELLED
104228,C1535,Mechanical Keyboard,Electronics,4,6368.94,0,2026-06-11,Kochi,Debit Card,SHIPPED
104229,C1603,Desk Lamp,Furniture,5,1725.37,0,2026-10-02,Ahmedabad,Credit Card,CANCELLED
104230,C1860,Mechanical Keyboard,Electronics,3,6400.56,0,2026-06-18,Mumbai,UPI,COMPLETED
104231,C1081,Laptop Stand,Accessories,6,1620.48,10,2026-08-24,Bengaluru,Credit Card,COMPLETED
104232,C1763,Headphones,Electronics,1,2737.19,5,2026-07-15,Ahmedabad,Net Banking,COMPLETED
104233,C1129,Backpack,Accessories,6,2485.4,5,2026-03-11,Chennai,COD,CANCELLED
104234,C1679,Power Bank,Electronics,2,2180.99,10,2026-08-25,Chennai,UPI,CANCELLED
104235,C1249,USB Cable,Accessories,1,500.87,5,2026-08-18,Ahmedabad,Credit Card,COMPLETED
104236,C1448,Keyboard,Electronics,6,2130.44,0,2026-10-02,Delhi,Credit Card,COMPLETED
104237,C1653,SSD 1TB,Electronics,6,7428.89,5,2026-05-05,Pune,Net Banking,COMPLETED
104238,C1197,USB Cable,Accessories,4,499.96,15,2026-01-19,Kolkata,Debit Card,COMPLETED
104239,C1218,Power Bank,Electronics,5,2105.26,10,2026-08-29,Delhi,UPI,COMPLETED
104240,C1794,Backpack,Accessories,2,2684.1,15,2026-03-06,Mumbai,COD,COMPLETED
104241,C1835,Backpack,Accessories,1,2359.13,0,2026-05-11,Kolkata,Credit Card,COMPLETED
104242,C1350,Power Bank,Electronics,3,2469.44,10,2026-04-25,Kochi,Net Banking,SHIPPED
104243,C1664,Mouse,Electronics,3,705.02,5,2026-09-02,Ahmedabad,COD,COMPLETED
104244,C1368,Smartwatch,Electronics,4,9371.61,20,2026-05-27,Chennai,Net Banking,COMPLETED
104245,C1540,Smartphone,Electronics,3,33741.19,0,2026-06-02,Hyderabad,COD,CANCELLED
104246,C1949,Office Chair,Furniture,6,12616.06,5,2026-04-27,Delhi,Credit Card,CANCELLED
104247,C1182,Desk Lamp,Furniture,1,1823.12,0,2026-05-26,Ahmedabad,COD,COMPLETED
104248,C1360,Mechanical Keyboard,Electronics,4,7315.14,5,2026-01-15,Kolkata,Net Banking,COMPLETED
104249,C1244,Desk Lamp,Furniture,3,1811.21,10,2026-05-23,Mumbai,Net Banking,COMPLETED
104250,C1032,Printer,Electronics,4,12000.92,10,2026-06-15,Delhi,UPI,COMPLETED
104251,C1131,Mouse,Electronics,2,886.27,0,2026-09-19,Kolkata,UPI,COMPLETED
104252,,Router,Electronics,4,2807.47,20,2026-07-12,Mumbai,COD,COMPLETED
104253,C1253,SSD 1TB,Electronics,4,7104.42,0,2026-06-14,Ahmedabad,UPI,COMPLETED
104254,C1553,Laptop,Electronics,1,57587.56,0,2026-04-16,Jaipur,Debit Card,COMPLETED
104255,C1333,Smartphone,Electronics,4,29972.35,15,2026-08-19,Jaipur,Credit Card,PENDING
104256,C1785,Backpack,Accessories,1,2873.49,5,2026-07-07,Kochi,Net Banking,CANCELLED
104257,C1635,SSD 1TB,Electronics,4,7413.36,10,2026-06-01,Pune,Net Banking,COMPLETED
104258,C1581,Power Bank,Electronics,5,2246.23,0,2026-01-14,Pune,Debit Card,CANCELLED
104259,C1245,Smartphone,Electronics,2,35663.02,15,2026-02-12,Jaipur,UPI,COMPLETED
104260,C1526,SSD 1TB,Electronics,3,7834.9,10,2026-04-25,Kochi,Debit Card,COMPLETED
104261,C1706,Power Bank,Electronics,2,2357.79,15,2026-07-07,Mumbai,UPI,SHIPPED
104262,C1915,Router,Electronics,6,3657.46,0,2026-02-08,Chennai,Debit Card,COMPLETED
104263,C1894,Keyboard,Electronics,5,2596.86,0,2026-02-17,Hyderabad,Debit Card,SHIPPED
104264,C1302,Desk,Furniture,3,16104.26,20,2026-04-15,Kolkata,Credit Card,SHIPPED
104265,C1645,Smartphone,Electronics,5,39007.93,5,2026-04-14,Kolkata,COD,CANCELLED
104266,C1793,Mechanical Keyboard,Electronics,2,6110.36,0,2026-04-07,Pune,Credit Card,COMPLETED
104267,C1740,Keyboard,Electronics,2,2678.37,0,2026-05-27,Kolkata,Credit Card,PENDING
104268,C1205,Tablet,Electronics,2,26232.32,20,2026-01-12,Kochi,Debit Card,COMPLETED
104269,C1180,Keyboard,Electronics,-5,2800.88,0,2026-03-26,Pune,Net Banking,PENDING
104270,C1324,Smartwatch,Electronics,5,7815.05,0,2026-05-25,Jaipur,COD,COMPLETED
104271,C1090,USB Cable,Accessories,6,460.5,0,2026-06-16,Hyderabad,Net Banking,COMPLETED
104272,C1088,Mechanical Keyboard,Electronics,5,5694.57,20,2026-02-28,Delhi,Debit Card,CANCELLED
104273,C1986,Laptop Stand,Accessories,3,1962.56,15,2026-07-07,Jaipur,UPI,COMPLETED
104274,,Desk Lamp,Furniture,6,1659.24,15,2026-04-01,Jaipur,Net Banking,PENDING
104275,C1425,Keyboard,Electronics,2,2495.18,0,2026-03-07,Bengaluru,UPI,COMPLETED
104276,C1026,Headphones,Electronics,5,2627.68,15,2026-04-15,Ahmedabad,UPI,COMPLETED
104277,C1040,Keyboard,Electronics,3,2569.05,0,2026-01-18,Mumbai,COD,PENDING
104278,C1973,Desk Lamp,Furniture,1,1626.91,15,2026-09-28,Bengaluru,COD,SHIPPED
104279,C1693,Tablet,Electronics,3,30600.38,0,2026-04-07,Bengaluru,COD,COMPLETED
104280,C1692,Smartwatch,Electronics,5,7747.47,0,2026-02-05,Delhi,Credit Card,COMPLETED
104281,C1401,Mechanical Keyboard,Electronics,6,,0,2026-02-18,Jaipur,Credit Card,COMPLETED
104282,C1778,Tablet,Electronics,6,27149.02,0,2026-06-03,Bengaluru,Net Banking,COMPLETED
104283,C1011,Webcam,Electronics,6,4564.61,10,2026-02-17,Kochi,UPI,PENDING
104284,C1812,Printer,Electronics,3,12050.21,20,2026-01-16,Bengaluru,Credit Card,CANCELLED
104285,C1210,Headphones,Electronics,1,3237.1,0,2026-05-20,Hyderabad,COD,COMPLETED
104286,C1440,Laptop,Electronics,4,52379.04,10,2026-09-01,Chennai,Debit Card,COMPLETED
104287,C1846,Printer,Electronics,4,13356.36,15,2026-03-20,Pune,Net Banking,COMPLETED
104288,C1231,Keyboard,Electronics,4,2691.93,0,2026-03-02,Chennai,UPI,COMPLETED
104289,C1678,Printer,Electronics,6,14016.08,0,2026-02-17,Kolkata,Debit Card,CANCELLED
104290,C1773,Backpack,Accessories,1,2840.58,20,2026-07-14,Delhi,UPI,SHIPPED
104291,C1408,Backpack,Accessories,1,2135.25,10,2026-05-24,Chennai,COD,SHIPPED
104292,C1406,Desk Lamp,Furniture,2,1773.42,0,2026-05-07,Delhi,Net Banking,COMPLETED
104293,C1029,Printer,Electronics,1,15017.2,0,2026-09-25,Kolkata,UPI,PENDING
104294,C1507,Keyboard,Electronics,3,2616.97,10,2026-08-04,Delhi,Credit Card,COMPLETED
104295,C1221,Desk,Furniture,2,19859.65,20,2026-07-27,Pune,COD,SHIPPED
104296,C1300,Desk,Furniture,6,18225.24,10,2026-04-09,Kochi,Credit Card,COMPLETED
104297,C1479,Power Bank,Electronics,5,2353.26,20,2026-09-10,Mumbai,Credit Card,PENDING
104298,C1871,Power Bank,Electronics,5,2423.39,0,2026-07-11,Ahmedabad,Debit Card,CANCELLED
104299,C1280,SSD 1TB,Electronics,3,8047.77,0,2026-04-19,Kochi,UPI,PENDING
104300,C1977,Tablet,Electronics,1,31896.38,0,2026-09-23,Mumbai,Credit Card,SHIPPED
104301,C1507,Mechanical Keyboard,Electronics,5,7297.31,10,2026-09-08,Delhi,Net Banking,PENDING
104302,C1861,Webcam,Electronics,2,5111.34,10,2026-01-09,Kolkata,Debit Card,CANCELLED
104303,C1241,Tablet,Electronics,3,27487.4,10,2026-06-09,Chennai,Net Banking,COMPLETED
104304,C1529,Tablet,Electronics,6,27828.71,15,2026-05-17,Bengaluru,Net Banking,COMPLETED
104305,C1502,Keyboard,Electronics,2,2153.94,0,2026-02-24,Jaipur,Debit Card,COMPLETED
104306,C1911,Headphones,Electronics,5,2948.04,5,2026-01-20,Bengaluru,Debit Card,COMPLETED
104307,C1525,Desk,Furniture,1,18069.5,0,not_available,Hyderabad,UPI,COMPLETED
104308,C1449,Headphones,Electronics,5,2651.47,0,2026-04-20,Chennai,UPI,COMPLETED
104309,C1424,Mechanical Keyboard,Electronics,4,5755.61,0,2026-07-17,Kolkata,Credit Card,SHIPPED
104310,C1077,Keyboard,Electronics,5,2580.68,5,2026-01-12,Pune,Debit Card,COMPLETED
104311,C1726,Office Chair,Furniture,4,13696.85,0,2026-03-31,Chennai,COD,COMPLETED
104312,C1388,Router,Electronics,3,3607.9,20,2026-04-29,Jaipur,Net Banking,COMPLETED
104313,C1273,Laptop,Electronics,2,56221.22,20,2026-05-20,Pune,Debit Card,COMPLETED
104314,C1867,Smartwatch,Electronics,3,9471.33,20,2026-08-06,Kolkata,UPI,COMPLETED
104315,C1007,Keyboard,Electronics,1,2575.73,5,2026-03-12,Mumbai,Net Banking,COMPLETED
104316,C1979,Laptop Stand,Accessories,5,1733.26,10,2026-08-30,Hyderabad,Credit Card,CANCELLED
104317,C1101,Backpack,Accessories,6,2779.22,0,2026-07-19,Ahmedabad,Credit Card,PENDING
104318,C1376,Mouse,Electronics,5,757.96,15,2026-08-19,Kolkata,COD,COMPLETED
104319,C1264,Laptop,Electronics,6,61882.07,0,2026-07-28,Pune,UPI,PENDING
104320,C1116,Keyboard,Electronics,2,2433.9,15,2026-05-13,Kolkata,Credit Card,COMPLETED
104321,C1835,Router,Electronics,6,2961.8,0,2026-04-07,Jaipur,Net Banking,COMPLETED
104322,C1015,Tablet,Electronics,2,30607.96,10,2026-06-19,Kochi,Debit Card,CANCELLED
104323,C1127,Desk,Furniture,2,18507.16,0,2026-05-11,Hyderabad,COD,CANCELLED
104324,C1396,Tablet,Electronics,5,26566.15,0,2026-02-13,Jaipur,Debit Card,SHIPPED
104325,C1133,Printer,Electronics,3,12607.94,0,2026-01-07,Bengaluru,Net Banking,CANCELLED
104326,C1910,Keyboard,Electronics,6,2869.62,0,2026-05-19,Hyderabad,Net Banking,PENDING
104327,C1678,Desk,Furniture,6,19356.81,10,2026-04-05,Delhi,Debit Card,CANCELLED
104328,C1120,Tablet,Electronics,6,25588.01,0,2026-03-25,Chennai,Debit Card,CANCELLED
104329,,Desk Lamp,Furniture,4,1704.85,15,2026-01-24,Kolkata,UPI,SHIPPED
104330,C1013,Backpack,Accessories,5,2849.47,0,2026-03-06,Kochi,Debit Card,CANCELLED
104331,C1671,Power Bank,Electronics,4,2137.32,0,2026-05-03,Kolkata,Debit Card,PENDING
104332,C1308,Mechanical Keyboard,Electronics,3,5700.23,20,2026-05-28,Mumbai,Credit Card,COMPLETED
104333,C1730,SSD 1TB,Electronics,2,7603.07,20,2026-04-14,Delhi,Net Banking,COMPLETED
104334,C1690,Mechanical Keyboard,Electronics,4,6915.24,20,2026-07-27,Jaipur,COD,PENDING
104335,C1127,Webcam,Electronics,1,5064.71,5,2026-06-16,Chennai,Debit Card,CANCELLED
104336,C1467,Printer,Electronics,1,15377.34,0,2026-09-23,Ahmedabad,Credit Card,CANCELLED
104337,,Keyboard,Electronics,5,2773.98,5,2026-01-20,Ahmedabad,COD,COMPLETED
104338,C1074,Laptop,Electronics,4,64098.98,0,2026-03-01,Chennai,UPI,COMPLETED
104339,C1307,Smartphone,Electronics,3,32423.08,15,2026-02-11,Bengaluru,COD,PENDING
104340,C1246,Mouse,Electronics,5,789.79,20,2026-06-05,Mumbai,Debit Card,SHIPPED
104341,C1217,Router,Electronics,5,3543.66,20,not_available,Mumbai,Credit Card,SHIPPED
104342,C1738,Printer,Electronics,3,14250.19,20,2026-09-11,Jaipur,UPI,COMPLETED
104343,C1480,Mechanical Keyboard,Electronics,5,7255.34,15,2026-03-17,Pune,Credit Card,COMPLETED
104344,C1342,Monitor,Electronics,2,13139.46,-10,2026-01-16,Ahmedabad,Credit Card,COMPLETED
104345,C1415,Printer,Electronics,5,15980.67,0,2026-07-29,Chennai,Net Banking,CANCELLED
103302,C1332,Keyboard,Electronics,1,2312.63,5,2026-09-04,Ahmedabad,Net Banking,COMPLETED
104347,C1662,SSD 1TB,Electronics,4,6082.67,0,2026-07-26,Ahmedabad,Credit Card,COMPLETED
104348,C1786,Laptop,Electronics,1,54400.41,15,2026-08-30,Kolkata,COD,COMPLETED
104349,C1457,Mouse,Electronics,2,796.98,20,2026-02-01,Ahmedabad,COD,CANCELLED
104350,C1426,Tablet,Electronics,5,25688.29,0,2026-09-13,Kolkata,COD,PENDING
104351,C1240,Office Chair,Furniture,5,11176.75,0,2026-08-11,Jaipur,Debit Card,PENDING
104352,C1450,Tablet,Electronics,6,25278.42,5,2026-06-27,Kolkata,Net Banking,COMPLETED
104353,C1689,Office Chair,Furniture,3,11621.88,5,2026-03-10,Chennai,Net Banking,SHIPPED
104354,C1369,Office Chair,Furniture,1,12984.29,10,2026-03-24,Ahmedabad,UPI,SHIPPED
104355,C1600,Office Chair,Furniture,4,11915.86,0,2026-01-02,Kolkata,Credit Card,COMPLETED
104356,C1341,USB Cable,Accessories,2,434.15,5,2026-04-02,Chennai,COD,COMPLETED
104357,C1059,Webcam,Electronics,2,4965.96,5,2026-05-11,Pune,Credit Card,COMPLETED
104358,,Backpack,Accessories,2,2306.14,10,2026-01-17,Jaipur,Debit Card,COMPLETED
104359,C1750,Smartphone,Electronics,2,33267.62,5,2026-09-21,Pune,Credit Card,CANCELLED
104360,C1152,Office Chair,Furniture,4,11638.96,5,2026-07-08,Bengaluru,Credit Card,COMPLETED
104361,C1725,Mechanical Keyboard,Electronics,2,6465.27,15,2026-01-13,Kolkata,Debit Card,COMPLETED
104362,C1409,Tablet,Electronics,5,31617.91,0,2026-03-11,Jaipur,Net Banking,COMPLETED
104363,C1222,Office Chair,Furniture,2,10738.01,0,2026-07-24,Mumbai,COD,COMPLETED
104364,C1476,USB Cable,Accessories,2,499.59,0,2026-04-06,Pune,COD,COMPLETED
104365,C1104,Mouse,Electronics,2,874.38,15,2026-08-30,Kolkata,UPI,PENDING
104366,C1709,Smartwatch,Electronics,3,8034.95,0,2026-05-09,Kolkata,Credit Card,CANCELLED
104367,C1456,Laptop,Electronics,3,54555.25,0,2026-04-11,Bengaluru,COD,PENDING
104368,,Mechanical Keyboard,Electronics,3,6240.91,15,2026-02-12,Mumbai,Debit Card,CANCELLED
104369,C1498,Mechanical Keyboard,Electronics,6,7322.75,0,2026-08-26,Delhi,Net Banking,COMPLETED
104370,C1606,Router,Electronics,6,3336.05,0,2026-02-28,Jaipur,Net Banking,PENDING
104371,C1674,Smartphone,Electronics,5,29923.91,15,2026-07-17,Hyderabad,Debit Card,CANCELLED
104372,C1365,Desk,Furniture,3,19230.69,15,2026-03-15,Bengaluru,Debit Card,SHIPPED
104373,C1681,Mechanical Keyboard,Electronics,2,6428.96,15,2026-03-22,Chennai,Debit Card,COMPLETED
104374,C1330,Webcam,Electronics,6,4021.38,20,2026-08-19,Delhi,COD,SHIPPED
104375,C1534,Router,Electronics,3,3312.07,0,2026-03-09,Ahmedabad,COD,COMPLETED
104376,C1650,Smartwatch,Electronics,1,8246.56,5,2026-08-28,Ahmedabad,Credit Card,CANCELLED
104377,C1216,Keyboard,Electronics,6,2404.22,0,2026-03-26,Bengaluru,COD,PENDING
104378,C1383,Smartwatch,Electronics,6,8785.64,0,2026-07-05,Bengaluru,UPI,COMPLETED
104379,C1339,Laptop,Electronics,4,58846.41,15,2026-09-26,Chennai,UPI,SHIPPED
104380,C1661,Backpack,Accessories,2,2867.85,5,2026-08-02,Jaipur,UPI,COMPLETED
104381,C1848,Smartwatch,Electronics,5,9482.06,5,2026-05-07,Mumbai,COD,PENDING
104382,C1366,Desk Lamp,Furniture,1,1787.48,0,2026-04-29,Ahmedabad,Debit Card,COMPLETED
104383,C1317,USB Cable,Accessories,4,482.17,0,2026-02-22,Pune,Debit Card,PENDING
104384,C1777,Smartphone,Electronics,2,39279.22,5,2026-06-01,Delhi,COD,CANCELLED
104385,C1424,Laptop Stand,Accessories,5,1856.01,10,2026-06-22,Kochi,Debit Card,COMPLETED
104386,C1205,Mechanical Keyboard,Electronics,5,6203.34,20,2026-05-27,Chennai,Debit Card,SHIPPED
104387,C1797,SSD 1TB,Electronics,2,6106.42,0,2026-09-20,Jaipur,Credit Card,COMPLETED
104388,C1054,USB Cable,Accessories,6,552.83,0,2026-03-16,Jaipur,Credit Card,SHIPPED
104389,C1687,Smartphone,Electronics,2,36920.41,0,2026-06-29,Chennai,Net Banking,COMPLETED
104390,C1737,Headphones,Electronics,2,3402.37,0,2026-15-45,Ahmedabad,Net Banking,COMPLETED
104391,C1577,Webcam,Electronics,5,5147.58,5,2026-07-20,Kolkata,UPI,PENDING
104392,C1126,Mouse,Electronics,5,682.49,10,2026-09-23,Chennai,Net Banking,CANCELLED
104393,C1993,Laptop,Electronics,6,58962.57,20,2026-03-20,Chennai,Debit Card,COMPLETED
104394,C1946,Backpack,Accessories,5,2789.93,15,2026-04-12,Jaipur,COD,COMPLETED
104395,C1628,SSD 1TB,Electronics,6,7922.83,0,2026-09-05,Chennai,UPI,PENDING
104396,C1686,Laptop,Electronics,5,54560.9,0,2026-08-01,Hyderabad,Debit Card,CANCELLED
104397,C1972,Mechanical Keyboard,Electronics,1,5553.23,0,2026-09-09,Delhi,Debit Card,SHIPPED
104398,C1445,Smartwatch,Electronics,3,8338.34,5,2026-04-20,Delhi,COD,SHIPPED
104399,C1786,Mechanical Keyboard,Electronics,1,6976.19,20,2026-06-16,Mumbai,COD,PENDING
104400,C1030,Power Bank,Electronics,4,2158.25,0,2026-04-08,Jaipur,COD,COMPLETED
104401,C1757,Backpack,Accessories,4,,10,2026-09-15,Delhi,Net Banking,COMPLETED
104402,C1251,Office Chair,Furniture,3,10356.23,20,2026-07-26,Ahmedabad,Debit Card,PENDING
104403,C1219,Router,Electronics,1,3099.27,15,2026-06-15,Kolkata,Credit Card,COMPLETED
104404,C1046,Router,Electronics,5,3339.13,20,2026-07-19,Hyderabad,Net Banking,PENDING
104405,,Headphones,Electronics,3,3387.31,0,2026-04-29,Pune,Debit Card,PENDING
104406,C1415,Desk Lamp,Furniture,3,1444.87,0,2026-04-06,Bengaluru,Debit Card,SHIPPED
104407,C1032,Laptop Stand,Accessories,5,1774.01,0,2026-09-24,Ahmedabad,UPI,COMPLETED
104408,C1338,Desk,Furniture,4,18658.25,5,2026-08-07,Kolkata,Debit Card,PENDING
104409,C1821,Mouse,Electronics,2,794.47,0,2026-08-14,Hyderabad,Net Banking,SHIPPED
104410,C1752,Smartwatch,Electronics,1,9424.1,0,2026-08-07,Bengaluru,Credit Card,COMPLETED
104411,C1118,Power Bank,Electronics,1,2520.11,0,2026-07-27,Pune,Debit Card,PENDING
104412,C1807,Tablet,Electronics,6,28022.75,15,2026-02-05,Kochi,UPI,COMPLETED
104413,C1806,Desk,Furniture,1,16994.82,10,2026-04-24,Delhi,Credit Card,COMPLETED
104414,C1134,Mechanical Keyboard,Electronics,4,6918.57,15,2026-07-25,Kolkata,UPI,COMPLETED
104415,C1527,Power Bank,Electronics,3,2364.48,20,2026-01-14,Mumbai,COD,COMPLETED
104416,C1804,Printer,Electronics,2,15217.24,0,2026-02-24,Kolkata,UPI,COMPLETED
104417,C1876,Desk,Furniture,3,19923.21,0,2026-02-17,Pune,COD,COMPLETED
104418,C1394,Keyboard,Electronics,5,2346.4,10,2026-03-01,Delhi,Net Banking,CANCELLED
104419,C1803,SSD 1TB,Electronics,1,7791.88,0,2026-03-03,Kochi,UPI,CANCELLED
104420,C1832,Smartwatch,Electronics,2,9899.95,10,2026-07-30,Ahmedabad,Net Banking,COMPLETED
104421,C1513,Tablet,Electronics,6,27936.62,5,2026-01-04,Ahmedabad,UPI,CANCELLED
104422,C1318,Desk Lamp,Furniture,2,1646.77,0,2026-03-25,Ahmedabad,Debit Card,COMPLETED
104423,C1502,Monitor,Electronics,5,14651.54,0,2026-04-23,Delhi,Credit Card,COMPLETED
104424,C1780,Webcam,Electronics,3,4603.26,0,2026-03-11,Kolkata,COD,COMPLETED
104425,C1042,Mouse,Electronics,2,794.72,15,2026-02-07,Jaipur,Net Banking,COMPLETED
104426,C1534,Mechanical Keyboard,Electronics,3,6276.45,15,2026-08-18,Hyderabad,COD,COMPLETED
104427,C1397,Smartphone,Electronics,1,30467.08,0,2026-08-01,Mumbai,UPI,CANCELLED
104428,C1235,Mouse,Electronics,4,822.06,20,2026-07-09,Bengaluru,Net Banking,COMPLETED
104429,C1502,Keyboard,Electronics,2,2207.63,10,2026-08-09,Kolkata,UPI,PENDING
104430,C1083,Monitor,Electronics,6,16034.39,20,2026-04-28,Kochi,COD,COMPLETED
104431,C1200,Mouse,Electronics,2,757.89,10,2026-09-18,Jaipur,COD,CANCELLED
104432,C1937,USB Cable,Accessories,1,489.38,0,2026-04-24,Bengaluru,Debit Card,CANCELLED
104433,C1349,Desk Lamp,Furniture,4,1626.39,15,2026-09-16,Kochi,UPI,COMPLETED
104434,C1902,Smartwatch,Electronics,6,8694.64,0,2026-07-27,Ahmedabad,UPI,COMPLETED
104435,C1367,Laptop,Electronics,3,53938.99,0,2026-03-14,Kolkata,Credit Card,SHIPPED
104436,C1006,Router,Electronics,1,3108.75,0,2026-02-22,Ahmedabad,UPI,COMPLETED
104437,C1261,Tablet,Electronics,1,31162.12,15,2026-02-08,Kochi,Net Banking,COMPLETED
104438,C1262,Mouse,Electronics,5,881.79,0,2026-08-06,Kochi,Debit Card,COMPLETED
104439,C1287,Smartwatch,Electronics,3,7730.56,5,2026-01-06,Kochi,Debit Card,PENDING
104440,C1035,Tablet,Electronics,2,29615.41,5,2026-05-15,Pune,Net Banking,SHIPPED
104441,C1608,Mechanical Keyboard,Electronics,2,6859.3,15,2026-06-28,Kochi,UPI,SHIPPED
104442,C1264,USB Cable,Accessories,5,572.42,0,2026-06-06,Mumbai,COD,CANCELLED
104443,C1016,Desk,Furniture,5,17239.07,20,2026-08-15,Chennai,Credit Card,COMPLETED
104444,C1868,Webcam,Electronics,6,4852.48,10,2026-05-28,Jaipur,Net Banking,SHIPPED
104445,,Keyboard,Electronics,5,2729.82,0,2026-01-23,Bengaluru,Net Banking,COMPLETED
104446,C1507,USB Cable,Accessories,5,572.06,5,2026-03-05,Jaipur,Debit Card,CANCELLED
104447,C1729,Smartphone,Electronics,5,33111.77,0,2026-03-10,Chennai,Credit Card,PENDING
104448,C1825,Backpack,Accessories,4,2188.6,20,2026-07-19,Chennai,Credit Card,CANCELLED
104449,C1553,Smartphone,Electronics,4,29832.72,0,2026-06-07,Kochi,COD,COMPLETED
104450,C1276,Smartphone,Electronics,5,35992.21,15,2026-07-31,Jaipur,UPI,COMPLETED
104451,C1405,SSD 1TB,Electronics,4,6280.54,5,2026-09-09,Hyderabad,UPI,COMPLETED
104452,C1064,SSD 1TB,Electronics,4,7948.88,0,2026-02-14,Mumbai,Debit Card,COMPLETED
104453,C1280,Headphones,Electronics,2,2856.18,0,2026-07-19,Kolkata,UPI,PENDING
104454,C1328,Router,Electronics,5,3016.54,5,2026-02-02,Jaipur,Credit Card,COMPLETED
104455,C1370,Mouse,Electronics,3,865.45,0,2026-07-04,Delhi,Debit Card,COMPLETED
104456,C1785,Keyboard,Electronics,2,2664.24,10,2026-05-20,Pune,Net Banking,COMPLETED
104457,,Desk Lamp,Furniture,5,1470.37,15,2026-03-18,Delhi,Credit Card,COMPLETED
104458,C1743,Monitor,Electronics,1,15470.39,0,2026-05-19,Hyderabad,Credit Card,CANCELLED
104459,C1111,Office Chair,Furniture,6,12506.43,0,2026-05-24,Kolkata,COD,SHIPPED
104460,C1524,Laptop Stand,Accessories,3,1905.12,20,2026-04-11,Jaipur,Net Banking,PENDING
104461,C1780,Mechanical Keyboard,Electronics,2,6868.89,0,2026-01-24,Mumbai,UPI,COMPLETED
104462,C1437,Router,Electronics,2,2938.96,0,2026-09-09,Kochi,COD,CANCELLED
104463,C1922,Router,Electronics,1,3202.16,15,2026-01-08,Kolkata,COD,SHIPPED
104464,C1154,Desk,Furniture,2,20556.49,0,2026-08-26,Ahmedabad,COD,SHIPPED
104465,C1830,Webcam,Electronics,6,4273.87,10,2026-08-31,Jaipur,Debit Card,COMPLETED
104466,C1887,USB Cable,Accessories,4,456.98,15,2026-06-03,Ahmedabad,COD,PENDING
104467,C1147,Webcam,Electronics,6,4847.21,5,2026-03-18,Pune,Debit Card,COMPLETED
104468,C1765,Headphones,Electronics,2,3125.46,0,2026-06-17,Bengaluru,UPI,SHIPPED
104469,C1993,Router,Electronics,6,3254.81,0,2026-01-13,Pune,UPI,COMPLETED
104470,C1257,Power Bank,Electronics,3,2022.06,15,2026-09-27,Mumbai,COD,SHIPPED
104471,C1162,Laptop,Electronics,3,58944.85,5,2026-08-11,Chennai,Net Banking,CANCELLED
104472,C1045,Mechanical Keyboard,Electronics,2,6578.65,5,2026-06-03,Pune,COD,SHIPPED
104473,C1080,USB Cable,Accessories,1,518.87,0,2026-04-17,Bengaluru,Credit Card,CANCELLED
104474,C1933,Smartphone,Electronics,5,33529.03,0,2026-02-22,Pune,Credit Card,SHIPPED
104475,C1131,Monitor,Electronics,6,15696.78,5,2026-06-01,Bengaluru,Debit Card,COMPLETED
104476,C1225,Laptop,Electronics,6,65742.7,0,2026-07-18,Bengaluru,Debit Card,COMPLETED
104477,C1364,USB Cable,Accessories,5,543.27,10,2026-07-15,Hyderabad,Debit Card,CANCELLED
104478,C1472,Desk,Furniture,3,20330.5,0,2026-02-05,Kochi,COD,SHIPPED
104479,C1099,Monitor,Electronics,6,16580.82,0,2026-04-27,Delhi,Debit Card,PENDING
104480,C1955,Backpack,Accessories,2,2591.67,20,2026-08-28,Kolkata,UPI,COMPLETED
104481,C1768,Mouse,Electronics,6,729.45,15,2026-06-04,Delhi,Debit Card,COMPLETED
104482,C1614,Desk Lamp,Furniture,4,1534.86,15,2026-07-02,Ahmedabad,Net Banking,CANCELLED
104483,C1070,Router,Electronics,5,3206.32,20,2026-09-01,Ahmedabad,Net Banking,COMPLETED
104484,C1970,USB Cable,Accessories,1,479.95,10,2026-03-20,Jaipur,COD,COMPLETED
104485,C1222,Backpack,Accessories,4,2858.22,0,2026-09-21,Mumbai,Net Banking,COMPLETED
104486,C1597,Mouse,Electronics,2,731.45,0,2026-03-27,Mumbai,Credit Card,PENDING
104487,C1329,Office Chair,Furniture,5,10347.45,5,2026-01-08,Hyderabad,Net Banking,COMPLETED
104488,C1702,Monitor,Electronics,3,16043.26,15,2026-09-26,Delhi,Net Banking,PENDING
104489,C1474,Desk,Furniture,4,17846.63,20,2026-09-12,Hyderabad,UPI,SHIPPED
104490,C1018,Laptop Stand,Accessories,4,1737.9,20,2026-06-30,Chennai,UPI,COMPLETED
104491,C1688,Backpack,Accessories,4,2846.77,0,2026-03-24,Ahmedabad,Credit Card,COMPLETED
104492,C1886,Headphones,Electronics,6,3130.52,0,2026-03-03,Kochi,Credit Card,PENDING
104493,C1425,Mechanical Keyboard,Electronics,2,6462.48,20,2026-05-14,Jaipur,Credit Card,SHIPPED
104494,C1267,Webcam,Electronics,5,4103.09,20,2026-01-06,Hyderabad,Debit Card,CANCELLED
104495,C1600,Tablet,Electronics,5,25195.24,20,2026-01-19,Chennai,Net Banking,CANCELLED
104496,C1989,Smartphone,Electronics,1,39068.17,10,2026-06-30,Delhi,UPI,COMPLETED
104497,C1207,Office Chair,Furniture,6,13490.93,0,2026-06-24,Ahmedabad,Debit Card,PENDING
104498,C1899,Mechanical Keyboard,Electronics,1,5744.31,10,2026-06-08,Chennai,Debit Card,COMPLETED
104499,C1157,Office Chair,Furniture,2,10626.07,20,2026-07-19,Delhi,Net Banking,PENDING
104500,C1698,Keyboard,Electronics,4,2692.86,0,2026-06-07,Ahmedabad,Credit Card,SHIPPED
104501,C1258,Router,Electronics,1,2799.84,5,2026-06-23,Kochi,Debit Card,COMPLETED
104502,C1755,Mechanical Keyboard,Electronics,6,6909.01,10,2026-05-13,Mumbai,UPI,PENDING
104503,C1252,Printer,Electronics,5,15069.76,0,2026-04-17,Chennai,Credit Card,CANCELLED
104504,C1403,Power Bank,Electronics,5,2197.72,5,2026-07-24,Jaipur,Net Banking,PENDING
104505,C1504,Printer,Electronics,4,13437.65,0,2026-07-04,Ahmedabad,Net Banking,COMPLETED
104506,C1213,Desk,Furniture,-2,17921.84,10,2026-02-07,Kochi,Debit Card,COMPLETED
104507,C1793,Mechanical Keyboard,Electronics,1,7396.87,15,2026-06-02,Mumbai,Net Banking,SHIPPED
104508,C1875,USB Cable,Accessories,2,455.07,10,2026-01-07,Jaipur,Net Banking,COMPLETED
104509,C1372,Laptop,Electronics,1,52691.58,0,2026-04-25,Kochi,UPI,COMPLETED
104510,C1315,Router,Electronics,1,3015.5,0,2026-04-12,Chennai,Debit Card,SHIPPED
104511,C1633,Headphones,Electronics,1,2785.39,10,2026-01-07,Bengaluru,UPI,CANCELLED
104512,C1537,Smartphone,Electronics,1,38152.39,5,2026-05-09,Jaipur,COD,COMPLETED
104513,C1319,Desk Lamp,Furniture,5,1818.75,0,2026-09-04,Delhi,COD,CANCELLED
104514,C1944,Laptop,Electronics,4,59175.41,10,2026-07-15,Jaipur,Credit Card,SHIPPED
104515,C1462,Headphones,Electronics,1,3075.63,5,2026-03-02,Kolkata,Credit Card,COMPLETED
104516,C1469,Headphones,Electronics,4,2825.0,15,2026-03-30,Kolkata,Debit Card,PENDING
104517,C1817,Smartphone,Electronics,5,35691.99,0,2026-05-17,Pune,COD,SHIPPED
104518,C1106,SSD 1TB,Electronics,3,7871.51,5,2026-04-11,Mumbai,Net Banking,SHIPPED
104519,C1007,Monitor,Electronics,1,15815.81,0,2026-02-19,Jaipur,Net Banking,COMPLETED
104520,C1640,Headphones,Electronics,6,3303.02,5,2026-01-03,Kochi,Net Banking,PENDING
104521,C1348,Tablet,Electronics,5,28435.33,10,2026-08-04,Bengaluru,UPI,PENDING
104522,C1351,Desk Lamp,Furniture,4,1456.22,0,31/31/2026,Chennai,Net Banking,PENDING
104523,C1300,Webcam,Electronics,6,5061.34,20,wrong_date,Hyderabad,Debit Card,SHIPPED
104524,C1052,Headphones,Electronics,4,2730.69,5,2026-07-22,Jaipur,Net Banking,COMPLETED
104525,C1608,Smartphone,Electronics,3,37471.19,10,2026-08-16,Chennai,Net Banking,PENDING
104526,C1265,Smartwatch,Electronics,6,8365.71,5,2026-02-10,Pune,Debit Card,CANCELLED
104527,C1828,Laptop Stand,Accessories,3,1990.98,0,2026-06-13,Kolkata,Credit Card,COMPLETED
104528,C1024,SSD 1TB,Electronics,2,6879.64,0,2026-01-03,Ahmedabad,Debit Card,CANCELLED
104529,C1851,Router,Electronics,5,3102.43,-10,2026-05-13,Pune,UPI,COMPLETED
104530,C1451,SSD 1TB,Electronics,3,7113.33,0,2026-09-04,Ahmedabad,UPI,COMPLETED
104531,C1235,Mechanical Keyboard,Electronics,2,5912.51,10,2026-07-10,Chennai,COD,COMPLETED
104532,C1191,Desk Lamp,Furniture,1,1478.88,10,2026-07-14,Hyderabad,COD,COMPLETED
104533,C1713,Office Chair,Furniture,1,11908.99,5,2026-04-18,Kolkata,Debit Card,COMPLETED
101299,C1934,Laptop Stand,Accessories,1,1652.4,5,2026-03-17,Pune,Debit Card,COMPLETED
104535,C1105,Mouse,Electronics,6,891.08,5,2026-07-04,Ahmedabad,Credit Card,PENDING
104536,C1462,Smartwatch,Electronics,4,8206.13,0,2026-07-22,Jaipur,Debit Card,CANCELLED
104537,C1437,Office Chair,Furniture,6,13740.42,-10,2026-07-21,Chennai,UPI,COMPLETED
103278,C1026,USB Cable,Accessories,5,546.55,20,2026-03-06,Ahmedabad,Net Banking,COMPLETED
104539,C1608,USB Cable,Accessories,1,531.31,20,2026-05-26,Bengaluru,UPI,COMPLETED
104540,C1021,Headphones,Electronics,6,2990.31,0,2026-09-05,Ahmedabad,UPI,CANCELLED
104541,C1894,Desk Lamp,Furniture,3,1415.19,0,2026-09-23,Hyderabad,COD,SHIPPED
104542,C1487,Smartwatch,Electronics,6,8917.2,10,2026-04-11,Delhi,UPI,SHIPPED
104543,C1089,Office Chair,Furniture,3,10973.87,0,2026-08-17,Pune,Debit Card,CANCELLED
104544,C1969,Printer,Electronics,-5,14378.18,20,2026-06-24,Kolkata,Debit Card,CANCELLED
104545,C1775,Headphones,Electronics,4,2578.53,20,2026-08-28,Kolkata,Net Banking,PENDING
104546,C1481,Power Bank,Electronics,4,2369.1,0,2026-09-04,Bengaluru,COD,CANCELLED
104547,C1964,Monitor,Electronics,2,15448.71,0,not_available,Bengaluru,Credit Card,PENDING
104548,C1112,USB Cable,Accessories,2,498.8,0,2026-07-06,Kochi,COD,PENDING
104549,C1988,Desk,Furniture,6,15853.25,15,2026-04-17,Delhi,Net Banking,SHIPPED
104550,C1957,Router,Electronics,4,2728.62,15,2026-09-16,Kolkata,Net Banking,PENDING
104551,C1067,Mouse,Electronics,6,872.63,5,2026-07-06,Bengaluru,UPI,SHIPPED
104552,C1273,Mouse,Electronics,4,688.6,5,2026-09-28,Delhi,COD,CANCELLED
104553,C1660,Desk,Furniture,4,18166.9,0,2026-09-20,Delhi,UPI,COMPLETED
104554,C1260,Router,Electronics,3,3163.94,5,2026-06-18,Hyderabad,UPI,COMPLETED
104555,C1898,Office Chair,Furniture,5,10665.47,0,2026-09-21,Kolkata,COD,COMPLETED
104556,C1193,Monitor,Electronics,4,15243.36,20,2026-09-17,Delhi,Net Banking,COMPLETED
104557,C1251,Keyboard,Electronics,4,2494.34,10,2026-06-16,Kochi,COD,COMPLETED
104558,C1970,Office Chair,Furniture,3,13399.53,10,2026-06-11,Kochi,Credit Card,COMPLETED
104559,C1204,Headphones,Electronics,6,2580.31,15,2026-07-10,Chennai,UPI,CANCELLED
104560,C1844,Power Bank,Electronics,2,2149.39,10,2026-01-28,Bengaluru,Debit Card,COMPLETED
104561,C1211,Mouse,Electronics,2,825.69,10,2026-07-25,Chennai,Credit Card,COMPLETED
104562,C1021,Desk Lamp,Furniture,2,1796.92,0,2026-07-24,Pune,Debit Card,COMPLETED
104563,C1250,Laptop,Electronics,4,61750.36,10,2026-03-02,Pune,Debit Card,COMPLETED
104564,C1823,Headphones,Electronics,0,2966.62,0,2026-01-14,Bengaluru,Credit Card,CANCELLED
104565,C1623,SSD 1TB,Electronics,2,6146.18,0,2026-01-03,Kolkata,Debit Card,COMPLETED
104566,C1205,Keyboard,Electronics,6,2835.53,0,2026-01-20,Chennai,COD,COMPLETED
104567,C1827,Mouse,Electronics,3,806.8,0,2026-01-17,Kochi,Credit Card,COMPLETED
104568,C1931,SSD 1TB,Electronics,3,7064.44,15,2026-08-18,Delhi,COD,COMPLETED
104569,C1454,Printer,Electronics,-2,13777.7,0,2026-09-27,Mumbai,Debit Card,CANCELLED
104570,C1337,Power Bank,Electronics,2,2217.34,0,2026-07-11,Bengaluru,COD,COMPLETED
104571,C1497,USB Cable,Accessories,6,453.17,10,2026-03-12,Chennai,Debit Card,COMPLETED
104572,C1600,SSD 1TB,Electronics,1,7009.33,0,2026-07-05,Pune,Net Banking,CANCELLED
104573,C1428,Router,Electronics,5,3354.93,0,2026-06-22,Pune,COD,COMPLETED
104574,C1249,Mouse,Electronics,5,709.74,5,2026-06-18,Hyderabad,Debit Card,CANCELLED
104575,C1513,Backpack,Accessories,4,2202.49,20,2026-06-23,Kolkata,Debit Card,PENDING
104576,C1567,Desk,Furniture,5,19293.04,15,2026-06-16,Kolkata,COD,PENDING
104577,C1139,Office Chair,Furniture,3,11666.0,0,2026-01-22,Delhi,Debit Card,COMPLETED
104578,C1454,Tablet,Electronics,5,31614.36,0,2026-06-30,Kochi,Credit Card,COMPLETED
104579,C1881,Power Bank,Electronics,-1,2207.11,20,2026-02-01,Ahmedabad,Credit Card,CANCELLED
104580,C1156,Backpack,Accessories,4,2706.97,0,2026-08-17,Jaipur,Net Banking,SHIPPED
104581,C1278,SSD 1TB,Electronics,5,7785.15,0,2026-05-26,Bengaluru,Credit Card,COMPLETED
104582,C1526,Backpack,Accessories,2,2763.64,15,2026-05-08,Jaipur,COD,SHIPPED
104583,C1630,Mouse,Electronics,1,798.43,15,2026-05-26,Pune,Debit Card,PENDING
104584,C1291,Mechanical Keyboard,Electronics,3,6634.92,15,2026-08-02,Jaipur,Debit Card,CANCELLED
104585,,Monitor,Electronics,4,14668.67,0,2026-06-24,Chennai,Net Banking,COMPLETED
104586,C1157,Power Bank,Electronics,3,2256.84,0,2026-01-16,Mumbai,Net Banking,SHIPPED
104587,C1457,Office Chair,Furniture,5,12843.26,0,2026-07-12,Hyderabad,UPI,COMPLETED
104588,C1933,USB Cable,Accessories,4,447.13,5,2026-07-23,Pune,Credit Card,COMPLETED
104589,C1964,Desk,Furniture,3,20421.55,15,2026-04-14,Hyderabad,UPI,SHIPPED
104590,C1928,Mouse,Electronics,1,761.36,0,2026-06-22,Ahmedabad,Credit Card,COMPLETED
101655,C1874,Printer,Electronics,2,14135.41,0,2026-07-19,Hyderabad,Net Banking,COMPLETED
104592,C1434,Mechanical Keyboard,Electronics,6,5943.64,0,2026-09-05,Chennai,Net Banking,PENDING
104593,C1055,Mechanical Keyboard,Electronics,5,6219.44,0,2026-06-04,Kochi,UPI,COMPLETED
104594,C1514,Tablet,Electronics,6,24226.85,0,2026-02-10,Jaipur,UPI,COMPLETED
104595,C1932,Power Bank,Electronics,6,2181.22,0,2026-03-23,Bengaluru,COD,SHIPPED
104596,C1597,Laptop Stand,Accessories,2,1741.12,5,2026-01-24,Kochi,Credit Card,COMPLETED
104597,C1684,Tablet,Electronics,1,28197.5,10,2026-09-17,Ahmedabad,Debit Card,CANCELLED
104598,C1695,Laptop,Electronics,1,51601.41,0,2026-04-11,Kochi,UPI,COMPLETED
104599,C1110,SSD 1TB,Electronics,2,6313.74,0,wrong_date,Hyderabad,UPI,COMPLETED
104600,C1625,Webcam,Electronics,6,4740.12,0,2026-04-22,Kochi,Net Banking,COMPLETED
104601,C1511,Smartwatch,Electronics,1,8149.34,0,2026-05-01,Ahmedabad,COD,CANCELLED
104602,C1458,Router,Electronics,2,3625.89,0,2026-09-30,Kochi,Credit Card,PENDING
104603,C1304,Desk,Furniture,4,18106.56,20,2026-07-31,Jaipur,Net Banking,SHIPPED
104604,C1254,Office Chair,Furniture,-2,12860.93,10,2026-04-30,Hyderabad,COD,CANCELLED
104605,C1094,Headphones,Electronics,3,2717.71,20,2026-07-27,Chennai,Debit Card,SHIPPED
104606,,USB Cable,Accessories,6,547.43,0,2026-05-21,Kolkata,Debit Card,SHIPPED
104607,C1663,Mechanical Keyboard,Electronics,2,7019.67,20,2026-03-27,Jaipur,COD,SHIPPED
104608,C1416,Laptop Stand,Accessories,4,1850.7,15,2026-06-17,Ahmedabad,UPI,CANCELLED
104609,C1709,Mechanical Keyboard,Electronics,4,6390.07,20,2026-06-04,Hyderabad,COD,PENDING
104610,C1172,Desk,Furniture,4,18142.96,15,2026-02-15,Hyderabad,Debit Card,SHIPPED
104611,C1835,Desk Lamp,Furniture,2,1831.72,10,2026-06-21,Delhi,UPI,COMPLETED
104612,C1338,Tablet,Electronics,4,26412.0,0,2026-04-11,Kochi,Debit Card,COMPLETED
104613,,USB Cable,Accessories,6,481.83,20,2026-01-06,Ahmedabad,COD,SHIPPED
104614,C1274,Smartwatch,Electronics,4,8704.28,15,2026-09-23,Bengaluru,UPI,CANCELLED
104615,C1550,Headphones,Electronics,2,3068.88,20,2026-03-16,Delhi,Credit Card,COMPLETED
104616,C1392,Mechanical Keyboard,Electronics,4,5792.87,0,2026-04-26,Jaipur,Credit Card,COMPLETED
104617,C1497,Mechanical Keyboard,Electronics,3,5628.81,5,2026-02-02,Delhi,COD,SHIPPED
104618,C1503,Desk,Furniture,6,20069.55,10,2026-06-17,Jaipur,COD,COMPLETED
104619,C1052,Office Chair,Furniture,3,11380.29,5,2026-06-16,Jaipur,Net Banking,CANCELLED
104620,C1839,SSD 1TB,Electronics,4,7005.07,10,2026-01-02,Kolkata,Debit Card,COMPLETED
104621,C1068,USB Cable,Accessories,4,520.58,5,2026-08-06,Hyderabad,Debit Card,PENDING
104622,C1270,Webcam,Electronics,4,5060.91,0,2026-08-28,Kolkata,Debit Card,SHIPPED
104623,C1109,Office Chair,Furniture,4,11478.47,0,2026-05-10,Mumbai,UPI,COMPLETED
104624,C1298,USB Cable,Accessories,1,572.1,10,2026-08-09,Jaipur,Debit Card,SHIPPED
104625,C1732,Monitor,Electronics,3,13367.8,0,2026-06-16,Bengaluru,COD,COMPLETED
104626,C1585,Router,Electronics,3,3363.84,15,2026-01-12,Pune,Net Banking,COMPLETED
104627,C1642,Monitor,Electronics,2,13757.09,20,2026-06-13,Kolkata,COD,COMPLETED
104628,C1640,Office Chair,Furniture,2,13484.79,20,2026-04-06,Kochi,COD,SHIPPED
104629,C1920,Tablet,Electronics,4,29765.83,0,2026-04-06,Jaipur,COD,CANCELLED
104630,C1733,Mouse,Electronics,3,710.93,0,2026-02-19,Kolkata,Net Banking,COMPLETED
104631,C1942,,Electronics,5,3651.72,15,2026-09-09,Kolkata,UPI,COMPLETED
104632,C1154,USB Cable,Accessories,5,437.23,0,2026-06-28,Jaipur,Debit Card,PENDING
104633,C1851,Tablet,Electronics,3,28992.33,0,2026-06-20,Mumbai,Net Banking,COMPLETED
104634,C1720,Headphones,Electronics,3,3104.78,5,2026-02-18,Bengaluru,Debit Card,COMPLETED
103948,C1504,Desk Lamp,Furniture,2,1707.58,15,2026-02-01,Chennai,Net Banking,COMPLETED
104636,C1918,SSD 1TB,Electronics,1,6413.73,5,2026-02-09,Kolkata,COD,COMPLETED
104637,C1918,USB Cable,Accessories,1,485.22,10,2026-08-22,Hyderabad,Debit Card,COMPLETED
104638,C1842,Backpack,Accessories,1,2336.89,5,2026-05-03,Mumbai,UPI,COMPLETED
104639,C1251,,Electronics,5,2219.69,0,2026-05-08,Bengaluru,Credit Card,SHIPPED
104640,C1435,Tablet,Electronics,3,27144.4,0,2026-03-31,Delhi,Credit Card,SHIPPED
104641,C1088,Tablet,Electronics,3,26653.92,0,2026-08-03,Mumbai,Debit Card,SHIPPED
104642,C1333,Power Bank,Electronics,3,1968.86,5,2026-03-13,Kolkata,Credit Card,SHIPPED
104643,C1644,Printer,Electronics,6,12141.26,5,2026-06-10,Bengaluru,UPI,COMPLETED
104644,C1910,SSD 1TB,Electronics,6,7725.46,15,2026-08-12,Ahmedabad,Net Banking,COMPLETED
104645,C1436,Smartwatch,Electronics,1,8511.86,0,2026-02-06,Mumbai,UPI,CANCELLED
104646,C1535,Keyboard,Electronics,4,2465.23,15,2026-04-14,Mumbai,Credit Card,COMPLETED
104647,C1818,Webcam,Electronics,5,4909.67,20,2026-04-29,Kolkata,Debit Card,COMPLETED
104648,C1542,Desk,Furniture,6,18446.91,0,2026-02-11,Chennai,Debit Card,SHIPPED
104649,C1837,Mouse,Electronics,4,819.6,0,2026-03-16,Bengaluru,COD,COMPLETED
104650,C1032,USB Cable,Accessories,3,451.5,15,2026-05-16,Chennai,COD,COMPLETED
104651,,Power Bank,Electronics,6,1942.84,0,2026-03-15,Kolkata,Debit Card,COMPLETED
104652,C1876,Keyboard,Electronics,3,2657.57,10,2026-09-16,Kolkata,Debit Card,COMPLETED
104653,C1051,Desk Lamp,Furniture,2,1451.37,5,2026-07-06,Delhi,Credit Card,SHIPPED
104654,C1207,Laptop Stand,Accessories,1,1700.48,15,2026-07-08,Hyderabad,Credit Card,SHIPPED
104655,C1717,Mouse,Electronics,1,818.63,10,2026-05-25,Bengaluru,Net Banking,COMPLETED
104656,C1238,Backpack,Accessories,4,2149.75,15,2026-03-17,Bengaluru,Net Banking,COMPLETED
104657,C1848,Office Chair,Furniture,4,10421.36,20,2026-04-05,Pune,COD,COMPLETED
104658,C1565,Laptop Stand,Accessories,2,2027.03,15,2026-08-29,Bengaluru,Net Banking,CANCELLED
104659,C1860,Mechanical Keyboard,Electronics,3,6267.33,0,2026-08-21,Chennai,COD,SHIPPED
104660,C1383,Mouse,Electronics,3,825.03,5,2026-05-02,Kochi,Credit Card,COMPLETED
104661,C1781,Keyboard,Electronics,1,2639.22,15,2026-07-05,Kochi,UPI,SHIPPED
104662,C1621,Mechanical Keyboard,Electronics,2,6007.33,15,2026-02-07,Jaipur,COD,COMPLETED
104663,C1910,Smartphone,Electronics,3,36507.62,0,2026-09-23,Kochi,Debit Card,CANCELLED
104664,C1307,Mouse,Electronics,4,764.09,150,2026-06-01,Pune,Credit Card,CANCELLED
104665,C1342,Smartwatch,Electronics,2,10164.77,0,2026-08-28,Kolkata,Net Banking,SHIPPED
104666,C1885,SSD 1TB,Electronics,1,7160.75,5,2026-04-03,Kolkata,Net Banking,PENDING
104667,C1901,Power Bank,Electronics,4,1967.16,15,2026-04-04,Jaipur,UPI,PENDING
104668,C1677,Headphones,Electronics,4,2573.46,0,2026-07-16,Bengaluru,UPI,PENDING
104669,C1446,Router,Electronics,1,3429.92,0,2026-04-23,Chennai,UPI,PENDING
104670,C1664,Keyboard,Electronics,5,2333.75,10,2026-01-02,Ahmedabad,UPI,CANCELLED
104671,C1478,Mouse,Electronics,1,889.37,0,2026-09-13,Chennai,Credit Card,PENDING
104672,C1024,SSD 1TB,Electronics,6,7350.65,10,2026-08-25,Jaipur,Net Banking,SHIPPED
104673,C1803,Mouse,Electronics,1,746.61,10,2026-08-26,Mumbai,Net Banking,PENDING
104674,C1132,Monitor,Electronics,1,15284.26,5,2026-07-25,Hyderabad,Net Banking,COMPLETED
104675,C1987,Printer,Electronics,4,12749.58,0,2026-07-05,Chennai,COD,CANCELLED
104676,C1114,Smartwatch,Electronics,2,8053.1,0,2026-03-03,Delhi,Debit Card,SHIPPED
104677,C1245,Smartwatch,Electronics,-5,9439.82,20,2026-05-25,Ahmedabad,COD,COMPLETED
100996,C1498,Desk,Furniture,5,19690.92,10,2026-07-04,Chennai,Debit Card,COMPLETED
104679,C1537,Tablet,Electronics,6,27772.22,0,2026-03-03,Ahmedabad,Credit Card,CANCELLED
104680,C1115,Printer,Electronics,6,13985.88,10,2026-08-19,Hyderabad,Net Banking,SHIPPED
104681,C1621,Laptop Stand,Accessories,3,1996.19,10,2026-06-20,Ahmedabad,Debit Card,COMPLETED
104682,C1549,Laptop Stand,Accessories,3,1738.78,10,2026-08-29,Bengaluru,Credit Card,COMPLETED
104683,C1148,Mouse,Electronics,1,826.79,0,2026-07-14,Hyderabad,Net Banking,CANCELLED
104684,C1591,Monitor,Electronics,2,14466.86,5,2026-02-27,Kochi,UPI,PENDING
104685,C1430,Smartwatch,Electronics,5,8160.7,0,2026-05-03,Kolkata,Credit Card,CANCELLED
104686,C1078,Laptop Stand,Accessories,5,1788.33,0,2026-01-21,Pune,Net Banking,PENDING
104687,C1135,Router,Electronics,6,3414.75,5,2026-07-11,Delhi,Credit Card,COMPLETED
104688,C1863,Power Bank,Electronics,2,2149.53,0,2026-01-28,Mumbai,COD,CANCELLED
104689,C1283,Mechanical Keyboard,Electronics,4,6019.48,10,2026-03-05,Bengaluru,Credit Card,PENDING
104690,C1161,Smartphone,Electronics,5,38722.18,10,2026-04-11,Hyderabad,Debit Card,COMPLETED
104691,C1462,Laptop Stand,Accessories,5,2055.72,20,2026-03-07,Mumbai,COD,COMPLETED
104692,C1084,Backpack,Accessories,6,2470.07,5,2026-06-21,Kolkata,Credit Card,PENDING
104693,C1666,Office Chair,Furniture,6,12796.4,20,2026-08-13,Pune,UPI,COMPLETED
104694,C1333,Printer,Electronics,6,14672.7,15,2026-09-05,Kochi,UPI,SHIPPED
104695,C1307,Webcam,Electronics,1,5059.75,15,2026-06-04,Delhi,Debit Card,CANCELLED
104696,C1326,Webcam,Electronics,3,4159.31,15,2026-02-09,Bengaluru,Debit Card,SHIPPED
104697,C1360,Mouse,Electronics,5,713.77,5,2026-03-22,Kolkata,COD,COMPLETED
104698,C1527,Mouse,Electronics,6,868.93,5,2026-07-11,Jaipur,Debit Card,SHIPPED
104699,C1190,Desk Lamp,Furniture,3,1454.6,10,2026-02-21,Chennai,COD,SHIPPED
104700,C1911,Backpack,Accessories,1,2729.94,10,2026-06-11,Pune,UPI,SHIPPED
104701,C1586,Office Chair,Furniture,2,12986.44,10,2026-05-20,Hyderabad,UPI,COMPLETED
104702,C1804,Keyboard,Electronics,1,2349.88,20,2026-09-07,Kochi,Net Banking,COMPLETED
104703,C1637,Webcam,Electronics,3,4200.85,10,2026-03-18,Bengaluru,UPI,COMPLETED
104704,C1871,Router,Electronics,1,3204.73,15,2026-08-01,Kochi,COD,CANCELLED
104705,C1116,Webcam,Electronics,2,4854.59,20,2026-05-06,Pune,Net Banking,COMPLETED
104706,C1215,Router,Electronics,3,3484.71,15,2026-02-09,Bengaluru,UPI,COMPLETED
104707,C1733,Printer,Electronics,1,15491.38,0,2026-08-23,Pune,Net Banking,COMPLETED
104708,C1658,Keyboard,Electronics,4,2339.72,15,2026-03-24,Chennai,Credit Card,COMPLETED
104709,C1852,Power Bank,Electronics,3,2057.33,0,2026-01-02,Mumbai,UPI,COMPLETED
104710,C1349,Office Chair,Furniture,4,12442.74,15,2026-03-28,Mumbai,Credit Card,PENDING
104711,C1291,Laptop,Electronics,4,66057.6,0,2026-08-16,Delhi,Debit Card,COMPLETED
104712,C1282,Smartphone,Electronics,4,39337.23,20,2026-06-24,Hyderabad,Net Banking,CANCELLED
104713,C1050,Mouse,Electronics,4,692.17,20,2026-05-08,Kochi,COD,COMPLETED
104714,C1052,Backpack,Accessories,5,2871.41,0,2026-02-25,Chennai,Credit Card,COMPLETED
104715,C1136,Keyboard,Electronics,3,2599.31,15,2026-02-13,Mumbai,UPI,COMPLETED
104716,C1169,Desk,Furniture,6,15876.15,0,2026-07-24,Bengaluru,Net Banking,PENDING
104717,C1042,Desk Lamp,Furniture,3,1569.34,15,2026-02-13,Ahmedabad,Debit Card,COMPLETED
104718,C1124,Webcam,Electronics,2,4735.05,5,2026-07-20,Pune,UPI,COMPLETED
104719,C1530,Power Bank,Electronics,5,2398.08,0,2026-06-18,Chennai,Debit Card,PENDING
104720,C1119,Backpack,Accessories,6,2584.47,15,2026-07-11,Jaipur,COD,COMPLETED
104721,C1579,Mouse,Electronics,6,759.01,15,2026-06-05,Kochi,Credit Card,COMPLETED
104722,C1087,Smartwatch,Electronics,1,9386.44,0,2026-05-25,Mumbai,COD,PENDING
104723,C1932,Desk Lamp,Furniture,3,1601.81,0,2026-02-26,Hyderabad,UPI,COMPLETED
104724,C1221,Router,Electronics,3,3385.63,5,2026-04-08,Kochi,UPI,COMPLETED
100237,C1923,Desk Lamp,Furniture,3,1764.41,10,2026-01-22,Kolkata,UPI,COMPLETED
104726,C1461,Desk,Furniture,1,-500,10,2026-09-17,Hyderabad,Debit Card,SHIPPED
104727,C1633,Router,Electronics,5,3641.94,5,31/31/2026,Pune,COD,COMPLETED
104728,C1556,Keyboard,Electronics,6,2531.85,5,2026-04-06,Kochi,UPI,COMPLETED
104729,C1677,Smartphone,Electronics,4,39062.61,0,2026-02-22,Chennai,Debit Card,COMPLETED
104730,C1710,Smartwatch,Electronics,1,10339.59,0,2026-04-08,Mumbai,UPI,PENDING
104731,C1670,Laptop,Electronics,1,52770.73,0,2026-09-22,Pune,Credit Card,COMPLETED
104732,C1104,SSD 1TB,Electronics,4,7690.52,10,2026-03-29,Delhi,Debit Card,COMPLETED
104733,C1556,Office Chair,Furniture,6,13702.25,15,2026-03-06,Mumbai,Debit Card,SHIPPED
104734,C1178,Smartphone,Electronics,4,38503.12,15,2026-05-05,Mumbai,UPI,COMPLETED
104735,C1320,Laptop Stand,Accessories,3,1615.82,10,2026-08-06,Jaipur,UPI,SHIPPED
104736,C1485,Smartphone,Electronics,1,33014.84,0,2026-04-12,Kochi,COD,SHIPPED
104737,C1655,Tablet,Electronics,6,27119.17,5,2026-06-04,Kolkata,COD,CANCELLED
104738,C1897,Printer,Electronics,4,15525.68,0,2026-01-21,Jaipur,Debit Card,COMPLETED
104739,C1812,Desk,Furniture,6,15579.5,0,2026-04-22,Kolkata,Debit Card,COMPLETED
104740,C1019,Desk Lamp,Furniture,6,1774.21,0,2026-05-26,Jaipur,Credit Card,COMPLETED
104741,C1283,Headphones,Electronics,4,2861.72,0,2026-08-12,Ahmedabad,COD,CANCELLED
104742,C1212,Smartwatch,Electronics,-5,8960.57,20,2026-08-11,Delhi,COD,PENDING
104743,,Headphones,Electronics,2,3050.0,0,2026-03-28,Ahmedabad,COD,COMPLETED
104744,C1929,Smartphone,Electronics,6,31762.89,15,2026-03-27,Jaipur,COD,CANCELLED
104745,C1436,Router,Electronics,1,3178.98,15,2026-01-21,Hyderabad,Credit Card,CANCELLED
104746,C1897,Laptop Stand,Accessories,3,2018.05,5,2026-04-29,Bengaluru,COD,PENDING
104747,C1616,SSD 1TB,Electronics,5,6444.06,20,2026-02-11,Chennai,COD,PENDING
104748,C1191,Keyboard,Electronics,6,2268.38,0,2026-06-09,Jaipur,UPI,COMPLETED
104749,C1007,Printer,Electronics,6,11913.85,5,2026-07-11,Kolkata,COD,PENDING
104750,C1940,Desk,Furniture,5,16825.78,10,2026-07-24,Delhi,Debit Card,SHIPPED
104751,C1386,Router,Electronics,4,3396.18,5,2026-03-06,Bengaluru,Credit Card,PENDING
104752,C1956,Laptop,Electronics,3,67415.15,0,2026-02-07,Kochi,Debit Card,PENDING
104753,C1286,SSD 1TB,Electronics,3,7521.33,0,2026-07-09,Kochi,Debit Card,COMPLETED
104754,C1103,Webcam,Electronics,2,4780.78,15,2026-06-17,Kochi,UPI,COMPLETED
104755,C1301,Monitor,Electronics,5,14610.62,15,2026-07-01,Bengaluru,UPI,COMPLETED
104756,C1610,Tablet,Electronics,4,26392.43,0,2026-04-28,Chennai,Credit Card,SHIPPED
104757,C1774,SSD 1TB,Electronics,6,7221.35,20,2026-06-21,Kolkata,Debit Card,COMPLETED
104758,C1503,Laptop Stand,Accessories,4,2006.77,0,2026-03-14,Delhi,Debit Card,COMPLETED
104759,C1429,Printer,Electronics,5,15204.75,5,2026-01-21,Delhi,Credit Card,COMPLETED
104760,C1648,Mechanical Keyboard,Electronics,1,5797.86,0,2026-08-14,Bengaluru,COD,PENDING
104761,C1669,Smartwatch,Electronics,2,8603.92,20,2026-06-07,Jaipur,Debit Card,COMPLETED
104762,C1977,Monitor,Electronics,1,16814.21,5,2026-06-12,Kochi,Net Banking,COMPLETED
104763,C1775,Printer,Electronics,2,12195.39,0,2026-04-16,Delhi,UPI,COMPLETED
104764,C1547,Router,Electronics,4,2875.49,0,2026-01-28,Chennai,Debit Card,PENDING
104765,C1909,Office Chair,Furniture,6,13189.89,0,2026-05-01,Ahmedabad,UPI,PENDING
104766,C1820,Laptop,Electronics,2,63689.72,0,2026-07-10,Bengaluru,UPI,COMPLETED
104767,C1132,Keyboard,Electronics,5,2239.8,0,2026-05-10,Kolkata,COD,COMPLETED
104768,C1458,Mouse,Electronics,2,804.27,5,2026-02-02,Chennai,COD,SHIPPED
104769,C1545,Backpack,Accessories,6,2719.41,0,2026-15-45,Bengaluru,Debit Card,PENDING
104770,C1621,Smartwatch,Electronics,4,9977.07,20,2026-01-06,Delhi,Credit Card,COMPLETED
104771,C1286,Webcam,Electronics,6,-1200,5,2026-05-11,Delhi,Credit Card,COMPLETED
104772,C1312,USB Cable,Accessories,1,431.51,0,2026-02-03,Kolkata,UPI,COMPLETED
104773,C1863,Smartphone,Electronics,1,30439.18,15,2026-05-30,Bengaluru,Credit Card,COMPLETED
104774,C1240,Power Bank,Electronics,3,2090.41,15,2026-08-22,Kochi,Debit Card,COMPLETED
104775,C1048,Printer,Electronics,2,14775.46,0,2026-04-29,Kochi,Debit Card,SHIPPED
104776,C1773,Backpack,Accessories,2,2617.7,5,2026-07-13,Bengaluru,COD,PENDING
104764,C1547,Router,Electronics,4,2875.49,0,2026-01-28,Chennai,Debit Card,PENDING
104778,,Backpack,Accessories,3,2773.58,0,2026-09-14,Jaipur,Net Banking,CANCELLED
104779,C1078,USB Cable,Accessories,2,515.97,0,2026-09-30,Kochi,Credit Card,PENDING
104780,C1467,Headphones,Electronics,1,2799.96,5,2026-04-26,Kolkata,Debit Card,COMPLETED
104781,C1119,Smartwatch,Electronics,3,8511.53,15,2026-09-14,Chennai,COD,COMPLETED
104782,C1660,Backpack,Accessories,6,2292.51,0,2026-10-03,Ahmedabad,UPI,SHIPPED
104783,C1984,Smartwatch,Electronics,6,8737.4,0,2026-15-45,Delhi,UPI,COMPLETED
104784,C1897,,Electronics,3,14041.99,10,2026-04-09,Kochi,UPI,PENDING
104785,C1652,Power Bank,Electronics,2,,15,2026-03-13,Kolkata,Debit Card,COMPLETED
104786,C1847,Desk,Furniture,5,16332.55,0,2026-04-04,Jaipur,UPI,CANCELLED
104787,C1577,Power Bank,Electronics,3,1890.52,5,2026-04-27,Ahmedabad,Debit Card,SHIPPED
104788,C1917,Backpack,Accessories,1,2230.2,0,2026-08-28,Bengaluru,Debit Card,COMPLETED
104789,,Mechanical Keyboard,Electronics,6,6069.25,0,2026-06-27,Pune,Debit Card,CANCELLED
104790,C1344,Laptop Stand,Accessories,6,1702.59,0,2026-01-19,Jaipur,COD,CANCELLED
104791,C1607,Tablet,Electronics,4,27731.07,10,2026-09-27,Ahmedabad,COD,COMPLETED
104792,C1659,USB Cable,Accessories,1,539.34,0,2026-01-20,Jaipur,Credit Card,CANCELLED
104793,C1682,Laptop,Electronics,3,51389.95,20,2026-06-08,Jaipur,UPI,COMPLETED
104794,C1801,Headphones,Electronics,3,,15,2026-08-16,Pune,Net Banking,PENDING
104795,C1709,Laptop,Electronics,3,52706.01,0,2026-06-09,Ahmedabad,Net Banking,SHIPPED
104796,C1495,Keyboard,Electronics,5,2438.83,0,2026-03-18,Chennai,Credit Card,COMPLETED
104797,C1307,Printer,Electronics,1,14821.96,10,2026-08-01,Jaipur,UPI,COMPLETED
104798,C1824,Laptop,Electronics,1,60037.45,5,2026-01-08,Delhi,Credit Card,COMPLETED
104799,,Backpack,Accessories,1,2644.7,15,2026-05-31,Delhi,UPI,SHIPPED
104800,C1250,USB Cable,Accessories,3,551.02,15,2026-08-05,Ahmedabad,COD,PENDING
104801,C1895,Printer,Electronics,6,15647.0,10,2026-01-31,Delhi,UPI,COMPLETED
104802,C1817,Laptop Stand,Accessories,5,2060.61,20,2026-08-26,Jaipur,COD,PENDING
104803,C1899,Router,Electronics,5,3270.48,0,2026-07-26,Kochi,Credit Card,COMPLETED
104804,C1478,Laptop,Electronics,3,66391.32,0,2026-02-23,Delhi,UPI,COMPLETED
104805,C1523,Tablet,Electronics,3,25858.51,0,2026-02-12,Hyderabad,Debit Card,CANCELLED
104806,C1388,SSD 1TB,Electronics,1,7021.22,0,2026-03-27,Jaipur,Debit Card,PENDING
104807,C1082,Printer,Electronics,1,11990.61,0,2026-05-04,Jaipur,Debit Card,COMPLETED
104808,C1746,USB Cable,Accessories,3,558.24,20,2026-08-29,Hyderabad,UPI,CANCELLED
104809,C1338,Webcam,Electronics,4,4011.4,0,2026-03-21,Delhi,UPI,COMPLETED
104810,C1841,Power Bank,Electronics,3,1942.09,0,2026-02-28,Kochi,UPI,CANCELLED
104811,C1140,Laptop,Electronics,4,51208.45,0,2026-05-07,Chennai,COD,COMPLETED
104812,C1054,Mouse,Electronics,3,889.07,0,2026-02-08,Hyderabad,Debit Card,COMPLETED
104813,C1662,Tablet,Electronics,4,29293.48,110,2026-07-07,Delhi,COD,COMPLETED
104814,C1685,USB Cable,Accessories,3,541.24,0,2026-03-05,Chennai,UPI,CANCELLED
104815,C1320,Desk Lamp,Furniture,5,1703.4,0,2026-05-19,Mumbai,Net Banking,CANCELLED
104816,C1087,Mechanical Keyboard,Electronics,3,7184.49,0,2026-06-11,Delhi,Net Banking,COMPLETED
104817,C1548,USB Cable,Accessories,4,504.5,15,2026-07-08,Kolkata,COD,COMPLETED
104818,C1276,Desk Lamp,Furniture,5,1752.17,15,2026-06-09,Kolkata,Credit Card,COMPLETED
104819,,Webcam,Electronics,3,4574.47,10,2026-04-28,Pune,COD,COMPLETED
104820,C1710,Webcam,Electronics,6,4819.69,15,2026-06-20,Mumbai,COD,PENDING
104821,C1030,Power Bank,Electronics,1,2481.2,5,2026-06-11,Kolkata,Net Banking,CANCELLED
104822,C1681,Router,Electronics,1,3282.47,15,2026-08-19,Delhi,Debit Card,COMPLETED
104823,C1807,Desk,Furniture,2,17233.89,0,2026-08-31,Jaipur,Net Banking,SHIPPED
104824,C1259,Desk,Furniture,3,18353.67,0,2026-05-06,Kolkata,Debit Card,SHIPPED
104825,C1289,Mouse,Electronics,1,784.34,5,2026-09-30,Ahmedabad,Credit Card,SHIPPED
104826,C1304,Mechanical Keyboard,Electronics,4,5770.52,15,2026-08-23,Pune,Debit Card,COMPLETED
104827,C1508,Backpack,Accessories,5,2295.9,20,2026-06-30,Hyderabad,Net Banking,COMPLETED
104828,,Monitor,Electronics,2,13295.78,20,2026-05-11,Kolkata,Net Banking,COMPLETED
104829,C1880,SSD 1TB,Electronics,3,7650.63,0,2026-04-12,Kochi,Net Banking,COMPLETED
104830,C1094,Tablet,Electronics,1,28617.44,10,2026-04-24,Mumbai,Debit Card,SHIPPED
104831,C1031,Backpack,Accessories,5,2232.49,0,2026-07-04,Bengaluru,Net Banking,COMPLETED
104832,C1206,Monitor,Electronics,6,14524.09,0,2026-04-22,Mumbai,Debit Card,COMPLETED
104833,C1664,Laptop Stand,Accessories,6,1897.41,15,2026-06-02,Delhi,COD,PENDING
104834,C1956,Router,Electronics,3,3629.83,0,2026-08-24,Ahmedabad,COD,COMPLETED
104835,C1159,Laptop Stand,Accessories,4,1579.03,20,2026-09-13,Kochi,Debit Card,PENDING
104836,C1424,Office Chair,Furniture,3,13535.24,0,2026-07-01,Kochi,Debit Card,SHIPPED
104837,C1750,Router,Electronics,1,2886.37,15,2026-04-09,Bengaluru,Net Banking,CANCELLED
104838,C1895,Desk,Furniture,6,19230.55,15,2026-03-15,Jaipur,UPI,PENDING
104839,C1234,USB Cable,Accessories,2,564.77,0,2026-01-13,Mumbai,Credit Card,PENDING
104840,C1988,Webcam,Electronics,4,4989.37,0,2026-09-01,Chennai,UPI,SHIPPED
104841,C1418,Office Chair,Furniture,6,10309.44,15,2026-05-22,Kolkata,Debit Card,CANCELLED
104842,C1945,Smartphone,Electronics,3,36719.69,0,2026-02-11,Mumbai,COD,SHIPPED
104843,C1236,Router,Electronics,1,3638.72,0,2026-06-29,Kolkata,Credit Card,CANCELLED
104844,C1890,USB Cable,Accessories,5,532.77,0,2026-01-20,Jaipur,Debit Card,CANCELLED
101233,C1026,Desk Lamp,Furniture,2,1397.21,0,2026-09-30,Bengaluru,COD,SHIPPED
104846,C1502,Printer,Electronics,3,12666.75,10,2026-04-18,Pune,Debit Card,COMPLETED
104847,C1932,Laptop Stand,Accessories,6,2067.18,5,2026-04-10,Mumbai,Net Banking,PENDING
104848,C1986,Webcam,Electronics,5,4389.61,15,2026-04-06,Bengaluru,Debit Card,COMPLETED
104849,C1042,Laptop,Electronics,2,57828.4,5,2026-08-14,Mumbai,UPI,COMPLETED
104850,C1198,Office Chair,Furniture,6,12078.93,10,2026-07-15,Pune,Credit Card,SHIPPED
104851,C1069,SSD 1TB,Electronics,3,6950.45,0,31/31/2026,Pune,Credit Card,COMPLETED
104852,C1573,Smartwatch,Electronics,5,8175.27,10,2026-08-21,Delhi,UPI,CANCELLED
104853,C1829,Smartwatch,Electronics,3,7789.7,10,2026-04-18,Delhi,Net Banking,SHIPPED
104854,C1870,Laptop Stand,Accessories,1,2060.5,10,2026-09-01,Delhi,Debit Card,COMPLETED
104855,C1759,Desk,Furniture,5,17135.38,20,2026-03-23,Jaipur,Debit Card,PENDING
104856,C1654,Laptop,Electronics,5,53688.8,10,2026-01-10,Kolkata,COD,COMPLETED
104857,C1483,USB Cable,Accessories,2,429.13,15,2026-09-02,Bengaluru,Credit Card,COMPLETED
104858,,Smartwatch,Electronics,3,8587.36,0,2026-06-15,Kochi,Net Banking,COMPLETED
104859,C1134,Laptop Stand,Accessories,2,1570.71,0,2026-09-22,Jaipur,Debit Card,COMPLETED
104860,C1471,SSD 1TB,Electronics,4,7608.08,0,2026-04-12,Mumbai,Credit Card,COMPLETED
104861,C1838,Mechanical Keyboard,Electronics,5,6574.94,20,2026-08-11,Kolkata,COD,COMPLETED
104862,C1961,Keyboard,Electronics,4,2377.17,0,2026-05-24,Bengaluru,Credit Card,COMPLETED
104863,C1048,Backpack,Accessories,5,2593.96,5,2026-09-10,Pune,COD,CANCELLED
104864,C1800,Printer,Electronics,3,13330.84,10,2026-06-23,Kolkata,COD,COMPLETED
104865,C1588,Monitor,Electronics,3,14258.66,0,2026-08-13,Mumbai,Credit Card,SHIPPED
104866,C1422,Desk Lamp,Furniture,3,1685.03,0,2026-08-17,Mumbai,COD,SHIPPED
104867,C1978,Power Bank,Electronics,1,2226.52,0,2026-05-28,Mumbai,UPI,COMPLETED
104868,C1812,Laptop Stand,Accessories,6,1828.86,20,2026-06-15,Kolkata,Debit Card,SHIPPED
104869,C1149,Monitor,Electronics,0,16695.34,0,2026-04-10,Hyderabad,COD,COMPLETED
104870,C1878,Smartwatch,Electronics,3,7937.87,20,2026-07-13,Jaipur,Debit Card,COMPLETED
104871,C1452,Mechanical Keyboard,Electronics,6,6616.5,15,2026-08-03,Kochi,COD,CANCELLED
104872,C1853,SSD 1TB,Electronics,5,6610.8,0,2026-02-08,Bengaluru,UPI,SHIPPED
104873,C1661,Tablet,Electronics,4,29185.29,5,2026-05-29,Bengaluru,COD,SHIPPED
104874,C1639,Laptop Stand,Accessories,6,1842.69,10,2026-06-12,Delhi,Net Banking,SHIPPED
104875,C1053,Keyboard,Electronics,2,2334.05,0,2026-02-26,Chennai,Debit Card,COMPLETED
104876,C1692,Desk Lamp,Furniture,5,1839.2,0,2026-05-07,Jaipur,COD,COMPLETED
104877,C1276,Backpack,Accessories,1,2344.54,5,2026-04-13,Chennai,Debit Card,COMPLETED
104878,C1821,Router,Electronics,4,3078.34,20,2026-04-02,Chennai,COD,COMPLETED
104879,C1775,Mouse,Electronics,2,840.38,15,2026-03-23,Jaipur,Credit Card,COMPLETED
104880,C1794,Printer,Electronics,1,12492.13,5,2026-09-05,Mumbai,UPI,COMPLETED
104881,C1873,Laptop Stand,Accessories,1,1544.51,20,2026-06-24,Jaipur,COD,PENDING
104882,C1357,Smartwatch,Electronics,1,8642.01,0,2026-06-06,Mumbai,Debit Card,SHIPPED
104883,C1389,Laptop,Electronics,1,61446.01,20,2026-01-01,Pune,Net Banking,PENDING
104884,C1217,Tablet,Electronics,6,28888.29,15,2026-04-16,Kolkata,Credit Card,COMPLETED
104885,C1074,Laptop Stand,Accessories,6,1749.06,15,2026-04-07,Mumbai,COD,PENDING
104886,C1330,Tablet,Electronics,6,31664.17,110,2026-08-16,Jaipur,UPI,CANCELLED
104887,,Mouse,Electronics,4,690.55,5,2026-05-20,Chennai,UPI,COMPLETED
104888,C1806,Laptop Stand,Accessories,2,2000.81,0,2026-01-27,Hyderabad,COD,COMPLETED
104889,C1747,Printer,Electronics,3,15645.3,0,2026-04-11,Chennai,COD,SHIPPED
104890,C1084,Smartphone,Electronics,-1,35039.21,15,2026-08-23,Chennai,Credit Card,COMPLETED
104891,C1928,SSD 1TB,Electronics,4,7436.53,20,2026-06-04,Kolkata,Debit Card,COMPLETED
104892,C1995,SSD 1TB,Electronics,5,6867.97,0,2026-09-26,Mumbai,Debit Card,PENDING
104893,C1741,Printer,Electronics,3,12181.69,0,2026-09-08,Ahmedabad,Debit Card,COMPLETED
104894,C1642,Keyboard,Electronics,3,2206.62,15,2026-09-15,Ahmedabad,Net Banking,COMPLETED
104895,C1428,Webcam,Electronics,6,4173.62,10,2026-03-30,Bengaluru,Credit Card,COMPLETED
104896,C1209,Laptop Stand,Accessories,5,1999.54,20,2026-09-26,Mumbai,UPI,COMPLETED
104897,C1576,Laptop,Electronics,1,59298.47,20,2026-03-04,Delhi,Credit Card,CANCELLED
104898,C1712,Laptop,Electronics,3,63930.74,10,2026-05-13,Pune,Net Banking,SHIPPED
104899,C1945,Printer,Electronics,1,13426.19,20,2026-05-17,Bengaluru,Net Banking,CANCELLED
104900,C1712,Smartphone,Electronics,4,29824.2,0,2026-08-02,Ahmedabad,COD,COMPLETED
104901,,Keyboard,Electronics,1,2426.4,20,2026-06-08,Pune,Net Banking,CANCELLED
104902,C1410,Printer,Electronics,6,15873.66,20,2026-07-24,Pune,Net Banking,CANCELLED
104903,C1443,Smartphone,Electronics,4,38793.94,5,2026-07-21,Kolkata,COD,COMPLETED
104904,C1128,Laptop,Electronics,5,63081.86,0,2026-03-13,Kochi,Net Banking,COMPLETED
104905,C1337,Power Bank,Electronics,2,1916.6,0,2026-02-01,Hyderabad,COD,PENDING
104906,C1550,Router,Electronics,4,3228.05,10,2026-09-14,Jaipur,Credit Card,SHIPPED
104907,C1369,Desk,Furniture,6,16789.72,0,2026-01-03,Chennai,UPI,CANCELLED
104908,,Mechanical Keyboard,Electronics,3,6875.07,5,2026-03-29,Kochi,COD,SHIPPED
104909,C1802,Laptop Stand,Accessories,6,1814.14,20,2026-05-22,Kolkata,UPI,SHIPPED
104910,C1819,Printer,Electronics,2,13182.22,20,2026-08-10,Delhi,COD,COMPLETED
104911,C1251,Headphones,Electronics,1,2781.25,0,2026-04-10,Bengaluru,COD,CANCELLED
104912,C1194,Smartwatch,Electronics,2,8302.9,0,2026-02-10,Bengaluru,UPI,PENDING
104913,C1269,Laptop,Electronics,4,57365.55,10,2026-09-30,Pune,Debit Card,PENDING
104914,C1510,Power Bank,Electronics,3,1958.06,0,2026-07-02,Mumbai,COD,SHIPPED
104915,C1106,Power Bank,Electronics,1,2052.48,5,2026-08-23,Hyderabad,Debit Card,SHIPPED
104916,C1724,Router,Electronics,2,3024.69,5,2026-04-13,Ahmedabad,Net Banking,CANCELLED
104917,C1947,Keyboard,Electronics,6,2306.15,0,2026-07-23,Chennai,COD,SHIPPED
104918,C1996,Laptop Stand,Accessories,6,2062.98,20,2026-07-01,Ahmedabad,Net Banking,CANCELLED
104919,C1256,Keyboard,Electronics,4,2614.99,0,2026-06-17,Chennai,UPI,CANCELLED
104920,C1125,Desk Lamp,Furniture,5,1719.99,0,2026-08-10,Mumbai,Debit Card,SHIPPED
104921,C1956,Desk Lamp,Furniture,3,1664.23,5,2026-03-28,Kochi,Credit Card,SHIPPED
104922,C1820,Mechanical Keyboard,Electronics,3,5792.91,10,2026-07-05,Bengaluru,Net Banking,PENDING
104923,C1468,Webcam,Electronics,4,4474.87,15,2026-01-25,Bengaluru,UPI,COMPLETED
104924,C1670,Printer,Electronics,1,14448.21,0,2026-06-10,Mumbai,UPI,COMPLETED
104925,,Backpack,Accessories,2,2200.64,0,2026-03-05,Pune,UPI,PENDING
104926,C1042,Office Chair,Furniture,3,12831.63,5,2026-03-29,Hyderabad,Debit Card,SHIPPED
104927,C1705,Headphones,Electronics,2,2582.09,5,2026-06-22,Chennai,Net Banking,COMPLETED
104928,C1647,Laptop Stand,Accessories,5,1644.55,15,2026-06-30,Kolkata,COD,COMPLETED
104929,C1294,Webcam,Electronics,6,4002.49,0,2026-06-15,Delhi,COD,COMPLETED
104930,,Office Chair,Furniture,1,11046.06,15,2026-09-11,Pune,Debit Card,PENDING
104931,C1774,Router,Electronics,3,2782.92,0,2026-03-23,Kolkata,Credit Card,COMPLETED
104932,,Desk,Furniture,2,19366.33,0,2026-01-26,Jaipur,Debit Card,COMPLETED
104933,C1014,Desk Lamp,Furniture,2,1714.0,0,2026-04-05,Ahmedabad,UPI,PENDING
104934,C1655,Smartwatch,Electronics,5,9786.29,0,2026-03-13,Hyderabad,Debit Card,COMPLETED
104935,C1309,Webcam,Electronics,1,3857.47,10,2026-01-07,Jaipur,Net Banking,COMPLETED
104936,C1685,Mechanical Keyboard,Electronics,2,5984.44,0,2026-05-04,Mumbai,Net Banking,SHIPPED
104937,C1644,Laptop Stand,Accessories,4,1765.53,0,2026-05-12,Jaipur,Net Banking,COMPLETED
104938,C1448,USB Cable,Accessories,4,478.55,0,2026-06-22,Pune,Debit Card,PENDING
104939,C1948,Monitor,Electronics,3,14856.69,0,2026-04-03,Chennai,Net Banking,SHIPPED
104940,C1108,Power Bank,Electronics,6,2033.06,0,2026-03-07,Kochi,Debit Card,COMPLETED
104941,C1473,Mouse,Electronics,2,910.81,0,2026-01-31,Bengaluru,Credit Card,COMPLETED
104942,C1850,Laptop Stand,Accessories,6,1664.76,0,2026-08-12,Mumbai,Net Banking,PENDING
104943,C1875,Mechanical Keyboard,Electronics,5,6780.87,0,2026-09-16,Mumbai,Debit Card,SHIPPED
104944,C1484,Webcam,Electronics,2,4776.56,20,2026-02-05,Mumbai,COD,PENDING
104945,C1885,Mouse,Electronics,2,787.98,0,2026-02-26,Mumbai,Net Banking,COMPLETED
104946,C1613,Laptop Stand,Accessories,5,1906.28,0,2026-06-11,Jaipur,UPI,COMPLETED
104947,C1821,Headphones,Electronics,1,3260.79,0,2026-08-04,Mumbai,Credit Card,COMPLETED
104948,C1853,Smartphone,Electronics,6,37327.27,0,2026-02-15,Kolkata,UPI,CANCELLED
104949,C1282,Office Chair,Furniture,2,11617.95,0,2026-07-20,Hyderabad,Debit Card,COMPLETED
104950,C1215,Headphones,Electronics,6,3250.32,20,2026-08-03,Kochi,UPI,COMPLETED
104951,C1150,Headphones,Electronics,6,3234.13,15,2026-01-04,Kolkata,Net Banking,CANCELLED
104952,C1153,Headphones,Electronics,4,2908.18,10,2026-05-03,Pune,Credit Card,SHIPPED
104953,C1520,Mouse,Electronics,6,801.75,5,2026-06-13,Jaipur,UPI,COMPLETED
104954,,Webcam,Electronics,2,4554.55,0,2026-04-22,Kolkata,UPI,COMPLETED
104955,C1602,Mouse,Electronics,1,839.74,0,2026-03-13,Pune,COD,CANCELLED
104956,C1881,Tablet,Electronics,6,31841.66,5,2026-06-19,Hyderabad,Net Banking,COMPLETED
104957,C1564,Tablet,Electronics,1,27827.25,10,2026-06-08,Jaipur,UPI,COMPLETED
104958,C1296,Office Chair,Furniture,4,12495.8,0,2026-04-05,Hyderabad,Net Banking,COMPLETED
104959,C1664,Tablet,Electronics,5,26194.38,20,2026-02-03,Pune,Debit Card,CANCELLED
104960,,Webcam,Electronics,3,3988.47,0,2026-09-11,Delhi,Debit Card,COMPLETED
104961,C1837,Router,Electronics,3,2823.9,15,2026-09-13,Chennai,COD,CANCELLED
104962,C1395,SSD 1TB,Electronics,6,7665.73,0,2026-07-29,Pune,Net Banking,COMPLETED
104963,C1042,Laptop Stand,Accessories,6,1648.22,15,2026-06-11,Mumbai,Credit Card,PENDING
104964,C1863,Smartphone,Electronics,6,32606.5,0,2026-03-13,Bengaluru,UPI,PENDING
104965,C1163,Headphones,Electronics,2,2843.46,15,2026-05-16,Pune,Debit Card,SHIPPED
104966,C1939,Smartwatch,Electronics,6,8644.32,15,2026-04-12,Jaipur,Credit Card,COMPLETED
104967,C1496,Smartphone,Electronics,4,30223.28,0,2026-05-26,Mumbai,Net Banking,COMPLETED
104968,C1219,Mouse,Electronics,2,828.52,5,2026-01-24,Ahmedabad,UPI,COMPLETED
104969,C1809,Printer,Electronics,2,12651.54,10,2026-03-15,Bengaluru,UPI,PENDING
104970,C1797,Webcam,Electronics,3,4686.81,0,2026-06-09,Delhi,COD,COMPLETED
104971,C1170,Desk Lamp,Furniture,6,1537.25,0,2026-06-06,Kochi,Net Banking,COMPLETED
104972,C1570,Office Chair,Furniture,1,11859.12,5,2026-06-18,Delhi,COD,COMPLETED
104973,C1943,Mechanical Keyboard,Electronics,4,6575.07,0,2026-05-31,Jaipur,Net Banking,SHIPPED
104974,C1703,Desk Lamp,Furniture,1,1384.14,5,2026-09-16,Mumbai,Debit Card,COMPLETED
104975,C1408,Tablet,Electronics,4,26969.2,0,2026-04-24,Chennai,UPI,CANCELLED
104976,C1990,Smartwatch,Electronics,6,8485.1,10,2026-07-29,Ahmedabad,Credit Card,CANCELLED
104977,C1761,SSD 1TB,Electronics,6,5984.44,0,2026-06-21,Kochi,Credit Card,COMPLETED
104978,C1806,Tablet,Electronics,2,28595.26,20,2026-04-05,Chennai,Net Banking,PENDING
104979,C1768,USB Cable,Accessories,2,546.08,20,2026-03-15,Pune,Net Banking,CANCELLED
104980,C1834,Headphones,Electronics,4,2770.54,0,2026-07-31,Ahmedabad,COD,CANCELLED
104981,C1169,Printer,Electronics,1,14956.15,0,2026-08-28,Mumbai,Credit Card,CANCELLED
104982,C1696,Laptop Stand,Accessories,3,1874.54,5,2026-08-02,Chennai,UPI,COMPLETED
104983,C1361,Monitor,Electronics,-2,15447.73,15,2026-07-17,Bengaluru,COD,COMPLETED
104984,C1387,Router,Electronics,4,2882.05,20,2026-07-17,Ahmedabad,COD,SHIPPED
104985,C1965,Desk Lamp,Furniture,2,1490.48,0,2026-05-11,Kolkata,Credit Card,CANCELLED
104986,C1957,Desk Lamp,Furniture,3,1400.02,5,2026-06-15,Chennai,UPI,COMPLETED
104987,C1683,Desk,Furniture,3,15554.07,10,2026-04-27,Delhi,UPI,PENDING
104988,C1253,Mechanical Keyboard,Electronics,1,5761.54,10,2026-04-08,Hyderabad,Net Banking,SHIPPED
104989,,Keyboard,Electronics,2,2609.05,20,2026-04-15,Jaipur,Net Banking,PENDING
104990,C1992,Laptop Stand,Accessories,6,2053.66,-10,2026-01-02,Bengaluru,Credit Card,COMPLETED
104991,C1952,Laptop,Electronics,1,57940.0,0,2026-09-14,Pune,Credit Card,COMPLETED
104992,C1006,USB Cable,Accessories,2,511.99,0,2026-03-19,Delhi,UPI,COMPLETED
104993,C1248,Smartphone,Electronics,6,37728.53,0,2026-02-04,Hyderabad,UPI,PENDING
104994,C1566,Headphones,Electronics,1,2701.17,0,2026-04-04,Delhi,UPI,PENDING
104995,C1609,Tablet,Electronics,4,25373.3,20,2026-15-45,Mumbai,COD,COMPLETED
104996,C1618,Laptop,Electronics,2,52758.3,20,2026-08-22,Jaipur,Debit Card,SHIPPED
104997,C1925,Smartwatch,Electronics,6,9511.0,0,2026-01-03,Bengaluru,COD,CANCELLED
104998,C1769,Keyboard,Electronics,4,2407.16,0,2026-04-19,Mumbai,Debit Card,COMPLETED
104999,,Laptop Stand,Accessories,3,2065.24,20,2026-09-19,Jaipur,UPI,COMPLETED
105000,C1935,Keyboard,Electronics,3,2338.51,5,2026-06-05,Chennai,COD,COMPLETED
